formula_norm,source,n,med,lo,hi,sd,range
Ag6Te4W3O20,MP,1,2.4678,2.4678,2.4678,,0.0
Al2Fe2Bi2O9,MP,2,2.3857,2.32,2.4514,0.09291383104791248,0.13140000000000018
Al2Fe3(BiO4)3,MP,1,1.781699999999999,1.781699999999999,1.781699999999999,,0.0
Al2Ga2Bi2O9,MP,2,2.85325,2.7318,2.9747,0.17175623715021232,0.24290000000000012
Al2Sb2PbO7,OQMD,1,2.857,2.857,2.857,,0.0
Al3Bi(BO3)4,JARVIS,1,4.165,4.165,4.165,,0.0
Al7Cr(Bi2O9)2,MP,1,2.5541,2.5541,2.5541,,0.0
AlBi(PbO3)2,OQMD,1,0.585,0.585,0.585,,0.0
AlBiO3,OQMD,14,2.6250000000000004,0.7740000000000009,3.251999999999999,0.7290401072794129,2.477999999999998
AlFe(BiO3)2,OQMD,1,2.208,2.208,2.208,,0.0
Ba(GeO2)3,OQMD,1,0.254,0.254,0.254,,0.0
Ba10Nb3Bi7O30,MP,1,0.8441000000000001,0.8441000000000001,0.8441000000000001,,0.0
Ba2AcRuO6,OQMD,2,0.44900000000000007,0.44899999999999984,0.4490000000000003,3.1401849173675503e-16,4.440892098500626e-16
Ba2AcSbO6,OQMD,1,3.965,3.965,3.965,,0.0
Ba2AgMoO6,OQMD,1,0.636,0.636,0.636,,0.0
Ba2AgSbO6,OQMD,1,0.601,0.601,0.601,,0.0
Ba2AgWO6,OQMD,1,2.2,2.2,2.2,,0.0
Ba2AlAsO6,OQMD,2,0.49700000000000005,0.495,0.4990000000000001,0.002828427124746271,0.004000000000000115
Ba2AlBiO6,OQMD,5,0.24800000000000022,0.246,1.1,0.4400827194971418,0.8540000000000001
Ba2AlBrO6,OQMD,2,1.243,1.2400000000000002,1.246,0.004242640687119132,0.005999999999999783
Ba2AlMoO6,OQMD,1,0.313,0.313,0.313,,0.0
Ba2AlOsO6,OQMD,1,0.787,0.787,0.787,,0.0
Ba2AlReO6,OQMD,1,0.247,0.247,0.247,,0.0
Ba2AlRuO6,OQMD,1,0.738,0.738,0.738,,0.0
Ba2AlSbO6,OQMD,11,1.481,1.476,2.773,0.48235899494049034,1.2970000000000002
Ba2AlTcO6,OQMD,1,0.344,0.344,0.344,,0.0
Ba2AlVO6,OQMD,2,1.5485,1.548,1.549,0.0007071067811864697,0.0009999999999998899
Ba2BIrO6,OQMD,1,0.254,0.254,0.254,,0.0
Ba2BSbO6,OQMD,1,2.845,2.845,2.845,,0.0
Ba2BeMoO6,OQMD,2,1.9374999999999998,1.851,2.0239999999999996,0.12232947314527244,0.1729999999999996
Ba2BeTeO6,OQMD,3,1.1139999999999999,1.1130000000000004,2.23,0.6446117694654149,1.1169999999999995
Ba2BeWO6,OQMD,3,2.843,2.5029999999999997,2.856,0.2001574380331645,0.3530000000000002
Ba2BiAsO6,OQMD,10,1.721,1.597,2.954,0.40094955349076583,1.3570000000000002
Ba2BiBrO6,OQMD,5,0.243,0.242,1.458,0.6317378411968053,1.216
Ba2BiIrO6,AFLOW,1,0.4357,0.4357,0.4357,,0.0
Ba2BiOsO6,OQMD,13,0.593999999999999,0.39400000000000013,0.792,0.14050139154343266,0.3979999999999999
Ba2BiPO6,OQMD,1,2.722,2.722,2.722,,0.0
Ba2BiPtO6,OQMD,1,0.746999999999999,0.746999999999999,0.746999999999999,,0.0
Ba2BiRuO6,OQMD,12,0.372,0.247,0.49599999999999955,0.10522141157837327,0.24899999999999956
Ba2BiSbO6,AFLOW,2,1.7088,1.6409,1.7767,0.09602510088513301,0.13579999999999992
Ba2BiSbO6,JARVIS,3,2.03,1.652,2.078,0.2333323809504373,0.42599999999999993
Ba2BiSbO6,MP,5,1.6958000000000002,0.31969999999999904,1.774599999999999,0.6232256196595262,1.4549
Ba2BiSbO6,OQMD,16,1.8745000000000003,1.84,3.057,0.3023277953370038,1.2169999999999999
Ba2BiTeO6,OQMD,1,0.852,0.852,0.852,,0.0
Ba2BiWO6,MP,1,1.960399999999999,1.960399999999999,1.960399999999999,,0.0
Ba2CaMoO6,AFLOW,3,2.1194,2.117,2.1195,0.001415391583037509,0.0024999999999999467
Ba2CaMoO6,JARVIS,1,2.148,2.148,2.148,,0.0
Ba2CaMoO6,MP,1,2.258,2.258,2.258,,0.0
Ba2CaMoO6,OQMD,11,2.234,2.0829999999999997,2.245,0.06940146710526833,0.16200000000000037
Ba2CaTeO6,AFLOW,1,2.9961,2.9961,2.9961,,0.0
Ba2CaTeO6,JARVIS,1,3.255,3.255,3.255,,0.0
Ba2CaTeO6,MP,1,2.9976000000000003,2.9976000000000003,2.9976000000000003,,0.0
Ba2CaTeO6,OQMD,9,3.444,3.326,3.483,0.06194957626973737,0.15700000000000003
Ba2CaV2O8,OQMD,1,3.9159999999999995,3.9159999999999995,3.9159999999999995,,0.0
Ba2CaWO6,AFLOW,9,2.8571,2.8561,2.9567,0.0461163474269158,0.10060000000000002
Ba2CaWO6,JARVIS,3,0.609,0.569,0.609,0.023094010767585067,0.040000000000000036
Ba2CaWO6,MP,4,3.1887999999999996,3.183,3.2912,0.052269143223639555,0.10820000000000007
Ba2CaWO6,OQMD,10,3.0635,2.88,3.0860000000000003,0.09325091599192671,0.2060000000000004
Ba2CdGe2O7,JARVIS,1,2.807,2.807,2.807,,0.0
Ba2CdGe2O7,MP,1,2.9166,2.9166,2.9166,,0.0
Ba2CdMoO6,MP,1,2.5376000000000003,2.5376000000000003,2.5376000000000003,,0.0
Ba2CdMoO6,OQMD,13,2.281,1.7599999999999998,2.44,0.2216060549482881,0.6800000000000002
Ba2CdTeO6,OQMD,17,1.248,1.11,2.312,0.34412100300022713,1.2019999999999997
Ba2CdWO6,OQMD,8,3.2855,3.094,3.392,0.08231201526595533,0.29800000000000004
Ba2CeCrO6,OQMD,1,0.577,0.577,0.577,,0.0
Ba2CeHfO6,MP,2,2.19585,2.1719,2.2198,0.03387041481883582,0.047900000000000276
Ba2CeNbO6,OQMD,10,3.1775,3.0720000000000005,3.274,0.07370730402522313,0.2019999999999995
Ba2CeRuO6,OQMD,7,0.31400000000000006,0.29499999999999993,0.44499999999999984,0.07694091734509498,0.1499999999999999
Ba2CeSbO6,OQMD,8,4.1419999999999995,3.9500000000000006,4.232999999999999,0.1333531830462675,0.28299999999999814
Ba2CeSnO6,MP,2,2.129049999999999,2.113699999999999,2.144399999999999,0.021708178182427287,0.030700000000000394
Ba2CeTaO6,OQMD,7,3.706,3.5300000000000002,3.814,0.08462072244235827,0.2839999999999998
Ba2CeVO6,OQMD,5,1.806,1.8010000000000002,1.9550000000000005,0.06944278220232841,0.15400000000000036
Ba2CeZrO6,JARVIS,1,2.233,2.233,2.233,,0.0
Ba2CeZrO6,MP,4,2.3156,2.2585,2.5683,0.13969900977935854,0.30979999999999963
Ba2Co(AsO4)2,OQMD,1,2.8659999999999997,2.8659999999999997,2.8659999999999997,,0.0
Ba2Co(PO4)2,AFLOW,1,3.5461,3.5461,3.5461,,0.0
Ba2Co(PO4)2,MP,1,1.4643000000000002,1.4643000000000002,1.4643000000000002,,0.0
Ba2CoBiO6,OQMD,2,0.744,0.626,0.862,0.1668772003600252,0.236
Ba2CoGe2O7,AFLOW,5,2.6982,2.6977,2.7029,0.0025288337232802867,0.005199999999999871
Ba2CoGe2O7,MP,1,2.124,2.124,2.124,,0.0
Ba2CoIrO6,OQMD,1,0.377,0.377,0.377,,0.0
Ba2CoMoO6,MP,1,1.274,1.274,1.274,,0.0
Ba2CoMoO6,OQMD,8,1.0200000000000005,0.802999999999999,1.6179999999999994,0.25168844118983974,0.8150000000000004
Ba2CoPbO6,OQMD,1,0.629,0.629,0.629,,0.0
Ba2CoPdO6,OQMD,1,0.502,0.502,0.502,,0.0
Ba2CoReO6,AFLOW,1,0.2893,0.2893,0.2893,,0.0
Ba2CoReO6,MP,1,0.19819999999999902,0.19819999999999902,0.19819999999999902,,0.0
Ba2CoReO6,OQMD,6,0.255,0.249000000000001,0.382000000000001,0.06247452814280944,0.133
Ba2CoSO6,OQMD,2,0.9665000000000001,0.9010000000000002,1.032,0.09263098833543758,0.13099999999999978
Ba2CoSbO6,OQMD,6,0.4375,0.252,0.994,0.3199887498022391,0.742
Ba2CoSeO6,OQMD,3,0.381,0.3809999999999998,0.512,0.07563288526384104,0.13100000000000023
Ba2CoSi2O7,AFLOW,2,3.7458,3.7004,3.7912,0.06420529573173835,0.09079999999999977
Ba2CoSi2O7,MP,2,2.4604499999999994,1.7828,3.138099999999999,0.958341820542127,1.3552999999999988
Ba2CoTcO6,OQMD,3,0.347,0.347,0.354,0.004041451884327388,0.007000000000000006
Ba2CoTeO6,OQMD,9,1.369,1.1389999999999993,1.858,0.19517670056757414,0.7190000000000007
Ba2CoWO6,MP,1,1.8426999999999991,1.8426999999999991,1.8426999999999991,,0.0
Ba2CoWO6,OQMD,6,1.5845,1.41,2.232,0.2870844242843327,0.8220000000000003
Ba2CrAsO6,OQMD,2,0.4475,0.383,0.512,0.09121677477306463,0.129
Ba2CrBO6,OQMD,1,0.502,0.502,0.502,,0.0
Ba2CrBiO6,OQMD,11,0.62,0.248,1.223,0.32993889241384194,0.9750000000000001
Ba2CrBrO6,OQMD,3,1.2600000000000002,1.256,1.2609999999999997,0.0026457513110645825,0.004999999999999671
Ba2CrCoO6,OQMD,2,0.4499999999999999,0.3849999999999998,0.515,0.09192388155425134,0.13000000000000023
Ba2CrFeO6,OQMD,3,0.257,0.251,0.624,0.21364066404440268,0.373
Ba2CrGaO6,OQMD,5,0.376,0.251,0.977,0.300374432999881,0.726
Ba2CrGeO6,OQMD,1,0.512,0.512,0.512,,0.0
Ba2CrInO6,OQMD,4,0.5585,0.373,0.852,0.20428819512313154,0.479
Ba2CrMoO6,OQMD,1,0.796,0.796,0.796,,0.0
Ba2CrNiO6,OQMD,10,0.757,0.627,0.769,0.06591947950172072,0.14200000000000002
Ba2CrOsO6,OQMD,1,0.802,0.802,0.802,,0.0
Ba2CrRuO6,OQMD,1,0.615,0.615,0.615,,0.0
Ba2CrSO6,OQMD,2,1.4020000000000006,1.4010000000000007,1.4030000000000005,0.0014142135623729393,0.0019999999999997797
Ba2CrSbO6,OQMD,11,1.128,1.118,2.103,0.38706325534253916,0.9850000000000001
Ba2CrSnO6,OQMD,8,0.6775,0.498,0.762999999999999,0.11048262630063463,0.264999999999999
Ba2CrTeO6,OQMD,3,0.374,0.249,1.475,0.6746483034391574,1.226
Ba2CrWO6,OQMD,6,0.61,0.518999999999999,1.701,0.46110103737322783,1.182000000000001
Ba2Cu(PO4)2,AFLOW,1,1.4721,1.4721,1.4721,,0.0
Ba2Cu(PO4)2,JARVIS,1,0.344,0.344,0.344,,0.0
Ba2Cu(PO4)2,MP,1,0.258499999999999,0.258499999999999,0.258499999999999,,0.0
Ba2Cu7(AsO4)6,MP,1,0.2398,0.2398,0.2398,,0.0
Ba2CuBiO6,OQMD,1,0.73,0.73,0.73,,0.0
Ba2CuBrO6,OQMD,1,0.722,0.722,0.722,,0.0
Ba2CuGe2O7,AFLOW,2,1.5455999999999999,1.5346,1.5566,0.015556349186103982,0.02200000000000002
Ba2CuGe2O7,JARVIS,1,0.218,0.218,0.218,,0.0
Ba2CuGe2O7,MP,1,0.196299999999999,0.196299999999999,0.196299999999999,,0.0
Ba2CuIrO6,OQMD,1,0.247,0.247,0.247,,0.0
Ba2CuMoO6,OQMD,9,0.663,0.3320000000000003,1.273,0.26931208662070844,0.9409999999999996
Ba2CuReO6,OQMD,13,0.63,0.38,0.873,0.1586979068577328,0.493
Ba2CuSbO6,OQMD,1,0.603,0.603,0.603,,0.0
Ba2CuSi2O7,AFLOW,2,1.43005,1.4275,1.4326,0.0036062445840514662,0.0051000000000001044
Ba2CuSi2O7,JARVIS,2,0.1895,0.089,0.29,0.14212846301849602,0.20099999999999998
Ba2CuSi2O7,MP,2,0.13134999999999952,0.079599999999999,0.1831,0.0731855518528084,0.10350000000000101
Ba2CuTcO6,OQMD,2,0.448,0.362,0.534,0.1216223663640862,0.17200000000000004
Ba2CuTeO6,AFLOW,1,0.267,0.267,0.267,,0.0
Ba2CuWO6,AFLOW,3,0.9129,0.9062,0.9237,0.008829684781085501,0.01749999999999996
Ba2CuWO6,OQMD,10,0.7024999999999999,0.344,1.358,0.2669607545023135,1.0140000000000002
Ba2DyNbO6,AFLOW,1,3.0914,3.0914,3.0914,,0.0
Ba2DyNbO6,JARVIS,1,2.923,2.923,2.923,,0.0
Ba2DyNbO6,MP,2,2.86095,2.8514,2.8705,0.013505739520662982,0.019099999999999895
Ba2DyNbO6,OQMD,7,3.215,3.073,3.229,0.05531382329598135,0.15600000000000014
Ba2DyRuO6,OQMD,8,0.2570000000000001,0.2519999999999998,0.259,0.0020658792662828713,0.007000000000000228
Ba2DySbO6,AFLOW,2,3.46185,3.4589,3.4648,0.004171930009000485,0.005900000000000016
Ba2DySbO6,JARVIS,1,3.722,3.722,3.722,,0.0
Ba2DySbO6,MP,2,3.47165,3.4688,3.4745,0.004030508652763348,0.005700000000000038
Ba2DySbO6,OQMD,5,3.956,3.8300000000000005,4.016,0.08243664233822232,0.1859999999999995
Ba2DyTaO6,MP,1,3.3837,3.3837,3.3837,,0.0
Ba2DyTaO6,OQMD,6,3.7169999999999996,3.563,3.7910000000000004,0.09381400037663155,0.2280000000000002
Ba2DyVO6,OQMD,4,1.6710000000000003,1.6709999999999998,1.673,0.000999999999999933,0.002000000000000224
Ba2ErNbO6,AFLOW,2,3.09495,3.0934,3.0965,0.0021920310216782127,0.0030999999999998806
Ba2ErNbO6,JARVIS,1,2.919,2.919,2.919,,0.0
Ba2ErNbO6,MP,1,2.854199999999999,2.854199999999999,2.854199999999999,,0.0
Ba2ErNbO6,OQMD,9,3.082,3.025,3.315,0.10384122495425395,0.29000000000000004
Ba2ErRuO6,AFLOW,2,1.08955,1.0894,1.0897,0.00021213203435601938,0.00029999999999996696
Ba2ErRuO6,JARVIS,1,0.079,0.079,0.079,,0.0
Ba2ErRuO6,MP,1,0.07160000000000001,0.07160000000000001,0.07160000000000001,,0.0
Ba2ErRuO6,OQMD,3,0.27200000000000024,0.2689999999999997,0.27200000000000024,0.0017320508075691953,0.0030000000000005578
Ba2ErSbO6,AFLOW,2,3.3672,3.363,3.3714,0.0059396969619669735,0.008399999999999963
Ba2ErSbO6,JARVIS,1,3.625,3.625,3.625,,0.0
Ba2ErSbO6,MP,1,3.3776,3.3776,3.3776,,0.0
Ba2ErSbO6,OQMD,5,3.7849999999999997,3.711,3.8430000000000004,0.055742264037263685,0.13200000000000056
Ba2ErTaO6,MP,1,3.393399999999999,3.393399999999999,3.393399999999999,,0.0
Ba2ErTaO6,OQMD,7,3.682,3.57,3.796,0.09510595594989224,0.22599999999999998
Ba2ErVO6,OQMD,5,1.7679999999999998,1.6759999999999997,1.7990000000000004,0.058760530971052466,0.12300000000000066
Ba2EuMoO6,OQMD,7,2.1599999999999997,2.088,2.3340000000000005,0.095416131210808,0.24600000000000044
Ba2EuTeO6,OQMD,8,3.6595,3.635,3.698,0.022435622185648107,0.06300000000000017
Ba2EuV2O8,OQMD,1,3.956,3.956,3.956,,0.0
Ba2EuWO6,OQMD,8,2.9725,2.811,3.048,0.07195422652134993,0.2370000000000001
Ba2FeAsO6,OQMD,2,0.8255,0.764,0.887,0.08697413408594534,0.123
Ba2FeBiO6,OQMD,15,0.375,0.2490000000000001,1.113,0.26678800215758963,0.8639999999999999
Ba2FeBrO6,OQMD,10,0.4965,0.371,1.582,0.46212563226897513,1.211
Ba2FeGe2O7,AFLOW,1,1.2673,1.2673,1.2673,,0.0
Ba2FeMoO6,AFLOW,7,1.7801,0.4089,1.7844,0.6692753515485806,1.3755
Ba2FeMoO6,JARVIS,4,0.2855,0.274,0.307,0.014259499757471596,0.032999999999999974
Ba2FeMoO6,MP,3,0.8640999999999991,0.7715000000000001,0.9037000000000001,0.06784757426270532,0.13219999999999998
Ba2FeMoO6,OQMD,9,0.827,0.488,1.6209999999999996,0.44836576710439335,1.1329999999999996
Ba2FeRuO6,OQMD,1,0.626,0.626,0.626,,0.0
Ba2FeSO6,OQMD,1,1.1579999999999995,1.1579999999999995,1.1579999999999995,,0.0
Ba2FeSbO6,OQMD,12,1.375,1.247,2.1,0.2527271105842079,0.853
Ba2FeTeO6,OQMD,5,0.747000000000001,0.25,1.616,0.5576429861479476,1.366
Ba2FeWO6,AFLOW,2,2.0753000000000004,1.612,2.5386,0.6552051434474548,0.9266000000000001
Ba2FeWO6,MP,1,2.506199999999999,2.506199999999999,2.506199999999999,,0.0
Ba2FeWO6,OQMD,10,1.398,0.523000000000001,2.229,0.4535021866907955,1.705999999999999
Ba2Ga11BiO20,MP,1,2.986999999999999,2.986999999999999,2.986999999999999,,0.0
Ba2GaBiO6,OQMD,6,0.3105,0.248,1.467,0.4863055623782233,1.219
Ba2GaBrO6,OQMD,3,0.4979999999999998,0.373,0.6239999999999997,0.12550033200487276,0.25099999999999967
Ba2GaOsO6,OQMD,13,0.411,0.40999999999999925,0.605,0.07096405735227826,0.19500000000000073
Ba2GaReO6,OQMD,1,0.247,0.247,0.247,,0.0
Ba2GaRuO6,OQMD,10,0.255,0.255,0.622,0.11793543431329985,0.367
Ba2GaSbO6,OQMD,16,0.49600000000000044,0.495,2.557,0.5971338068920008,2.062
Ba2GaTcO6,OQMD,1,0.347,0.347,0.347,,0.0
Ba2GaTeO6,OQMD,1,1.847,1.847,1.847,,0.0
Ba2GdMoO6,MP,1,0.9083000000000001,0.9083000000000001,0.9083000000000001,,0.0
Ba2GdNbO6,AFLOW,2,3.083,3.0204,3.1456,0.08852976900455589,0.12519999999999998
Ba2GdNbO6,JARVIS,1,2.645,2.645,2.645,,0.0
Ba2GdNbO6,MP,2,2.6872,2.664399999999999,2.71,0.032244069222106944,0.04560000000000075
Ba2GdNbO6,OQMD,6,3.172,3.024,3.3099999999999996,0.09093880726437231,0.2859999999999996
Ba2GdRuO6,MP,1,0.14670000000000002,0.14670000000000002,0.14670000000000002,,0.0
Ba2GdRuO6,OQMD,6,0.24950000000000006,0.24899999999999967,0.3780000000000001,0.05250301578639719,0.12900000000000045
Ba2GdSbO6,MP,2,3.4846000000000004,3.4839,3.4853,0.0009899494936612145,0.0013999999999998458
Ba2GdSbO6,OQMD,5,3.945,3.881,4.073,0.07000142855685185,0.19200000000000061
Ba2GdTaO6,MP,2,3.2611999999999997,3.2148,3.307599999999999,0.06561950929411083,0.0927999999999991
Ba2GdTaO6,OQMD,6,3.727,3.542,3.8689999999999998,0.11749326221816593,0.32699999999999996
Ba2GdVO6,OQMD,4,1.8005000000000002,1.794,1.806,0.0056789083458003145,0.01200000000000001
Ba2GeBiO6,OQMD,1,1.856,1.856,1.856,,0.0
Ba2GePbO6,OQMD,5,0.374,0.248,1.234,0.4141330704012902,0.986
Ba2GePdO6,OQMD,2,0.6779999999999999,0.612,0.744,0.09333809511662425,0.132
Ba2GePtO6,OQMD,2,0.9455,0.884,1.007,0.0869741340859453,0.12299999999999989
Ba2GeSbO6,OQMD,1,1.605,1.605,1.605,,0.0
Ba2GeSeO6,OQMD,2,0.6859999999999999,0.625,0.7469999999999999,0.08626702730475871,0.12199999999999989
Ba2GeTeO6,OQMD,4,0.8089999999999995,0.3730000000000002,0.8710000000000004,0.2355228226733027,0.4980000000000002
Ba2GeWO6,OQMD,4,1.2060000000000004,0.8540000000000001,1.3790000000000004,0.2204848823237852,0.5250000000000004
Ba2HfCoO6,OQMD,2,0.492,0.421,0.563,0.1004091629284897,0.14199999999999996
Ba2HfCrO6,OQMD,8,0.4175,0.274,0.996,0.22502852993723776,0.722
Ba2HfGeO6,OQMD,10,3.966,3.175,4.021,0.2515551850213213,0.8460000000000001
Ba2HfMnO6,OQMD,10,1.258,1.236,1.8,0.1720603576268127,0.5640000000000001
Ba2HfNbO6,OQMD,2,0.3535,0.283,0.424,0.09970205614730321,0.14100000000000001
Ba2HfNiO6,OQMD,1,0.704,0.704,0.704,,0.0
Ba2HfNpO6,OQMD,1,2.9990000000000006,2.9990000000000006,2.9990000000000006,,0.0
Ba2HfPbO6,OQMD,10,2.472,1.899,2.705,0.20540986128010286,0.806
Ba2HfPdO6,OQMD,10,1.2445,1.076,1.503,0.12485996600636692,0.4269999999999998
Ba2HfPtO6,OQMD,10,1.695,1.525,2.493,0.2620984759801383,0.968
Ba2HfReO6,OQMD,1,0.684,0.684,0.684,,0.0
Ba2HfSeO6,OQMD,2,2.762,2.735,2.789,0.03818376618407376,0.05400000000000027
Ba2HfSnO6,OQMD,10,4.105,2.868,4.171,0.3982451645796987,1.3030000000000004
Ba2HfTaO6,OQMD,1,0.308,0.308,0.308,,0.0
Ba2HfTcO6,OQMD,9,0.352,0.351999999999999,0.866,0.1712919859317548,0.514000000000001
Ba2HfTeO6,OQMD,10,2.4395,2.148,3.185,0.2636354595944096,1.037
Ba2HfTiO6,OQMD,10,2.3685,2.314,2.538,0.08157178161322434,0.22399999999999975
Ba2HfUO6,MP,1,0.187899999999999,0.187899999999999,0.187899999999999,,0.0
Ba2HfVO6,OQMD,7,1.098,0.853,1.352,0.1635287946102052,0.4990000000000001
Ba2HfZrO6,OQMD,10,3.455,3.44,3.655,0.09730416229535091,0.21499999999999986
Ba2HgMoO6,OQMD,10,1.9289999999999998,1.775,2.249,0.1548847600278636,0.4740000000000002
Ba2HgTeO6,OQMD,9,0.733,0.246,2.062,0.5314935193500585,1.8159999999999998
Ba2HgWO6,OQMD,10,2.4735,2.234,2.724,0.1898897048288822,0.4900000000000002
Ba2HoCrO6,OQMD,1,0.2520000000000002,0.2520000000000002,0.2520000000000002,,0.0
Ba2HoNbO6,AFLOW,1,3.0915,3.0915,3.0915,,0.0
Ba2HoNbO6,JARVIS,1,2.921,2.921,2.921,,0.0
Ba2HoNbO6,MP,1,2.8516,2.8516,2.8516,,0.0
Ba2HoNbO6,OQMD,8,3.2145,3.055,3.2329999999999997,0.05942522311996066,0.1779999999999995
Ba2HoRuO6,AFLOW,3,1.0995,1.0981,1.0998,0.0009073771725877487,0.0017000000000000348
Ba2HoRuO6,JARVIS,1,0.086,0.086,0.086,,0.0
Ba2HoRuO6,MP,1,0.07600000000000001,0.07600000000000001,0.07600000000000001,,0.0
Ba2HoRuO6,OQMD,6,0.26900000000000013,0.26599999999999957,0.2709999999999999,0.002167948338867952,0.0050000000000003375
Ba2HoSbO6,AFLOW,2,3.4369,3.4306,3.4432,0.008909545442950459,0.012599999999999945
Ba2HoSbO6,JARVIS,1,3.671,3.671,3.671,,0.0
Ba2HoSbO6,MP,1,3.4155,3.4155,3.4155,,0.0
Ba2HoSbO6,OQMD,6,3.838,3.7729999999999997,3.97,0.06480252052711132,0.1970000000000005
Ba2HoTaO6,AFLOW,2,3.5332999999999997,3.5027,3.5639,0.0432749350086165,0.06119999999999992
Ba2HoTaO6,JARVIS,2,3.4955,3.46,3.531,0.05020458146424484,0.07100000000000017
Ba2HoTaO6,MP,2,3.413099999999999,3.378199999999999,3.447999999999999,0.04935605332682092,0.06979999999999986
Ba2HoTaO6,OQMD,7,3.625,3.5759999999999996,3.754,0.05496319114600601,0.17800000000000038
Ba2HoVO6,OQMD,5,1.8009999999999997,1.7670000000000003,1.803,0.015355780670483498,0.03599999999999959
Ba2InAsO6,OQMD,8,0.2475,0.246,1.955,0.6545019917027427,1.709
Ba2InBiO6,MP,1,0.20800000000000002,0.20800000000000002,0.20800000000000002,,0.0
Ba2InBiO6,OQMD,8,0.5569999999999999,0.248,1.346,0.3857713747434205,1.098
Ba2InBrO6,OQMD,4,0.6205000000000002,0.49600000000000044,0.6260000000000003,0.06325279967453341,0.1299999999999999
Ba2InIrO6,AFLOW,1,0.4918,0.4918,0.4918,,0.0
Ba2InOsO6,JARVIS,1,0.309,0.309,0.309,,0.0
Ba2InOsO6,MP,1,0.42240000000000005,0.42240000000000005,0.42240000000000005,,0.0
Ba2InOsO6,OQMD,9,0.605,0.597,0.807,0.06756293362488051,0.21000000000000008
Ba2InRuO6,AFLOW,1,1.3061,1.3061,1.3061,,0.0
Ba2InRuO6,MP,1,0.3628,0.3628,0.3628,,0.0
Ba2InRuO6,OQMD,11,0.503,0.381,0.629,0.06617978268598071,0.248
Ba2InSbO6,MP,1,0.523999999999999,0.523999999999999,0.523999999999999,,0.0
Ba2InSbO6,OQMD,11,1.0,0.867,2.329,0.5051993305976996,1.4620000000000002
Ba2InTeO6,OQMD,1,0.865,0.865,0.865,,0.0
Ba2IrBrO6,OQMD,1,0.367,0.367,0.367,,0.0
Ba2LaCrO6,MP,1,0.47829999999999906,0.47829999999999906,0.47829999999999906,,0.0
Ba2LaCrO6,OQMD,1,0.6560000000000001,0.6560000000000001,0.6560000000000001,,0.0
Ba2LaIrO6,AFLOW,2,0.34040000000000004,0.3285,0.3523,0.016829141392239844,0.023799999999999988
Ba2LaMn2O7,MP,1,0.9398000000000001,0.9398000000000001,0.9398000000000001,,0.0
Ba2LaNbO6,JARVIS,1,3.119,3.119,3.119,,0.0
Ba2LaNbO6,MP,3,2.9716,2.9563,3.0639,0.05821102415636845,0.1075999999999997
Ba2LaNbO6,OQMD,8,3.1870000000000003,3.15,3.322,0.0528096311562308,0.17200000000000015
Ba2LaRuO6,AFLOW,4,1.03265,0.7918,1.2998,0.2836669217586006,0.5080000000000001
Ba2LaRuO6,JARVIS,1,0.203,0.203,0.203,,0.0
Ba2LaRuO6,MP,2,0.23164999999999952,0.21960000000000002,0.24369999999999903,0.017041273426595095,0.02409999999999901
Ba2LaRuO6,OQMD,8,0.4005000000000001,0.266,0.40200000000000014,0.04764882699800398,0.13600000000000012
Ba2LaSbO6,AFLOW,1,3.7406,3.7406,3.7406,,0.0
Ba2LaSbO6,JARVIS,1,3.944,3.944,3.944,,0.0
Ba2LaSbO6,MP,4,3.880749999999999,3.8497,3.8961,0.01948082390454775,0.04640000000000022
Ba2LaSbO6,OQMD,7,4.229000000000001,4.223000000000001,4.368,0.06872339311984467,0.14499999999999957
Ba2LaTaO6,AFLOW,2,3.2672499999999998,2.8554,3.6791,0.5824438556633591,0.8237000000000001
Ba2LaTaO6,JARVIS,1,3.711,3.711,3.711,,0.0
Ba2LaTaO6,MP,3,3.624799999999999,3.621299999999999,3.631499999999999,0.0051829849829354326,0.010200000000000209
Ba2LaTaO6,OQMD,6,3.8,3.668,3.884,0.0963071475367571,0.21599999999999975
Ba2LaVO6,MP,2,1.7171,1.714,1.7202000000000002,0.004384062043356739,0.006200000000000205
Ba2LaVO6,OQMD,6,1.9365,1.879,2.029,0.06729933134883277,0.1499999999999999
Ba2LaWO6,MP,1,1.9219,1.9219,1.9219,,0.0
Ba2LiReO6,AFLOW,2,1.91115,1.9062,1.9161,0.007000357133746834,0.00990000000000002
Ba2LiReO6,JARVIS,1,1.878,1.878,1.878,,0.0
Ba2LiReO6,MP,1,1.8198,1.8198,1.8198,,0.0
Ba2LiReO6,OQMD,13,2.067,1.902,2.104,0.09110560229333195,0.20200000000000018
Ba2LuNbO6,AFLOW,1,3.0881,3.0881,3.0881,,0.0
Ba2LuNbO6,JARVIS,1,2.909,2.909,2.909,,0.0
Ba2LuNbO6,MP,1,2.847899999999999,2.847899999999999,2.847899999999999,,0.0
Ba2LuNbO6,OQMD,6,3.0980000000000003,1.968,3.13,0.457565150188109,1.162
Ba2LuRuO6,AFLOW,1,1.0539,1.0539,1.0539,,0.0
Ba2LuRuO6,JARVIS,1,0.059,0.059,0.059,,0.0
Ba2LuRuO6,MP,1,0.055600000000000004,0.055600000000000004,0.055600000000000004,,0.0
Ba2LuRuO6,OQMD,6,0.2515000000000003,0.2509999999999999,0.274,0.009179687721631188,0.02300000000000013
Ba2LuSbO6,MP,1,3.2383,3.2383,3.2383,,0.0
Ba2LuSbO6,OQMD,5,3.721,2.4880000000000004,3.729,0.5437571148959799,1.2409999999999997
Ba2LuTaO6,MP,1,3.408899999999999,3.408899999999999,3.408899999999999,,0.0
Ba2LuTaO6,OQMD,3,3.6129999999999995,0.49400000000000066,3.6279999999999997,1.8051011975325182,3.133999999999999
Ba2LuVO6,OQMD,3,1.7000000000000002,1.685,1.7110000000000003,0.01305118130030141,0.026000000000000245
Ba2Mg(MoO4)2,MP,1,1.4981,1.4981,1.4981,,0.0
Ba2Mg(WO4)2,MP,3,1.7421,1.046599999999999,2.0474,0.5129212057746627,1.000800000000001
Ba2MgGe2O7,AFLOW,1,3.5553,3.5553,3.5553,,0.0
Ba2MgGe2O7,MP,1,3.6256,3.6256,3.6256,,0.0
Ba2MgMoO6,JARVIS,1,2.14,2.14,2.14,,0.0
Ba2MgMoO6,MP,1,2.2647999999999993,2.2647999999999993,2.2647999999999993,,0.0
Ba2MgMoO6,OQMD,13,2.156,2.113,2.275,0.06918870516982469,0.16199999999999992
Ba2MgReO6,JARVIS,1,1.932,1.932,1.932,,0.0
Ba2MgTeO6,OQMD,15,2.101,1.966,2.941,0.26856381701473453,0.9749999999999999
Ba2MgWO6,AFLOW,7,2.9125,2.9079,2.913,0.0018025114754273291,0.00509999999999966
Ba2MgWO6,JARVIS,1,2.822,2.822,2.822,,0.0
Ba2MgWO6,MP,1,3.223099999999999,3.223099999999999,3.223099999999999,,0.0
Ba2MgWO6,OQMD,16,2.981,2.973,3.088,0.031222854876943505,0.11500000000000021
Ba2Mn(AsO4)2,AFLOW,1,2.561,2.561,2.561,,0.0
Ba2Mn(AsO4)2,MP,1,2.7135,2.7135,2.7135,,0.0
Ba2Mn(AsO4)2,OQMD,1,2.3699999999999997,2.3699999999999997,2.3699999999999997,,0.0
Ba2Mn(PO4)2,MP,1,3.922,3.922,3.922,,0.0
Ba2Mn2Si2O9,MP,1,1.9934,1.9934,1.9934,,0.0
Ba2Mn3O8,OQMD,1,1.264,1.264,1.264,,0.0
Ba2MnAsO6,OQMD,2,0.3175,0.254,0.381,0.08980256121069154,0.127
Ba2MnBiO6,OQMD,1,0.86,0.86,0.86,,0.0
Ba2MnCoO6,OQMD,1,0.244,0.244,0.244,,0.0
Ba2MnCrO6,OQMD,2,0.677,0.621,0.733,0.07919595949289328,0.11199999999999999
Ba2MnGe2O7,AFLOW,1,2.1454,2.1454,2.1454,,0.0
Ba2MnGe2O7,MP,1,2.434299999999999,2.434299999999999,2.434299999999999,,0.0
Ba2MnMoO6,MP,1,1.265399999999999,1.265399999999999,1.265399999999999,,0.0
Ba2MnMoO6,OQMD,14,0.9219999999999999,0.821,1.119,0.09662911990278507,0.29800000000000004
Ba2MnNbO6,MP,4,0.6666499999999995,0.07640000000000001,1.162799999999999,0.5929529569592066,1.086399999999999
Ba2MnNbO6,OQMD,6,0.44399999999999995,0.438,1.554,0.44626793147913585,1.116
Ba2MnPbO6,OQMD,2,0.8075,0.748,0.867,0.08414570696119915,0.119
Ba2MnPdO6,OQMD,2,0.3075,0.244,0.371,0.08980256121069154,0.127
Ba2MnPtO6,OQMD,2,0.315,0.251,0.379,0.09050966799187808,0.128
Ba2MnRuO6,OQMD,1,0.623,0.623,0.623,,0.0
Ba2MnSO6,OQMD,3,1.2609999999999997,1.2530000000000001,1.2710000000000004,0.009018499505645927,0.018000000000000238
Ba2MnSbO6,OQMD,8,0.37599999999999945,0.373,1.223,0.2965720521944999,0.8500000000000001
Ba2MnSeO6,OQMD,5,0.5029999999999997,0.2549999999999999,0.5129999999999999,0.11349801760383302,0.258
Ba2MnSnO6,OQMD,2,0.8730000000000004,0.745000000000001,1.001,0.1810193359837554,0.2559999999999989
Ba2MnTeO6,MP,1,0.9485999999999991,0.9485999999999991,0.9485999999999991,,0.0
Ba2MnTeO6,OQMD,15,1.119,0.996,1.847,0.25245955828890404,0.851
Ba2MnVO6,OQMD,2,1.536,1.342,1.73,0.27435743110038036,0.3879999999999999
Ba2MnWO6,JARVIS,2,0.054,0.054,0.054,0.0,0.0
Ba2MnWO6,MP,1,2.2267,2.2267,2.2267,,0.0
Ba2MnWO6,OQMD,16,1.5720000000000005,1.23,2.05,0.16877080118709314,0.8199999999999998
Ba2MoCO6,OQMD,2,1.5515000000000003,1.4760000000000004,1.6270000000000002,0.10677312395916853,0.1509999999999998
Ba2MoPbO6,OQMD,11,1.1190000000000007,0.633,2.048,0.42694057495798465,1.415
Ba2MoPdO6,OQMD,2,0.5485,0.314,0.783,0.3316330803764908,0.46900000000000003
Ba2MoPtO6,OQMD,1,0.6579999999999999,0.6579999999999999,0.6579999999999999,,0.0
Ba2MoRhO6,OQMD,2,0.4785,0.478,0.479,0.0007071067811865482,0.0010000000000000009
Ba2MoRuO6,OQMD,10,0.6425000000000001,0.49,0.656,0.07599714906933447,0.16600000000000004
Ba2NaReO6,AFLOW,3,1.9674,1.9647,1.9683,0.001873499399519571,0.0036000000000000476
Ba2NaReO6,JARVIS,1,1.941,1.941,1.941,,0.0
Ba2NaReO6,MP,1,1.8688,1.8688,1.8688,,0.0
Ba2NaReO6,OQMD,11,2.024,1.994,2.147,0.05642936050738758,0.1529999999999998
Ba2NbAgO6,OQMD,1,0.698,0.698,0.698,,0.0
Ba2NbAlO6,OQMD,11,2.984,2.907,3.674,0.21642378461124503,0.7669999999999999
Ba2NbAsO6,OQMD,11,1.713,1.281,2.665,0.3410244192802835,1.3840000000000001
Ba2NbAuO6,OQMD,1,0.28600000000000003,0.28600000000000003,0.28600000000000003,,0.0
Ba2NbBO6,OQMD,3,3.213,2.574,3.2270000000000003,0.3730339573461557,0.6530000000000005
Ba2NbBiO6,JARVIS,1,2.222,2.222,2.222,,0.0
Ba2NbBiO6,MP,1,2.058599999999999,2.058599999999999,2.058599999999999,,0.0
Ba2NbBiO6,OQMD,13,2.135,1.964,2.951,0.2364101715890609,0.9870000000000001
Ba2NbCoO6,MP,1,1.534599999999999,1.534599999999999,1.534599999999999,,0.0
Ba2NbCoO6,OQMD,8,0.8815,0.439,1.601,0.3940251759541695,1.162
Ba2NbCrO6,AFLOW,1,1.7753,1.7753,1.7753,,0.0
Ba2NbCrO6,JARVIS,1,0.173,0.173,0.173,,0.0
Ba2NbCrO6,MP,1,1.582399999999999,1.582399999999999,1.582399999999999,,0.0
Ba2NbCrO6,OQMD,13,2.455,2.158,2.606,0.10523983597917232,0.44799999999999995
Ba2NbCuO6,OQMD,1,0.983,0.983,0.983,,0.0
Ba2NbFeO6,MP,3,1.455,1.349799999999999,1.690799999999999,0.17461847935809446,0.34099999999999997
Ba2NbFeO6,OQMD,12,1.624,1.484,1.857,0.08237810094407079,0.373
Ba2NbGaO6,OQMD,11,3.26,3.149,3.539,0.10593703103945547,0.3900000000000001
Ba2NbInO6,AFLOW,3,3.6482,3.6426,3.6489,0.0034530180036213905,0.006299999999999972
Ba2NbInO6,JARVIS,1,3.413,3.413,3.413,,0.0
Ba2NbInO6,MP,1,3.3486000000000002,3.3486000000000002,3.3486000000000002,,0.0
Ba2NbInO6,OQMD,12,3.49,2.998,3.671,0.18952372522785207,0.6729999999999996
Ba2NbIrO6,OQMD,11,1.322,1.179,1.872,0.1762209357080429,0.6930000000000001
Ba2NbMoO6,OQMD,1,0.307,0.307,0.307,,0.0
Ba2NbNiO6,OQMD,1,1.149,1.149,1.149,,0.0
Ba2NbPbO6,OQMD,2,1.545,0.282,2.808,1.7861517292772189,2.526
Ba2NbPdO6,OQMD,2,0.635,0.423,0.847,0.29981327522309614,0.424
Ba2NbPtO6,OQMD,2,0.643,0.429,0.857,0.3026417023478424,0.428
Ba2NbRhO6,MP,1,0.8889,0.8889,0.8889,,0.0
Ba2NbRhO6,OQMD,11,1.033,0.885,1.877,0.27649405714474884,0.992
Ba2NbSbO6,OQMD,12,1.273,1.117,2.647,0.40699962772673015,1.5299999999999998
Ba2NbSnO6,OQMD,2,1.1245,0.283,1.966,1.1900607127369593,1.683
Ba2NbTlO6,OQMD,13,2.438,2.172,2.705,0.15818193841594422,0.5329999999999999
Ba2NbVO6,OQMD,6,0.721,0.576,1.685,0.4899525147059322,1.109
Ba2NdCrO6,OQMD,3,0.6779999999999999,0.508,1.017,0.25913381356614446,0.5089999999999999
Ba2NdMoO6,MP,1,1.0952,1.0952,1.0952,,0.0
Ba2NdNbO6,JARVIS,2,2.9915000000000003,2.926,3.057,0.09263098833543741,0.13099999999999978
Ba2NdNbO6,MP,3,2.9194999999999993,2.849999999999999,2.987299999999999,0.06865175404411261,0.13729999999999976
Ba2NdNbO6,OQMD,6,3.1774999999999998,2.992,3.3449999999999998,0.11330842863617879,0.35299999999999976
Ba2NdRuO6,JARVIS,2,0.1125,0.109,0.116,0.004949747468305837,0.007000000000000006
Ba2NdRuO6,MP,2,0.13794999999999952,0.125799999999999,0.1501,0.017182694782833834,0.024300000000001015
Ba2NdRuO6,OQMD,6,0.3234999999999999,0.321,0.33699999999999974,0.005913261931173463,0.015999999999999737
Ba2NdSbO6,JARVIS,2,4.0184999999999995,4.015,4.022,0.004949747468305916,0.007000000000000561
Ba2NdSbO6,MP,3,3.6649000000000003,3.5814999999999992,3.7321,0.07544507936240812,0.15060000000000073
Ba2NdSbO6,OQMD,6,4.156,4.128,4.193,0.03083936877866726,0.0649999999999995
Ba2NdTaO6,JARVIS,2,3.48,3.39,3.57,0.12727922061357835,0.17999999999999972
Ba2NdTaO6,MP,2,3.40725,3.3164,3.4981,0.1284813021415958,0.1817000000000002
Ba2NdTaO6,OQMD,6,3.746,3.503,3.862,0.13675623081478472,0.359
Ba2NdVO6,MP,2,1.6324,1.6267,1.6381000000000001,0.008061017305526696,0.011400000000000077
Ba2NdVO6,OQMD,5,1.9749999999999996,1.819,1.9900000000000002,0.07246723397508703,0.17100000000000026
Ba2NdWO6,MP,1,1.7938,1.7938,1.7938,,0.0
Ba2Ni(PO4)2,AFLOW,1,2.5757,2.5757,2.5757,,0.0
Ba2Ni(PO4)2,MP,1,4.0996,4.0996,4.0996,,0.0
Ba2NiBiO6,OQMD,1,0.5,0.5,0.5,,0.0
Ba2NiIrO6,OQMD,1,0.381,0.381,0.381,,0.0
Ba2NiMoO6,AFLOW,1,2.2001,2.2001,2.2001,,0.0
Ba2NiMoO6,JARVIS,2,0.659,0.633,0.685,0.03676955262170051,0.052000000000000046
Ba2NiMoO6,MP,1,2.3514,2.3514,2.3514,,0.0
Ba2NiMoO6,OQMD,14,2.3085,2.102,2.342,0.09089336827076212,0.2400000000000002
Ba2NiRhO6,OQMD,1,0.254,0.254,0.254,,0.0
Ba2NiSO6,OQMD,2,2.3040000000000003,2.1700000000000004,2.438,0.1895046173579946,0.2679999999999998
Ba2NiSbO6,OQMD,1,0.373,0.373,0.373,,0.0
Ba2NiSeO6,OQMD,10,0.251,0.249,2.248,0.7264216788860005,1.999
Ba2NiTeO6,AFLOW,1,2.2711,2.2711,2.2711,,0.0
Ba2NiTeO6,OQMD,13,1.514,1.388,2.776,0.5327423608808701,1.388
Ba2NiWO6,AFLOW,3,3.0564,3.0548,3.0566,0.0009865765724631408,0.0017999999999998018
Ba2NiWO6,JARVIS,1,0.375,0.375,0.375,,0.0
Ba2NiWO6,MP,1,3.3409,3.3409,3.3409,,0.0
Ba2NiWO6,OQMD,15,3.17,2.937,3.204,0.08204830168579859,0.26700000000000035
Ba2NpAlO6,OQMD,1,1.7030000000000003,1.7030000000000003,1.7030000000000003,,0.0
Ba2NpBiO6,OQMD,1,0.7379999999999995,0.7379999999999995,0.7379999999999995,,0.0
Ba2NpCrO6,OQMD,1,1.5300000000000002,1.5300000000000002,1.5300000000000002,,0.0
Ba2NpCuO6,OQMD,1,0.7670000000000003,0.7670000000000003,0.7670000000000003,,0.0
Ba2NpNbO6,OQMD,2,1.2770000000000001,1.2770000000000001,1.2770000000000001,0.0,0.0
Ba2NpNiO6,OQMD,1,2.305,2.305,2.305,,0.0
Ba2NpPdO6,OQMD,1,0.5720000000000001,0.5720000000000001,0.5720000000000001,,0.0
Ba2NpRhO6,OQMD,1,0.766,0.766,0.766,,0.0
Ba2NpSbO6,OQMD,1,1.819,1.819,1.819,,0.0
Ba2NpTaO6,OQMD,2,1.6424999999999996,1.6419999999999995,1.6429999999999998,0.0007071067811867837,0.001000000000000334
Ba2NpTiO6,OQMD,2,1.9815,1.8840000000000003,2.0789999999999997,0.13788582233137633,0.1949999999999994
Ba2NpZnO6,OQMD,1,2.0939999999999994,2.0939999999999994,2.0939999999999994,,0.0
Ba2OsWO6,OQMD,1,0.774999999999999,0.774999999999999,0.774999999999999,,0.0
Ba2PaBiO6,OQMD,1,2.5549999999999997,2.5549999999999997,2.5549999999999997,,0.0
Ba2PaCoO6,OQMD,1,2.404,2.404,2.404,,0.0
Ba2PaCuO6,OQMD,1,0.3540000000000001,0.3540000000000001,0.3540000000000001,,0.0
Ba2PaIrO6,OQMD,1,2.1109999999999998,2.1109999999999998,2.1109999999999998,,0.0
Ba2PaRhO6,OQMD,2,1.9425,1.9409999999999998,1.944,0.002121320343559723,0.0030000000000001137
Ba2PbWO6,OQMD,11,1.871,1.516,2.681,0.31212800404496055,1.165
Ba2PdPtO6,OQMD,2,0.374,0.373,0.375,0.0014142135623730963,0.0020000000000000018
Ba2PdRuO6,OQMD,1,0.620000000000001,0.620000000000001,0.620000000000001,,0.0
Ba2PdSO6,OQMD,1,0.6280000000000001,0.6280000000000001,0.6280000000000001,,0.0
Ba2PdWO6,OQMD,2,0.5890000000000005,0.340000000000001,0.838,0.3521391770308999,0.49799999999999894
Ba2PrCrO6,OQMD,3,0.6550000000000002,0.6280000000000001,0.9809999999999999,0.19647476513113146,0.35299999999999976
Ba2PrIrO6,AFLOW,4,0.2439,0.163,0.2919,0.06605731728330076,0.1289
Ba2PrNbO6,JARVIS,2,3.0220000000000002,2.929,3.115,0.13152186130069796,0.1860000000000004
Ba2PrNbO6,MP,4,2.9378,2.8578,3.0394,0.08168496393665928,0.18159999999999998
Ba2PrNbO6,OQMD,7,3.228,3.027,3.377,0.11865877448341006,0.34999999999999964
Ba2PrRuO6,JARVIS,2,0.1195,0.104,0.135,0.021920310216782986,0.031000000000000014
Ba2PrRuO6,MP,3,0.16360000000000002,0.1345,0.27479999999999905,0.07404541399258466,0.14029999999999904
Ba2PrRuO6,OQMD,8,0.31200000000000006,0.309,0.4670000000000001,0.07147027354082255,0.15800000000000008
Ba2PrSbO6,AFLOW,1,3.1064,3.1064,3.1064,,0.0
Ba2PrSbO6,JARVIS,2,4.025,3.999,4.051,0.03676955262170035,0.052000000000000046
Ba2PrSbO6,MP,3,3.684,3.648399999999999,3.711999999999999,0.0318755914977798,0.06359999999999966
Ba2PrSbO6,OQMD,8,4.2065,4.01,4.328,0.09126531182687744,0.3180000000000005
Ba2PrTaO6,JARVIS,2,3.471,3.386,3.556,0.12020815280171303,0.16999999999999993
Ba2PrTaO6,MP,2,3.3958500000000003,3.3056,3.4861,0.12763277400417192,0.18049999999999988
Ba2PrTaO6,OQMD,7,3.7190000000000003,3.548,3.7510000000000003,0.08109635656192626,0.2030000000000003
Ba2PrVO6,MP,2,1.6507499999999995,1.6409999999999991,1.6605,0.013788582233138435,0.01950000000000096
Ba2PrVO6,OQMD,6,1.8935,1.726,1.9160000000000004,0.07554865981604175,0.1900000000000004
Ba2PrWO6,MP,1,1.8049,1.8049,1.8049,,0.0
Ba2PrZrO6,OQMD,1,4.319,4.319,4.319,,0.0
Ba2PtWO6,OQMD,1,1.2269999999999999,1.2269999999999999,1.2269999999999999,,0.0
Ba2PuBiO6,OQMD,1,0.7719999999999994,0.7719999999999994,0.7719999999999994,,0.0
Ba2PuCrO6,OQMD,1,1.9699999999999998,1.9699999999999998,1.9699999999999998,,0.0
Ba2PuHfO6,OQMD,4,2.725,2.724,2.9249999999999994,0.10016777592286462,0.20099999999999918
Ba2PuMnO6,OQMD,1,1.1840000000000002,1.1840000000000002,1.1840000000000002,,0.0
Ba2PuNbO6,OQMD,1,1.1319999999999997,1.1319999999999997,1.1319999999999997,,0.0
Ba2PuPdO6,OQMD,1,1.5710000000000002,1.5710000000000002,1.5710000000000002,,0.0
Ba2PuSbO6,OQMD,2,2.159,2.159,2.159,0.0,0.0
Ba2PuSnO6,OQMD,3,2.314,2.3129999999999997,2.5090000000000003,0.1128730850705047,0.19600000000000062
Ba2PuTaO6,OQMD,2,2.0930000000000004,2.093,2.093000000000001,6.280369834735101e-16,8.881784197001252e-16
Ba2PuTiO6,MP,1,0.23339999999999902,0.23339999999999902,0.23339999999999902,,0.0
Ba2PuTiO6,OQMD,5,2.357,2.35,2.5469999999999997,0.08650606915124492,0.19699999999999962
Ba2PuZnO6,MP,1,0.6585000000000001,0.6585000000000001,0.6585000000000001,,0.0
Ba2PuZnO6,OQMD,1,0.7870000000000004,0.7870000000000004,0.7870000000000004,,0.0
Ba2PuZrO6,OQMD,4,2.7874999999999996,2.7869999999999995,2.788,0.0005773502691897331,0.001000000000000334
Ba2ReAgO6,OQMD,12,0.8825000000000001,0.626,1.488,0.26547834186614927,0.862
Ba2ReAuO6,OQMD,7,0.5029999999999997,0.3780000000000001,1.1229999999999998,0.2656620660413024,0.7449999999999997
Ba2ReBrO6,OQMD,5,1.608,0.367,2.208,0.6796372561889173,1.8410000000000002
Ba2ReSiO6,OQMD,1,0.257,0.257,0.257,,0.0
Ba2ReSnO6,OQMD,3,0.373,0.254,0.375,0.06928924880528002,0.121
Ba2ReTeO6,OQMD,1,0.497999999999999,0.497999999999999,0.497999999999999,,0.0
Ba2RhWO6,OQMD,1,0.859,0.859,0.859,,0.0
Ba2RuBrO6,OQMD,1,0.244,0.244,0.244,,0.0
Ba2RuRhO6,OQMD,1,0.250999999999999,0.250999999999999,0.250999999999999,,0.0
Ba2RuWO6,OQMD,10,1.044,0.685,1.051,0.1133627902895047,0.3659999999999999
Ba2SbAsO6,OQMD,6,0.8609999999999998,0.37,0.8630000000000004,0.200533953899749,0.49300000000000044
Ba2SbIrO6,OQMD,4,0.4364999999999999,0.249000000000001,0.741,0.25333426534916254,0.491999999999999
Ba2SbOsO6,OQMD,2,0.392,0.39,0.394,0.0028284271247461927,0.0040000000000000036
Ba2SbPtO6,OQMD,1,0.371,0.371,0.371,,0.0
Ba2SbRhO6,OQMD,2,0.7455000000000005,0.744000000000001,0.747,0.0021213203435589377,0.0029999999999990035
Ba2ScAsO6,OQMD,11,2.892,2.806,3.636,0.22730388150107467,0.8300000000000001
Ba2ScAuO6,OQMD,1,1.43,1.43,1.43,,0.0
Ba2ScBiO6,OQMD,11,2.034,1.805,2.405,0.15248874772198165,0.5999999999999999
Ba2ScBrO6,OQMD,10,2.6445,2.371,3.0,0.14922693382153826,0.629
Ba2ScCrO6,OQMD,6,0.608,0.406,0.61,0.08204978163692252,0.20399999999999996
Ba2ScNbO6,MP,1,2.5719000000000003,2.5719000000000003,2.5719000000000003,,0.0
Ba2ScNbO6,OQMD,11,2.842,2.675,3.213,0.12797300851777663,0.5380000000000003
Ba2ScOsO6,OQMD,1,0.607,0.607,0.607,,0.0
Ba2ScPaO6,MP,1,3.3981,3.3981,3.3981,,0.0
Ba2ScPtO6,OQMD,1,2.071,2.071,2.071,,0.0
Ba2ScRuO6,OQMD,2,0.504,0.405,0.603,0.14000714267493639,0.19799999999999995
Ba2ScSbO6,OQMD,12,3.495,3.001,4.02,0.24153616643676712,1.0189999999999997
Ba2ScSeO6,OQMD,1,1.594,1.594,1.594,,0.0
Ba2ScTaO6,JARVIS,1,3.065,3.065,3.065,,0.0
Ba2ScTaO6,MP,1,3.0173,3.0173,3.0173,,0.0
Ba2ScTaO6,OQMD,10,3.2545,3.216,3.316,0.030442842618038552,0.09999999999999964
Ba2ScTeO6,OQMD,2,0.9884999999999999,0.398,1.579,0.8350931085813126,1.181
Ba2ScUO6,JARVIS,1,0.902,0.902,0.902,,0.0
Ba2ScUO6,MP,1,0.8326000000000001,0.8326000000000001,0.8326000000000001,,0.0
Ba2ScUO6,OQMD,3,3.9769999999999994,3.9760000000000004,3.979,0.001527525231652033,0.0029999999999996696
Ba2ScVO6,OQMD,10,1.6465,1.625,1.989,0.12869209593271672,0.3640000000000001
Ba2SiGeO6,OQMD,1,0.625,0.625,0.625,,0.0
Ba2SiTeO6,OQMD,1,1.979,1.979,1.979,,0.0
Ba2SmCrO6,OQMD,2,0.7049999999999998,0.544,0.8659999999999997,0.22768838354206802,0.3219999999999996
Ba2SmMoO6,JARVIS,1,2.263,2.263,2.263,,0.0
Ba2SmMoO6,MP,1,0.9085000000000001,0.9085000000000001,0.9085000000000001,,0.0
Ba2SmNbO6,JARVIS,1,2.924,2.924,2.924,,0.0
Ba2SmNbO6,MP,2,2.8788999999999993,2.8503,2.907499999999999,0.04044650788386983,0.05719999999999903
Ba2SmNbO6,OQMD,8,3.2245,3.041,3.2649999999999997,0.07216647421067457,0.22399999999999975
Ba2SmRuO6,OQMD,8,0.3460000000000001,0.343,0.3490000000000002,0.0018850918886281274,0.006000000000000172
Ba2SmSbO6,JARVIS,1,3.893,3.893,3.893,,0.0
Ba2SmSbO6,MP,2,3.5825999999999993,3.5598,3.605399999999999,0.032244069222106,0.045599999999998975
Ba2SmSbO6,OQMD,6,4.1505,3.967,4.244,0.11483901775964472,0.2769999999999997
Ba2SmTaO6,JARVIS,1,3.415,3.415,3.415,,0.0
Ba2SmTaO6,MP,1,3.3634,3.3634,3.3634,,0.0
Ba2SmTaO6,OQMD,6,3.753,3.4059999999999997,3.779,0.14668742277373348,0.3730000000000002
Ba2SmVO6,MP,2,1.63095,1.6287,1.6332,0.003181980515339506,0.0044999999999999485
Ba2SmVO6,OQMD,5,1.9189999999999996,1.7509999999999994,1.948,0.08171474775094167,0.1970000000000005
Ba2SmWO6,MP,1,1.7704,1.7704,1.7704,,0.0
Ba2Sn3O7,OQMD,2,1.6145,1.3600000000000003,1.8689999999999998,0.35991735162395233,0.5089999999999995
Ba2Sn3O8,OQMD,2,2.401,2.38,2.422,0.02969848480983534,0.04200000000000026
Ba2SnBiO6,OQMD,1,1.231,1.231,1.231,,0.0
Ba2SnGeO6,OQMD,9,0.251,0.249,1.977,0.689876277152489,1.7280000000000002
Ba2SnMoO6,OQMD,1,1.257,1.257,1.257,,0.0
Ba2SnPbO6,OQMD,7,0.618,0.371,1.348,0.3724654026758408,0.9770000000000001
Ba2SnPdO6,OQMD,6,0.3095,0.247,0.867,0.3046869978628341,0.62
Ba2SnPtO6,OQMD,6,0.3785,0.378,1.251,0.4221017254959598,0.8729999999999999
Ba2SnSbO6,OQMD,1,0.862,0.862,0.862,,0.0
Ba2SnSeO6,OQMD,3,0.747999999999999,0.7409999999999997,0.8689999999999998,0.07196526940128854,0.1280000000000001
Ba2SnTeO6,OQMD,10,0.8584999999999995,0.367999999999999,2.54,0.5828996101864846,2.172000000000001
Ba2SnWO6,MP,2,1.3768500000000001,1.1981,1.5556,0.25279067427419094,0.35750000000000015
Ba2SnWO6,OQMD,9,1.017,0.335,2.013,0.4906880373516355,1.678
Ba2SrMoO6,OQMD,6,2.3055000000000003,2.203,2.4050000000000002,0.09118479405397968,0.2020000000000004
Ba2SrTeO6,AFLOW,1,3.1247,3.1247,3.1247,,0.0
Ba2SrTeO6,JARVIS,1,3.429,3.429,3.429,,0.0
Ba2SrTeO6,MP,1,3.129199999999999,3.129199999999999,3.129199999999999,,0.0
Ba2SrTeO6,OQMD,6,3.5919999999999996,3.451,3.7350000000000003,0.09225544247721476,0.28400000000000025
Ba2SrTi3O9,JARVIS,1,1.772,1.772,1.772,,0.0
Ba2SrTi3O9,MP,1,1.8073000000000001,1.8073000000000001,1.8073000000000001,,0.0
Ba2SrV2O8,MP,1,3.7201,3.7201,3.7201,,0.0
Ba2SrV2O8,OQMD,1,3.851,3.851,3.851,,0.0
Ba2SrWO6,AFLOW,1,3.0555,3.0555,3.0555,,0.0
Ba2SrWO6,JARVIS,1,0.593,0.593,0.593,,0.0
Ba2SrWO6,MP,4,3.23515,3.1754,3.3505000000000003,0.07431457909903477,0.17510000000000048
Ba2SrWO6,OQMD,7,2.894,2.841,3.235,0.148717533471695,0.3939999999999997
Ba2TaAgO6,OQMD,1,0.599,0.599,0.599,,0.0
Ba2TaAlO6,OQMD,11,3.681,3.593,4.086,0.13486053402075665,0.4930000000000003
Ba2TaAsO6,OQMD,11,2.4560000000000004,1.98,3.283,0.3018302352467209,1.303
Ba2TaAuO6,OQMD,1,0.46099999999999985,0.46099999999999985,0.46099999999999985,,0.0
Ba2TaBO6,OQMD,4,3.5570000000000004,3.237,3.911,0.37015537278283556,0.6739999999999999
Ba2TaBiO6,AFLOW,2,2.7367,2.6886,2.7848,0.06802367235014607,0.09620000000000006
Ba2TaBiO6,JARVIS,3,2.642,2.576,2.771,0.09918165152889938,0.19499999999999984
Ba2TaBiO6,MP,3,2.5855,2.536299999999999,2.6759,0.07080602610889429,0.13960000000000106
Ba2TaBiO6,OQMD,15,2.738,2.402,3.157,0.16435843525081165,0.7549999999999999
Ba2TaCoO6,JARVIS,1,0.496,0.496,0.496,,0.0
Ba2TaCoO6,MP,1,1.532799999999999,1.532799999999999,1.532799999999999,,0.0
Ba2TaCoO6,OQMD,8,0.8694999999999999,0.634,1.725,0.365083136324552,1.0910000000000002
Ba2TaCrO6,AFLOW,1,2.2288,2.2288,2.2288,,0.0
Ba2TaCrO6,MP,1,2.2009,2.2009,2.2009,,0.0
Ba2TaCrO6,OQMD,12,2.7145,2.449,2.8,0.10608515733155417,0.351
Ba2TaCuO6,OQMD,5,0.7569999999999999,0.311,0.911,0.279161243728423,0.6000000000000001
Ba2TaFeO6,MP,1,1.862299999999999,1.862299999999999,1.862299999999999,,0.0
Ba2TaFeO6,OQMD,11,1.75,1.71,1.997,0.10028441372598049,0.28700000000000014
Ba2TaGaO6,OQMD,11,3.974,3.804,4.122,0.07554637347652465,0.31800000000000006
Ba2TaInO6,AFLOW,6,4.0981000000000005,4.0972,4.0989,0.00074833147735484,0.001700000000000479
Ba2TaInO6,MP,1,3.945899999999999,3.945899999999999,3.945899999999999,,0.0
Ba2TaInO6,OQMD,16,4.3975,3.057,4.525,0.35691390184935823,1.4680000000000004
Ba2TaIrO6,OQMD,10,1.4224999999999999,1.395,2.477,0.32760545376005773,1.0819999999999999
Ba2TaMnO6,MP,3,1.1694,1.1315,1.182299999999999,0.026405365616353718,0.05079999999999907
Ba2TaMnO6,OQMD,7,0.474,0.308,1.368,0.3699028830073414,1.06
Ba2TaMoO6,OQMD,1,0.769,0.769,0.769,,0.0
Ba2TaNiO6,OQMD,1,0.927,0.927,0.927,,0.0
Ba2TaPbO6,OQMD,2,1.428,0.302,2.554,1.5924044712321048,2.252
Ba2TaPdO6,OQMD,2,0.4545,0.306,0.603,0.2100107140124046,0.297
Ba2TaPtO6,OQMD,2,0.6915,0.465,0.918,0.32031937187750603,0.453
Ba2TaRhO6,OQMD,11,1.266,1.114,1.708,0.14595123718682082,0.5939999999999999
Ba2TaSbO6,OQMD,11,1.964,1.648,3.129,0.38288600249825133,1.481
Ba2TaTcO6,OQMD,1,0.511,0.511,0.511,,0.0
Ba2TaTiO6,OQMD,1,0.45,0.45,0.45,,0.0
Ba2TaTlO6,JARVIS,1,2.415,2.415,2.415,,0.0
Ba2TaTlO6,MP,1,2.241,2.241,2.241,,0.0
Ba2TaTlO6,OQMD,12,2.685,2.424,2.908,0.16956843617092926,0.484
Ba2TaVO6,OQMD,6,0.932,0.776,1.806,0.37067690333586556,1.03
Ba2TbCrO6,OQMD,1,0.375,0.375,0.375,,0.0
Ba2TbNbO6,AFLOW,2,3.1636,3.1457,3.1815,0.02531442276647844,0.035800000000000054
Ba2TbNbO6,JARVIS,2,2.9805,2.905,3.056,0.10677312395916869,0.15100000000000025
Ba2TbNbO6,MP,3,2.9054,2.8523,2.9923,0.07067675242491947,0.14000000000000012
Ba2TbNbO6,OQMD,8,3.1765,2.999,3.297,0.11976994316486216,0.29800000000000004
Ba2TbRuO6,OQMD,6,0.2569999999999999,0.2560000000000002,0.259,0.0010327955589886347,0.0029999999999997806
Ba2TbSbO6,AFLOW,2,3.5059,3.5055,3.5063,0.0005656854249491757,0.0007999999999999119
Ba2TbSbO6,JARVIS,1,3.772,3.772,3.772,,0.0
Ba2TbSbO6,MP,1,3.507199999999999,3.507199999999999,3.507199999999999,,0.0
Ba2TbSbO6,OQMD,6,3.9545000000000003,3.824,4.003,0.06514419902544409,0.17900000000000027
Ba2TbTaO6,JARVIS,1,3.447,3.447,3.447,,0.0
Ba2TbTaO6,MP,2,3.4418999999999995,3.371,3.512799999999999,0.10026774157225175,0.14179999999999904
Ba2TbTaO6,OQMD,6,3.7335000000000003,3.591,3.781,0.08208694577499316,0.18999999999999995
Ba2TbVO6,OQMD,5,1.7979999999999996,1.7639999999999998,1.7989999999999995,0.015323185047502299,0.0349999999999997
Ba2TbWO6,MP,2,1.7307000000000001,1.6795,1.7819,0.07240773439350241,0.10240000000000005
Ba2TbZrO6,OQMD,1,4.335999999999999,4.335999999999999,4.335999999999999,,0.0
Ba2TcSbO6,OQMD,1,0.338,0.338,0.338,,0.0
Ba2TcSnO6,OQMD,10,0.353,0.351,0.865,0.20971157441697003,0.514
Ba2TcTeO6,OQMD,10,1.0255,0.672999999999999,1.214,0.19382110881486123,0.5410000000000009
Ba2TeCO6,OQMD,1,0.3680000000000003,0.3680000000000003,0.3680000000000003,,0.0
Ba2TePbO6,OQMD,12,1.721,0.244000000000001,1.9719999999999995,0.47320951218698265,1.7279999999999984
Ba2TePdO6,OQMD,1,0.728,0.728,0.728,,0.0
Ba2TePtO6,OQMD,2,0.9265000000000005,0.866000000000001,0.987,0.0855599205235715,0.120999999999999
Ba2TeRhO6,OQMD,1,0.869000000000001,0.869000000000001,0.869000000000001,,0.0
Ba2TeWO6,OQMD,1,0.341,0.341,0.341,,0.0
Ba2Ti(GeO4)2,AFLOW,2,3.6585,3.6584,3.6586,0.00014142135623745094,0.00019999999999997797
Ba2Ti(GeO4)2,MP,1,3.7129000000000003,3.7129000000000003,3.7129000000000003,,0.0
Ba2Ti(SiO4)2,AFLOW,8,4.33045,4.3184,4.3378,0.007277705682424721,0.019400000000000084
Ba2Ti(SiO4)2,MP,1,3.7274000000000003,3.7274000000000003,3.7274000000000003,,0.0
Ba2Ti2TlO7,MP,1,0.13159999999999902,0.13159999999999902,0.13159999999999902,,0.0
Ba2Ti3Tl2O10,JARVIS,1,0.805,0.805,0.805,,0.0
Ba2Ti3Tl2O10,MP,1,0.753599999999999,0.753599999999999,0.753599999999999,,0.0
Ba2TiBiO6,OQMD,2,1.2215,0.243,2.2,1.3838079707820736,1.9570000000000003
Ba2TiCoO6,OQMD,2,0.667,0.485,0.849,0.2573868683519033,0.364
Ba2TiCrO6,OQMD,4,0.7415,0.245,0.978,0.30901402341425654,0.733
Ba2TiGeO6,OQMD,10,2.4859999999999998,2.334,3.746,0.41995434937092324,1.412
Ba2TiMnO6,MP,1,1.158799999999999,1.158799999999999,1.158799999999999,,0.0
Ba2TiMnO6,OQMD,12,0.749,0.621,1.479,0.24326246892580616,0.8580000000000001
Ba2TiPbO6,OQMD,10,1.596,1.473,2.204,0.20483947644707337,0.7310000000000001
Ba2TiPdO6,OQMD,10,0.496,0.493,1.586,0.3552652999285651,1.093
Ba2TiPtO6,OQMD,10,0.9450000000000001,0.874,1.989,0.3519965435436358,1.1150000000000002
Ba2TiReO6,OQMD,1,0.246,0.246,0.246,,0.0
Ba2TiSO6,OQMD,3,1.7499999999999996,1.624,1.8599999999999999,0.11809036088239086,0.23599999999999977
Ba2TiSbO6,OQMD,2,1.0975,0.241,1.954,1.2112739161725559,1.713
Ba2TiSeO6,OQMD,4,2.1135,1.9909999999999997,2.1160000000000005,0.061711695271912316,0.1250000000000009
Ba2TiSiO6,OQMD,2,2.1615,2.128,2.195,0.047376154339498336,0.06699999999999973
Ba2TiSnO6,OQMD,10,2.839,2.665,2.964,0.09681603402559119,0.29899999999999993
Ba2TiTcO6,OQMD,1,0.509,0.509,0.509,,0.0
Ba2TiTeO6,OQMD,11,1.459,1.215,2.656,0.4049973512820233,1.441
Ba2TiVO6,OQMD,8,0.7355,0.612,1.072,0.1541760936628726,0.4600000000000001
Ba2TlCrO6,OQMD,4,0.74,0.617,1.099,0.2082370444149327,0.482
Ba2TlMoO6,OQMD,1,2.215,2.215,2.215,,0.0
Ba2TlReO6,OQMD,8,1.052,0.744,1.602,0.24889982924863574,0.8580000000000001
Ba2TlRuO6,OQMD,4,0.3745,0.372,0.37600000000000033,0.002061552812808925,0.004000000000000337
Ba2TlSbO6,OQMD,9,0.734,0.246,1.699,0.4408995854437203,1.453
Ba2TlVO6,OQMD,11,1.349,1.228,2.052,0.25738884626536984,0.8240000000000001
Ba2TlWO6,OQMD,2,1.4304999999999999,0.336,2.525,1.5478567440173523,2.189
Ba2TmCrO6,OQMD,2,0.25150000000000006,0.25100000000000033,0.2519999999999998,0.0007071067811861557,0.0009999999999994458
Ba2TmNbO6,JARVIS,1,2.914,2.914,2.914,,0.0
Ba2TmNbO6,MP,1,2.8502,2.8502,2.8502,,0.0
Ba2TmNbO6,OQMD,7,3.0940000000000003,2.952,3.231,0.0812131234996623,0.2789999999999999
Ba2TmRuO6,JARVIS,1,0.07,0.07,0.07,,0.0
Ba2TmRuO6,MP,1,0.0645,0.0645,0.0645,,0.0
Ba2TmRuO6,OQMD,3,0.258,0.2569999999999997,0.286,0.016462077633154434,0.029000000000000303
Ba2TmSbO6,OQMD,8,3.7285,2.611,3.852,0.4055577948948829,1.2409999999999997
Ba2TmTaO6,JARVIS,1,3.456,3.456,3.456,,0.0
Ba2TmTaO6,MP,1,3.4065,3.4065,3.4065,,0.0
Ba2TmTaO6,OQMD,6,3.6195,2.4360000000000004,3.795,0.5013210548141779,1.3589999999999995
Ba2TmVO6,OQMD,5,1.8039999999999998,1.6440000000000001,1.8040000000000003,0.07155417527999322,0.16000000000000014
Ba2UBiO6,OQMD,1,2.6929999999999996,2.6929999999999996,2.6929999999999996,,0.0
Ba2UCrO6,JARVIS,1,0.75,0.75,0.75,,0.0
Ba2UCrO6,MP,1,0.9356999999999991,0.9356999999999991,0.9356999999999991,,0.0
Ba2UCuO6,AFLOW,5,1.3723,1.3513,1.377,0.010390235800981574,0.025700000000000056
Ba2UCuO6,MP,1,0.073099999999999,0.073099999999999,0.073099999999999,,0.0
Ba2UCuO6,OQMD,1,0.545,0.545,0.545,,0.0
Ba2UFeO6,AFLOW,2,1.92205,1.9175,1.9266,0.006434671708797659,0.009100000000000108
Ba2UFeO6,JARVIS,1,0.182,0.182,0.182,,0.0
Ba2UFeO6,MP,1,0.5156000000000001,0.5156000000000001,0.5156000000000001,,0.0
Ba2UFeO6,OQMD,2,2.316,2.212,2.42,0.14707821048680156,0.20799999999999974
Ba2UGeO6,JARVIS,1,0.598,0.598,0.598,,0.0
Ba2UGeO6,MP,1,0.6334000000000001,0.6334000000000001,0.6334000000000001,,0.0
Ba2UInO6,JARVIS,1,1.066,1.066,1.066,,0.0
Ba2UIrO6,OQMD,3,1.4700000000000006,1.468,1.471,0.0015275252316520693,0.0030000000000001137
Ba2UMnO6,JARVIS,2,0.087,0.065,0.109,0.031112698372208085,0.044
Ba2UMnO6,MP,1,0.06130000000000001,0.06130000000000001,0.06130000000000001,,0.0
Ba2UMnO6,OQMD,2,1.8580000000000003,1.4720000000000004,2.244,0.5458864350760145,0.7719999999999998
Ba2UNiO6,AFLOW,2,2.60915,2.6076,2.6107,0.0021920310216782127,0.0030999999999998806
Ba2UNiO6,JARVIS,1,1.038,1.038,1.038,,0.0
Ba2UNiO6,MP,1,1.6246,1.6246,1.6246,,0.0
Ba2UNiO6,OQMD,1,2.798,2.798,2.798,,0.0
Ba2USbO6,OQMD,2,0.5245000000000002,0.524,0.5250000000000004,0.0007071067811867837,0.001000000000000334
Ba2UTaO6,OQMD,2,0.7920000000000003,0.7040000000000006,0.8799999999999999,0.12445079348883185,0.17599999999999927
Ba2UZnO6,AFLOW,2,2.89005,2.8893,2.8908,0.0010606601717798615,0.0015000000000000568
Ba2UZnO6,JARVIS,2,1.736,1.736,1.736,0.0,0.0
Ba2UZnO6,MP,1,1.786299999999999,1.786299999999999,1.786299999999999,,0.0
Ba2UZnO6,OQMD,1,3.104,3.104,3.104,,0.0
Ba2V(SiO4)2,AFLOW,2,2.3123,2.3104,2.3142,0.0026870057685088986,0.0038000000000000256
Ba2V(SiO4)2,JARVIS,1,0.96,0.96,0.96,,0.0
Ba2V(SiO4)2,MP,1,2.6343,2.6343,2.6343,,0.0
Ba2V2ZnO8,AFLOW,1,3.4926,3.4926,3.4926,,0.0
Ba2V2ZnO8,MP,1,3.4759,3.4759,3.4759,,0.0
Ba2V3HO9,MP,1,1.9502000000000002,1.9502000000000002,1.9502000000000002,,0.0
Ba2VAsO6,OQMD,2,0.44050000000000056,0.25200000000000067,0.6290000000000004,0.2665792565073283,0.3769999999999998
Ba2VBO6,OQMD,1,2.012,2.012,2.012,,0.0
Ba2VBiO6,MP,2,1.1293999999999995,1.1225,1.136299999999999,0.009758073580373595,0.013799999999998924
Ba2VBiO6,OQMD,9,1.212,0.972,2.978,0.6589296244668319,2.0060000000000002
Ba2VCoO6,OQMD,8,0.756,0.251,1.117,0.2752305202656753,0.866
Ba2VCrO6,OQMD,12,1.495,1.238,1.692,0.10868229344787911,0.45399999999999996
Ba2VFeO6,MP,2,0.8613,0.6837000000000001,1.0389,0.2511643286774616,0.35519999999999985
Ba2VFeO6,OQMD,12,1.1245,0.62,1.581,0.21257731213928646,0.961
Ba2VGaO6,OQMD,10,1.7395,1.624,2.417,0.23506417563437146,0.7929999999999997
Ba2VGeO6,OQMD,7,1.127,0.876,1.363,0.21131177597726705,0.487
Ba2VInO6,OQMD,10,1.9335,1.817,1.9919999999999995,0.06761730547722228,0.1749999999999996
Ba2VIrO6,OQMD,2,0.25950000000000006,0.258,0.2610000000000001,0.002121320343559723,0.0030000000000001137
Ba2VMoO6,MP,1,0.40029999999999905,0.40029999999999905,0.40029999999999905,,0.0
Ba2VMoO6,OQMD,3,0.323,0.322,0.475,0.08804733575374855,0.15299999999999997
Ba2VRhO6,OQMD,3,0.861,0.25,1.25,0.5040902696938316,1.0
Ba2VSO6,OQMD,1,1.1589999999999998,1.1589999999999998,1.1589999999999998,,0.0
Ba2VSbO6,OQMD,7,1.232,0.849,1.244,0.14387593862173664,0.395
Ba2VSeO6,OQMD,2,1.2730000000000001,1.267,1.2790000000000004,0.008485281374238892,0.012000000000000455
Ba2VSiO6,OQMD,1,1.16,1.16,1.16,,0.0
Ba2VSnO6,OQMD,7,1.345,0.994,1.606,0.19830652079666009,0.6120000000000001
Ba2VTeO6,OQMD,6,0.7025000000000003,0.6419999999999995,0.8810000000000002,0.09696116060911533,0.23900000000000077
Ba2VWO6,OQMD,10,0.8560000000000005,0.513,1.529,0.2630690657096218,1.016
Ba2WCO6,OQMD,2,2.1620000000000004,2.0770000000000004,2.2470000000000003,0.12020815280171303,0.16999999999999993
Ba2YAsO6,OQMD,11,3.565,2.821,3.57,0.263085260981026,0.7489999999999997
Ba2YAuO6,OQMD,1,1.742,1.742,1.742,,0.0
Ba2YBiO6,AFLOW,2,1.93525,1.9341,1.9364,0.0016263455967290372,0.0022999999999999687
Ba2YBiO6,JARVIS,1,1.957,1.957,1.957,,0.0
Ba2YBiO6,MP,2,1.7910999999999992,1.758499999999999,1.8236999999999992,0.04610336213336292,0.06520000000000015
Ba2YBiO6,OQMD,12,2.293,1.9189999999999996,2.642,0.18072253972218408,0.7230000000000003
Ba2YBrO6,OQMD,11,2.603,2.077,2.741,0.1688497987723247,0.6640000000000001
Ba2YCrO6,OQMD,5,0.697,0.537,0.701,0.07151363506353173,0.16399999999999992
Ba2YNbO6,AFLOW,1,3.0843,3.0843,3.0843,,0.0
Ba2YNbO6,JARVIS,1,2.92,2.92,2.92,,0.0
Ba2YNbO6,MP,2,2.8792999999999997,2.8514,2.9072,0.03945655839020924,0.05580000000000007
Ba2YNbO6,OQMD,14,3.1605,2.934,3.356,0.12259932057965647,0.4219999999999997
Ba2YOsO6,MP,1,0.055099999999999004,0.055099999999999004,0.055099999999999004,,0.0
Ba2YOsO6,OQMD,1,0.799,0.799,0.799,,0.0
Ba2YPO6,OQMD,2,4.5035,4.5,4.507,0.004949747468305602,0.006999999999999673
Ba2YPaO6,MP,1,3.491999999999999,3.491999999999999,3.491999999999999,,0.0
Ba2YRuO6,AFLOW,2,1.1106500000000001,1.1105,1.1108,0.00021213203435601938,0.00029999999999996696
Ba2YRuO6,JARVIS,1,0.099,0.099,0.099,,0.0
Ba2YRuO6,MP,1,0.0903,0.0903,0.0903,,0.0
Ba2YRuO6,OQMD,4,0.436,0.353,0.704,0.16726700212534448,0.351
Ba2YSbO6,AFLOW,4,3.5419,3.5364,3.5454,0.003942080668885426,0.008999999999999897
Ba2YSbO6,JARVIS,1,3.864,3.864,3.864,,0.0
Ba2YSbO6,MP,2,3.5462,3.5377,3.554699999999999,0.01202081528017077,0.016999999999999016
Ba2YSbO6,OQMD,15,4.04,2.77,4.218,0.3922156233987822,1.448
Ba2YTaO6,AFLOW,8,3.4795,3.4779,3.5462,0.028605840437624853,0.0682999999999998
Ba2YTaO6,JARVIS,2,3.4885,3.445,3.532,0.06151828996322992,0.08700000000000019
Ba2YTaO6,MP,2,3.4129499999999995,3.362,3.463899999999999,0.07205418100290832,0.10189999999999877
Ba2YTaO6,OQMD,14,3.6745,3.463,3.853,0.11803829235268733,0.3900000000000001
Ba2YUO6,MP,1,0.8651999999999991,0.8651999999999991,0.8651999999999991,,0.0
Ba2YUO6,OQMD,4,4.001,3.9719999999999995,4.003,0.014952703211571536,0.031000000000000583
Ba2YVO6,OQMD,11,1.74,1.724,1.907,0.05181558207194573,0.18300000000000005
Ba2YWO6,MP,1,1.7928000000000002,1.7928000000000002,1.7928000000000002,,0.0
Ba2YWO6,OQMD,1,0.345999999999999,0.345999999999999,0.345999999999999,,0.0
Ba2YbCrO6,OQMD,1,0.7610000000000001,0.7610000000000001,0.7610000000000001,,0.0
Ba2YbMoO6,JARVIS,1,2.124,2.124,2.124,,0.0
Ba2YbMoO6,MP,1,2.2435,2.2435,2.2435,,0.0
Ba2YbMoO6,OQMD,8,2.253,2.089,2.2560000000000002,0.05746303159423451,0.16700000000000026
Ba2YbReO6,JARVIS,1,1.947,1.947,1.947,,0.0
Ba2YbTeO6,OQMD,4,3.274,3.207,3.33,0.06636452365533871,0.12300000000000022
Ba2YbWO6,OQMD,6,2.9815,2.9,3.0839999999999996,0.09327539868582697,0.18399999999999972
Ba2ZnCrO6,OQMD,4,0.7685,0.765,0.8969999999999998,0.06485560885536414,0.13199999999999978
Ba2ZnGe2O7,AFLOW,1,3.367,3.367,3.367,,0.0
Ba2ZnGe2O7,JARVIS,1,3.072,3.072,3.072,,0.0
Ba2ZnGe2O7,MP,1,3.1063,3.1063,3.1063,,0.0
Ba2ZnMoO6,JARVIS,1,2.299,2.299,2.299,,0.0
Ba2ZnMoO6,MP,1,2.385199999999999,2.385199999999999,2.385199999999999,,0.0
Ba2ZnMoO6,OQMD,13,2.31,2.078,2.433,0.09865187432427383,0.355
Ba2ZnSO6,OQMD,1,0.25,0.25,0.25,,0.0
Ba2ZnSeO6,OQMD,2,1.6500000000000001,1.112,2.188,0.7608468965567252,1.076
Ba2ZnSi2O7,AFLOW,1,4.2748,4.2748,4.2748,,0.0
Ba2ZnSi2O7,JARVIS,1,4.29,4.29,4.29,,0.0
Ba2ZnSi2O7,MP,1,4.0027,4.0027,4.0027,,0.0
Ba2ZnTeO6,MP,1,0.444399999999999,0.444399999999999,0.444399999999999,,0.0
Ba2ZnTeO6,OQMD,17,0.866000000000001,0.74,2.667,0.5145854485151413,1.9269999999999998
Ba2ZnWO6,AFLOW,3,2.9877,2.9874,2.9885,0.0005686240703078263,0.001100000000000101
Ba2ZnWO6,JARVIS,2,0.456,0.456,0.456,0.0,0.0
Ba2ZnWO6,MP,1,3.3679,3.3679,3.3679,,0.0
Ba2ZnWO6,OQMD,15,3.15,2.728,3.271,0.1309715708883129,0.5429999999999997
Ba2ZrBiO6,OQMD,1,1.585,1.585,1.585,,0.0
Ba2ZrCoO6,OQMD,3,0.826,0.414,0.8359999999999999,0.24080697664311965,0.4219999999999999
Ba2ZrCrO6,OQMD,9,0.617,0.406,1.043,0.20766084796556566,0.6369999999999999
Ba2ZrGeO6,OQMD,10,3.928,3.462,3.96,0.1612712001567545,0.4979999999999998
Ba2ZrMnO6,OQMD,12,1.3375,1.244,1.841,0.17692679533945932,0.597
Ba2ZrNbO6,OQMD,2,0.4014999999999995,0.399999999999999,0.403,0.002121320343560351,0.003000000000001002
Ba2ZrNiO6,OQMD,1,1.032,1.032,1.032,,0.0
Ba2ZrNpO6,OQMD,3,3.001,2.9780000000000006,3.002,0.013576941236277033,0.023999999999999133
Ba2ZrPbO6,OQMD,10,2.432,2.015,3.013,0.26456255298973136,0.9979999999999998
Ba2ZrPdO6,OQMD,10,1.2275,1.022,2.218,0.33894609535375314,1.196
Ba2ZrPtO6,OQMD,10,1.653,1.641,2.644,0.31348664688911043,1.0030000000000001
Ba2ZrReO6,OQMD,1,0.813,0.813,0.813,,0.0
Ba2ZrSbO6,OQMD,1,1.779,1.779,1.779,,0.0
Ba2ZrSeO6,OQMD,3,2.8540000000000005,2.634,2.878,0.13448172118668542,0.24400000000000022
Ba2ZrSiO6,OQMD,1,3.78,3.78,3.78,,0.0
Ba2ZrSnO6,JARVIS,1,3.858,3.858,3.858,,0.0
Ba2ZrSnO6,MP,1,3.6894,3.6894,3.6894,,0.0
Ba2ZrSnO6,OQMD,10,4.179,3.037,4.311,0.38154785632560784,1.274
Ba2ZrTaO6,OQMD,1,0.401,0.401,0.401,,0.0
Ba2ZrTcO6,OQMD,4,0.4115,0.409999999999999,1.015,0.3020011037507425,0.6050000000000009
Ba2ZrTeO6,OQMD,10,2.2195,2.182,3.171,0.29850620689619756,0.9889999999999999
Ba2ZrTiO6,MP,1,2.2161,2.2161,2.2161,,0.0
Ba2ZrTiO6,OQMD,13,2.4320000000000004,2.233,2.59,0.07479956122180367,0.35699999999999976
Ba2ZrVO6,OQMD,7,1.018,1.016,1.802,0.3078535520727502,0.786
Ba3(IrO4)2,OQMD,1,0.6199999999999997,0.6199999999999997,0.6199999999999997,,0.0
Ba3(ReO4)2,OQMD,1,0.49900000000000055,0.49900000000000055,0.49900000000000055,,0.0
Ba3(SbO4)2,OQMD,1,3.0,3.0,3.0,,0.0
Ba3Al2(SiO4)3,AFLOW,1,3.2937,3.2937,3.2937,,0.0
Ba3Al2(SiO4)3,JARVIS,1,3.495,3.495,3.495,,0.0
Ba3Al2(SiO4)3,MP,1,3.4204,3.4204,3.4204,,0.0
Ba3BeNb2O9,OQMD,1,2.6470000000000002,2.6470000000000002,2.6470000000000002,,0.0
Ba3BeSb2O9,OQMD,1,0.375,0.375,0.375,,0.0
Ba3BeV2O9,OQMD,1,1.5069999999999997,1.5069999999999997,1.5069999999999997,,0.0
Ba3Bi2RuO9,MP,1,0.44660000000000005,0.44660000000000005,0.44660000000000005,,0.0
Ba3Bi2TeO9,AFLOW,1,2.1264,2.1264,2.1264,,0.0
Ba3Bi2TeO9,JARVIS,1,2.169,2.169,2.169,,0.0
Ba3Bi2TeO9,MP,1,2.1188,2.1188,2.1188,,0.0
Ba3BiIr2O9,AFLOW,1,0.4296,0.4296,0.4296,,0.0
Ba3BiRu2O9,AFLOW,1,0.8786,0.8786,0.8786,,0.0
Ba3CaAl2V2O12,OQMD,2,1.4685000000000001,1.4680000000000004,1.4689999999999999,0.0007071067811861557,0.0009999999999994458
Ba3CaCr3MoO12,OQMD,1,0.4790000000000001,0.4790000000000001,0.4790000000000001,,0.0
Ba3CaMn(FeO4)3,OQMD,1,1.2650000000000001,1.2650000000000001,1.2650000000000001,,0.0
Ba3CaMn3FeO12,OQMD,1,0.248,0.248,0.248,,0.0
Ba3CaMo(WO4)3,OQMD,1,0.33199999999999985,0.33199999999999985,0.33199999999999985,,0.0
Ba3CaNb2O9,JARVIS,1,2.703,2.703,2.703,,0.0
Ba3CaNb2O9,MP,1,2.646,2.646,2.646,,0.0
Ba3CaNb2O9,OQMD,2,2.8354999999999997,2.8339999999999996,2.837,0.00212132034355988,0.0030000000000005578
Ba3CaRu2O9,AFLOW,4,0.9800500000000001,0.8604,0.9897,0.06160381481694133,0.12929999999999997
Ba3CaSb2O9,AFLOW,1,3.1721,3.1721,3.1721,,0.0
Ba3CaSb2O9,MP,1,3.1711,3.1711,3.1711,,0.0
Ba3CaSb2O9,OQMD,1,1.241,1.241,1.241,,0.0
Ba3CaTa2O9,JARVIS,1,3.268,3.268,3.268,,0.0
Ba3CaTa2O9,MP,1,3.1979,3.1979,3.1979,,0.0
Ba3CaTa2O9,OQMD,1,3.5129999999999995,3.5129999999999995,3.5129999999999995,,0.0
Ba3CaTi2Mn2O12,OQMD,2,0.946,0.8839999999999999,1.008,0.08768124086713197,0.12400000000000011
Ba3CaTi3CoO12,OQMD,1,0.7180000000000002,0.7180000000000002,0.7180000000000002,,0.0
Ba3CaTi3CrO12,OQMD,1,0.24299999999999988,0.24299999999999988,0.24299999999999988,,0.0
Ba3CaTi3MnO12,OQMD,1,0.734,0.734,0.734,,0.0
Ba3CaTi3MoO12,OQMD,1,0.30600000000000005,0.30600000000000005,0.30600000000000005,,0.0
Ba3CaTi4O12,OQMD,1,1.8280000000000003,1.8280000000000003,1.8280000000000003,,0.0
Ba3CaTiCr3O12,OQMD,1,0.2490000000000001,0.2490000000000001,0.2490000000000001,,0.0
Ba3CaTiMn3O12,OQMD,1,0.38000000000000034,0.38000000000000034,0.38000000000000034,,0.0
Ba3CaV2(FeO6)2,OQMD,2,1.0715000000000001,1.0100000000000002,1.133,0.08697413408594519,0.12299999999999978
Ba3CaV2Cr2O12,OQMD,2,1.3875000000000002,1.3860000000000001,1.3890000000000002,0.002121320343559723,0.0030000000000001137
Ba3CaV3FeO12,OQMD,1,0.5069999999999997,0.5069999999999997,0.5069999999999997,,0.0
Ba3CaVCr3O12,OQMD,1,0.3810000000000002,0.3810000000000002,0.3810000000000002,,0.0
Ba3CaZr(WO4)3,OQMD,1,0.6000000000000001,0.6000000000000001,0.6000000000000001,,0.0
Ba3CaZr2Mn2O12,OQMD,2,1.5665,1.4610000000000003,1.6719999999999997,0.1491995308303611,0.2109999999999994
Ba3CaZr2Ti2O12,OQMD,2,2.5214999999999996,2.4219999999999997,2.621,0.14071424945612301,0.1990000000000003
Ba3CaZr3MnO12,OQMD,1,0.8130000000000002,0.8130000000000002,0.8130000000000002,,0.0
Ba3CaZr3TiO12,OQMD,1,1.6790000000000003,1.6790000000000003,1.6790000000000003,,0.0
Ba3CaZr3VO12,OQMD,1,1.222,1.222,1.222,,0.0
Ba3CaZr4O12,OQMD,1,3.4119999999999995,3.4119999999999995,3.4119999999999995,,0.0
Ba3CdSb2O9,OQMD,2,0.37200000000000033,0.37200000000000033,0.37200000000000033,0.0,0.0
Ba3Co2(NO2)12,MP,1,2.1658,2.1658,2.1658,,0.0
Ba3CoRu2O9,AFLOW,2,0.7351000000000001,0.6811,0.7891,0.07636753236814717,0.10799999999999998
Ba3CoSb2O9,AFLOW,2,2.33135,2.3306,2.3321,0.0010606601717798615,0.0015000000000000568
Ba3CoSb2O9,OQMD,1,0.24800000000000022,0.24800000000000022,0.24800000000000022,,0.0
Ba3Cr2MoO9,AFLOW,1,1.1223,1.1223,1.1223,,0.0
Ba3Cr2WO9,AFLOW,1,1.7512,1.7512,1.7512,,0.0
Ba3CuRu2O9,AFLOW,3,0.6304,0.5352,0.6354,0.05646249492657347,0.10019999999999996
Ba3Dy2MoO9,MP,1,1.3959000000000001,1.3959000000000001,1.3959000000000001,,0.0
Ba3Dy2WO9,MP,1,2.2084,2.2084,2.2084,,0.0
Ba3DyRu2O9,AFLOW,1,0.5992,0.5992,0.5992,,0.0
Ba3Er2MoO9,MP,1,2.063,2.063,2.063,,0.0
Ba3ErRu2O9,AFLOW,1,0.5727,0.5727,0.5727,,0.0
Ba3Fe10SnO20,MP,1,1.7977999999999992,1.7977999999999992,1.7977999999999992,,0.0
Ba3Fe2(Ge2O7)2,MP,1,0.39679999999999904,0.39679999999999904,0.39679999999999904,,0.0
Ba3Fe2TeO9,MP,1,1.701299999999999,1.701299999999999,1.701299999999999,,0.0
Ba3Fe2WO9,MP,1,1.515899999999999,1.515899999999999,1.515899999999999,,0.0
Ba3FeGe5O14,MP,1,1.597,1.597,1.597,,0.0
Ba3Ga2(Ge2O7)2,AFLOW,1,2.2336,2.2336,2.2336,,0.0
Ba3Ga2(Ge2O7)2,JARVIS,1,2.353,2.353,2.353,,0.0
Ba3Ga2(Ge2O7)2,MP,1,2.258999999999999,2.258999999999999,2.258999999999999,,0.0
Ba3Ge2(B3O8)2,AFLOW,1,4.0772,4.0772,4.0772,,0.0
Ba3Ge2(B3O8)2,JARVIS,2,4.1955,4.15,4.241,0.06434671708797533,0.0909999999999993
Ba3Ge2(B3O8)2,MP,1,4.1759,4.1759,4.1759,,0.0
Ba3Ho2MoO9,JARVIS,1,2.021,2.021,2.021,,0.0
Ba3Ho2MoO9,MP,1,2.1402,2.1402,2.1402,,0.0
Ba3In2MoO9,JARVIS,1,1.691,1.691,1.691,,0.0
Ba3In2MoO9,MP,1,1.8273000000000001,1.8273000000000001,1.8273000000000001,,0.0
Ba3In2WO9,MP,2,2.6808999999999994,2.6734,2.688399999999999,0.010606601717797358,0.014999999999998792
Ba3InRu2O9,AFLOW,3,0.7289,0.7289,0.7306,0.000981495457622392,0.0017000000000000348
Ba3LaCr(FeO4)3,OQMD,1,0.27600000000000025,0.27600000000000025,0.27600000000000025,,0.0
Ba3LaMn3MoO12,OQMD,1,0.6480000000000001,0.6480000000000001,0.6480000000000001,,0.0
Ba3LaRu2O9,AFLOW,1,0.6619,0.6619,0.6619,,0.0
Ba3LaTiV3O12,OQMD,1,0.2699999999999996,0.2699999999999996,0.2699999999999996,,0.0
Ba3LaV3CrO12,OQMD,1,0.9470000000000001,0.9470000000000001,0.9470000000000001,,0.0
Ba3LaZr3AlO12,OQMD,1,0.5980000000000001,0.5980000000000001,0.5980000000000001,,0.0
Ba3LaZrTi3O12,OQMD,1,0.5759999999999996,0.5759999999999996,0.5759999999999996,,0.0
Ba3Lu2MoO9,JARVIS,1,1.767,1.767,1.767,,0.0
Ba3Lu2MoO9,MP,1,1.898299999999999,1.898299999999999,1.898299999999999,,0.0
Ba3MgAl2V2O12,OQMD,2,1.527,1.5259999999999998,1.528,0.0014142135623732533,0.002000000000000224
Ba3MgAlV3O12,OQMD,1,0.3879999999999999,0.3879999999999999,0.3879999999999999,,0.0
Ba3MgMn3CoO12,OQMD,1,0.246,0.246,0.246,,0.0
Ba3MgNb2O9,AFLOW,4,2.9072,2.9064,2.9085,0.0010874281585463237,0.0020999999999999908
Ba3MgNb2O9,JARVIS,1,2.712,2.712,2.712,,0.0
Ba3MgNb2O9,MP,1,2.647999999999999,2.647999999999999,2.647999999999999,,0.0
Ba3MgNb2O9,OQMD,1,2.774,2.774,2.774,,0.0
Ba3MgRu2O9,AFLOW,2,0.8761,0.8752,0.877,0.0012727922061358025,0.0018000000000000238
Ba3MgSb2O9,AFLOW,1,2.6497,2.6497,2.6497,,0.0
Ba3MgSb2O9,JARVIS,1,2.688,2.688,2.688,,0.0
Ba3MgSb2O9,MP,1,2.6494,2.6494,2.6494,,0.0
Ba3MgSb2O9,OQMD,2,0.8714999999999997,0.8709999999999996,0.8719999999999999,0.0007071067811867837,0.001000000000000334
Ba3MgTa2O9,AFLOW,3,3.3957,3.39,3.4021,0.006053373714990066,0.012099999999999778
Ba3MgTa2O9,JARVIS,1,3.353,3.353,3.353,,0.0
Ba3MgTa2O9,MP,1,3.2733,3.2733,3.2733,,0.0
Ba3MgTa2O9,OQMD,1,3.445,3.445,3.445,,0.0
Ba3MgTi(MoO4)3,OQMD,1,0.31099999999999994,0.31099999999999994,0.31099999999999994,,0.0
Ba3MgTi(WO4)3,OQMD,1,0.33499999999999996,0.33499999999999996,0.33499999999999996,,0.0
Ba3MgTi2Mn2O12,OQMD,2,1.006,1.0059999999999998,1.0060000000000002,3.1401849173675503e-16,4.440892098500626e-16
Ba3MgTi3CoO12,OQMD,1,0.8760000000000001,0.8760000000000001,0.8760000000000001,,0.0
Ba3MgTi3CrO12,OQMD,1,0.7560000000000002,0.7560000000000002,0.7560000000000002,,0.0
Ba3MgTi4O12,OQMD,1,1.8649999999999998,1.8649999999999998,1.8649999999999998,,0.0
Ba3MgTiMn3O12,OQMD,1,0.37600000000000033,0.37600000000000033,0.37600000000000033,,0.0
Ba3MgTiV3O12,OQMD,1,0.9059999999999997,0.9059999999999997,0.9059999999999997,,0.0
Ba3MgV2(FeO6)2,OQMD,2,1.0715000000000001,1.0050000000000003,1.138,0.09404520189781052,0.13299999999999956
Ba3MgV2Cr2O12,OQMD,2,1.2609999999999997,1.2579999999999996,1.2639999999999998,0.004242640687119446,0.006000000000000227
Ba3MgV2O9,OQMD,1,1.5339999999999998,1.5339999999999998,1.5339999999999998,,0.0
Ba3MgZr2Mn2O12,OQMD,2,1.5475,1.444,1.6510000000000002,0.14637110370561554,0.2070000000000003
Ba3MgZr2Ti2O12,OQMD,2,2.4545,2.4539999999999997,2.455,0.0007071067811867837,0.001000000000000334
Ba3MgZr3CrO12,OQMD,1,0.6259999999999999,0.6259999999999999,0.6259999999999999,,0.0
Ba3MgZr3MnO12,OQMD,1,0.6300000000000003,0.6300000000000003,0.6300000000000003,,0.0
Ba3MgZr4O12,OQMD,1,2.855,2.855,2.855,,0.0
Ba3MgZrMn3O12,OQMD,1,0.6280000000000001,0.6280000000000001,0.6280000000000001,,0.0
Ba3Mn2O8,OQMD,1,1.644,1.644,1.644,,0.0
Ba3Mn2RuO9,MP,1,0.198499999999999,0.198499999999999,0.198499999999999,,0.0
Ba3Mn4PtO12,MP,1,0.06820000000000001,0.06820000000000001,0.06820000000000001,,0.0
Ba3MnBr2O9,OQMD,1,0.6239999999999997,0.6239999999999997,0.6239999999999997,,0.0
Ba3MnNb2O9,JARVIS,1,0.279,0.279,0.279,,0.0
Ba3MnNb2O9,MP,1,1.7737999999999992,1.7737999999999992,1.7737999999999992,,0.0
Ba3MnNb2O9,OQMD,1,1.606,1.606,1.606,,0.0
Ba3MnSb2O9,AFLOW,1,1.7797,1.7797,1.7797,,0.0
Ba3MnSb2O9,MP,1,1.5103,1.5103,1.5103,,0.0
Ba3MnV2O9,OQMD,1,1.279,1.279,1.279,,0.0
Ba3MoO6,OQMD,12,2.2115,2.08,2.386,0.06637513910274762,0.30600000000000005
Ba3Nb2CdO9,MP,1,2.8138,2.8138,2.8138,,0.0
Ba3Nb2CdO9,OQMD,5,3.005,3.0020000000000002,3.01,0.003114482300479396,0.007999999999999563
Ba3Nb2CoO9,AFLOW,1,2.5805,2.5805,2.5805,,0.0
Ba3Nb2CoO9,MP,1,1.6878000000000002,1.6878000000000002,1.6878000000000002,,0.0
Ba3Nb2CoO9,OQMD,2,1.3074999999999997,1.019,1.5959999999999996,0.4080006127446378,0.5769999999999997
Ba3Nb2CuO9,OQMD,1,1.4660000000000002,1.4660000000000002,1.4660000000000002,,0.0
Ba3Nb2GeO9,OQMD,1,1.0110000000000001,1.0110000000000001,1.0110000000000001,,0.0
Ba3Nb2HgO9,OQMD,2,2.6555,2.5989999999999998,2.712,0.07990306627408017,0.11300000000000043
Ba3Nb2NiO9,MP,1,2.680799999999999,2.680799999999999,2.680799999999999,,0.0
Ba3Nb2NiO9,OQMD,2,2.918,2.9059999999999997,2.93,0.016970562748477625,0.024000000000000465
Ba3Nb2O7,OQMD,2,1.3270000000000002,1.2570000000000006,1.3969999999999998,0.09899494936611612,0.13999999999999924
Ba3Nb2O8,OQMD,1,4.821,4.821,4.821,,0.0
Ba3Nb2PbO9,OQMD,1,1.8650000000000002,1.8650000000000002,1.8650000000000002,,0.0
Ba3Nb2PdO9,OQMD,2,0.5775000000000001,0.5770000000000004,0.5779999999999998,0.0007071067811861557,0.0009999999999994458
Ba3Nb2VO9,OQMD,1,0.5809999999999995,0.5809999999999995,0.5809999999999995,,0.0
Ba3Nb2ZnO9,AFLOW,1,2.9503,2.9503,2.9503,,0.0
Ba3Nb2ZnO9,JARVIS,1,2.81,2.81,2.81,,0.0
Ba3Nb2ZnO9,MP,1,2.7287,2.7287,2.7287,,0.0
Ba3Nb2ZnO9,OQMD,1,2.922,2.922,2.922,,0.0
Ba3NiRu2O9,AFLOW,3,1.0036,1.0,1.0053,0.002706165799306044,0.005300000000000082
Ba3NiRu2O9,JARVIS,1,0.169,0.169,0.169,,0.0
Ba3NiSb2O9,AFLOW,2,0.7484500000000001,0.7224,0.7745,0.03684026329981911,0.052099999999999924
Ba3NiSb2O9,OQMD,1,0.629,0.629,0.629,,0.0
Ba3Sm2WO9,MP,1,1.895299999999999,1.895299999999999,1.895299999999999,,0.0
Ba3SmAl3WO12,OQMD,1,0.34499999999999975,0.34499999999999975,0.34499999999999975,,0.0
Ba3SmMn(FeO4)3,OQMD,1,0.5260000000000002,0.5260000000000002,0.5260000000000002,,0.0
Ba3SmMnAl3O12,OQMD,1,0.512,0.512,0.512,,0.0
Ba3SmTi3AlO12,OQMD,1,1.3340000000000003,1.3340000000000003,1.3340000000000003,,0.0
Ba3SmTi3MnO12,OQMD,1,0.6920000000000002,0.6920000000000002,0.6920000000000002,,0.0
Ba3SmTi3MoO12,OQMD,1,0.32899999999999974,0.32899999999999974,0.32899999999999974,,0.0
Ba3SmV3FeO12,OQMD,1,0.6710000000000003,0.6710000000000003,0.6710000000000003,,0.0
Ba3SmZr3CoO12,OQMD,1,0.41800000000000015,0.41800000000000015,0.41800000000000015,,0.0
Ba3SmZr3CrO12,OQMD,1,0.41800000000000015,0.41800000000000015,0.41800000000000015,,0.0
Ba3SmZr3FeO12,OQMD,1,0.8320000000000003,0.8320000000000003,0.8320000000000003,,0.0
Ba3SmZr3MnO12,OQMD,1,0.8339999999999999,0.8339999999999999,0.8339999999999999,,0.0
Ba3Sn2O7,OQMD,2,2.021,1.9139999999999997,2.128,0.15132085117392147,0.2140000000000004
Ba3Sr(CoO3)4,MP,1,1.062199999999999,1.062199999999999,1.062199999999999,,0.0
Ba3Sr(SnO3)4,JARVIS,1,0.594,0.594,0.594,,0.0
Ba3Sr(SnO3)4,MP,1,0.5104999999999991,0.5104999999999991,0.5104999999999991,,0.0
Ba3Sr5Ti8O24,MP,1,1.7531999999999992,1.7531999999999992,1.7531999999999992,,0.0
Ba3SrAl2V2O12,OQMD,2,1.5634999999999997,1.5629999999999997,1.5639999999999996,0.0007071067811864697,0.0009999999999998899
Ba3SrFe2(MoO6)2,OQMD,2,0.3309999999999995,0.3309999999999995,0.3309999999999995,0.0,0.0
Ba3SrIr2O9,AFLOW,1,0.1945,0.1945,0.1945,,0.0
Ba3SrMn(FeO4)3,OQMD,1,0.43900000000000006,0.43900000000000006,0.43900000000000006,,0.0
Ba3SrMn3FeO12,OQMD,1,0.7450000000000001,0.7450000000000001,0.7450000000000001,,0.0
Ba3SrNb2O9,AFLOW,3,3.4819,3.0267,3.688,0.3383789640821861,0.6613000000000002
Ba3SrNb2O9,JARVIS,2,3.0220000000000002,2.801,3.243,0.31254119728445395,0.4419999999999997
Ba3SrNb2O9,MP,3,3.0998,2.8291,3.2445,0.21086083088141316,0.4154
Ba3SrRu2O9,AFLOW,2,1.22845,1.2278,1.2291,0.0009192388155425676,0.0013000000000000789
Ba3SrSb2O9,AFLOW,1,3.1322,3.1322,3.1322,,0.0
Ba3SrSb2O9,MP,1,3.1456,3.1456,3.1456,,0.0
Ba3SrSb2O9,OQMD,1,1.4289999999999998,1.4289999999999998,1.4289999999999998,,0.0
Ba3SrTa2O9,AFLOW,3,3.9238,3.4493,4.1457,0.3557533836803241,0.6963999999999997
Ba3SrTa2O9,JARVIS,3,3.838,3.405,4.046,0.3270152901624022,0.6410000000000005
Ba3SrTa2O9,MP,3,3.8005,3.3696,4.0225,0.33197319670921216,0.6528999999999998
Ba3SrTa2O9,OQMD,1,3.53,3.53,3.53,,0.0
Ba3SrTi2Mn2O12,OQMD,2,0.8519999999999999,0.774,0.9299999999999997,0.1103086578651012,0.1559999999999997
Ba3SrTi3WO12,OQMD,1,0.3360000000000003,0.3360000000000003,0.3360000000000003,,0.0
Ba3SrTi4O12,OQMD,1,1.7950000000000004,1.7950000000000004,1.7950000000000004,,0.0
Ba3SrTiV3O12,OQMD,1,1.1639999999999997,1.1639999999999997,1.1639999999999997,,0.0
Ba3SrV2(FeO6)2,OQMD,2,1.0845000000000002,1.0840000000000005,1.085,0.0007071067811861557,0.0009999999999994458
Ba3SrV2Cr2O12,OQMD,2,1.3955,1.3949999999999996,1.3960000000000004,0.0007071067811870977,0.001000000000000778
Ba3SrV3CrO12,OQMD,1,0.45100000000000007,0.45100000000000007,0.45100000000000007,,0.0
Ba3SrZr2Mn2O12,OQMD,2,1.4589999999999999,1.4589999999999996,1.459,3.1401849173675503e-16,4.440892098500626e-16
Ba3SrZr2Ti2O12,OQMD,2,2.4334999999999996,2.433,2.4339999999999997,0.0007071067811863127,0.0009999999999998899
Ba3SrZr3CoO12,OQMD,1,1.0140000000000002,1.0140000000000002,1.0140000000000002,,0.0
Ba3SrZr3CrO12,OQMD,1,0.41000000000000014,0.41000000000000014,0.41000000000000014,,0.0
Ba3SrZr3TiO12,OQMD,1,0.61,0.61,0.61,,0.0
Ba3SrZr4O12,OQMD,1,3.2899999999999996,3.2899999999999996,3.2899999999999996,,0.0
Ba3SrZrMn3O12,OQMD,1,0.41500000000000004,0.41500000000000004,0.41500000000000004,,0.0
Ba3Ta2CdO9,AFLOW,1,3.6033,3.6033,3.6033,,0.0
Ba3Ta2CdO9,JARVIS,1,3.585,3.585,3.585,,0.0
Ba3Ta2CdO9,MP,1,3.4856,3.4856,3.4856,,0.0
Ba3Ta2CdO9,OQMD,2,3.701,3.6910000000000003,3.711,0.014142135623730649,0.019999999999999574
Ba3Ta2CoO9,MP,1,2.229399999999999,2.229399999999999,2.229399999999999,,0.0
Ba3Ta2CoO9,OQMD,1,2.038,2.038,2.038,,0.0
Ba3Ta2GeO9,OQMD,1,1.7039999999999997,1.7039999999999997,1.7039999999999997,,0.0
Ba3Ta2HgO9,OQMD,2,3.2995,3.2270000000000003,3.3720000000000003,0.10253048327204956,0.14500000000000002
Ba3Ta2MnO9,MP,1,2.3396,2.3396,2.3396,,0.0
Ba3Ta2MnO9,OQMD,3,2.326,2.188,2.3260000000000005,0.0796743371481683,0.13800000000000034
Ba3Ta2NiO9,AFLOW,1,3.4985,3.4985,3.4985,,0.0
Ba3Ta2NiO9,JARVIS,1,1.283,1.283,1.283,,0.0
Ba3Ta2NiO9,MP,1,3.3673,3.3673,3.3673,,0.0
Ba3Ta2NiO9,OQMD,1,3.52,3.52,3.52,,0.0
Ba3Ta2O8,OQMD,1,4.658,4.658,4.658,,0.0
Ba3Ta2PbO9,OQMD,1,2.4530000000000003,2.4530000000000003,2.4530000000000003,,0.0
Ba3Ta2PdO9,OQMD,2,0.9319999999999999,0.9300000000000002,0.9339999999999997,0.0028284271247458787,0.0039999999999995595
Ba3Ta2SnO9,OQMD,1,1.2350000000000003,1.2350000000000003,1.2350000000000003,,0.0
Ba3Ta2VO9,OQMD,1,1.258,1.258,1.258,,0.0
Ba3Ta2ZnO9,MP,1,3.348799999999999,3.348799999999999,3.348799999999999,,0.0
Ba3Ta2ZnO9,OQMD,1,3.596,3.596,3.596,,0.0
Ba3Tb2WO9,MP,1,2.3808,2.3808,2.3808,,0.0
Ba3TbRu2O9,AFLOW,5,0.6013,0.6008,0.6056,0.0024923884127479395,0.0048000000000000265
Ba3TeO6,OQMD,11,3.387,3.264,3.7960000000000003,0.18700072921588495,0.5320000000000005
Ba3Ti2O7,OQMD,1,1.802,1.802,1.802,,0.0
Ba3Ti3(BO6)2,AFLOW,1,2.5512,2.5512,2.5512,,0.0
Ba3Ti3(BO6)2,JARVIS,1,2.172,2.172,2.172,,0.0
Ba3Ti3(BO6)2,MP,1,2.1313,2.1313,2.1313,,0.0
Ba3TiAl10O20,MP,1,3.2524,3.2524,3.2524,,0.0
Ba3UFe2O9,MP,1,1.0145,1.0145,1.0145,,0.0
Ba3UIn2O9,JARVIS,1,1.473,1.473,1.473,,0.0
Ba3UIn2O9,MP,2,1.4756999999999996,1.395199999999999,1.5562,0.1138441917710348,0.16100000000000092
Ba3V2CdO9,OQMD,1,1.7369999999999997,1.7369999999999997,1.7369999999999997,,0.0
Ba3V2NiO9,OQMD,1,1.662,1.662,1.662,,0.0
Ba3V2O7,OQMD,1,1.3459999999999996,1.3459999999999996,1.3459999999999996,,0.0
Ba3V2O8,OQMD,4,3.9365,3.876,4.003,0.05214722747503794,0.12700000000000022
Ba3V2ZnO9,OQMD,1,1.6589999999999998,1.6589999999999998,1.6589999999999998,,0.0
Ba3WO6,OQMD,12,2.874,2.679,3.0460000000000003,0.10114027912066531,0.36700000000000044
Ba3Y2MoO9,MP,1,1.569,1.569,1.569,,0.0
Ba3Y2WO9,MP,1,2.3881,2.3881,2.3881,,0.0
Ba3YIr2O9,AFLOW,1,0.1664,0.1664,0.1664,,0.0
Ba3YRu2O9,AFLOW,1,0.5997,0.5997,0.5997,,0.0
Ba3YbNb2O9,OQMD,1,2.8919999999999995,2.8919999999999995,2.8919999999999995,,0.0
Ba3YbRu2O9,JARVIS,1,0.117,0.117,0.117,,0.0
Ba3YbTa2O9,OQMD,1,3.513,3.513,3.513,,0.0
Ba3ZnBr2O9,OQMD,1,0.4940000000000002,0.4940000000000002,0.4940000000000002,,0.0
Ba3ZnRu2O9,AFLOW,1,0.8634,0.8634,0.8634,,0.0
Ba3ZnSb2O9,MP,1,1.968499999999999,1.968499999999999,1.968499999999999,,0.0
Ba3ZnSb2O9,OQMD,2,0.43299999999999983,0.371,0.49499999999999966,0.08768124086713165,0.12399999999999967
Ba3Zr2O7,OQMD,2,3.2545,3.216,3.293,0.054447222151364126,0.07699999999999996
Ba4CaTi5O15,JARVIS,1,1.709,1.709,1.709,,0.0
Ba4CaTi5O15,MP,1,1.714699999999999,1.714699999999999,1.714699999999999,,0.0
Ba4CaZr5O15,JARVIS,2,3.253,3.233,3.273,0.028284271247461926,0.040000000000000036
Ba4CaZr5O15,MP,4,3.0805499999999997,3.0277,3.1377,0.0456677402550204,0.11000000000000032
Ba4CeMn3O12,AFLOW,1,1.8652,1.8652,1.8652,,0.0
Ba4CeMn3O12,JARVIS,2,1.517,1.517,1.517,0.0,0.0
Ba4CeMn3O12,MP,1,1.9704000000000002,1.9704000000000002,1.9704000000000002,,0.0
Ba4Er(RuO4)3,AFLOW,1,0.2853,0.2853,0.2853,,0.0
Ba4Hf3ZrO12,OQMD,1,3.472,3.472,3.472,,0.0
Ba4Ho(RuO4)3,AFLOW,1,0.2815,0.2815,0.2815,,0.0
Ba4Li(ReO4)3,OQMD,1,0.5700000000000003,0.5700000000000003,0.5700000000000003,,0.0
Ba4Li(SbO4)3,MP,1,1.454399999999999,1.454399999999999,1.454399999999999,,0.0
Ba4Li(SbO4)3,OQMD,1,1.886,1.886,1.886,,0.0
Ba4LiNb3O12,AFLOW,1,2.787,2.787,2.787,,0.0
Ba4LiNb3O12,MP,2,2.56635,2.5529,2.579799999999999,0.019021172413917604,0.026899999999999036
Ba4LiNb3O12,OQMD,1,2.625,2.625,2.625,,0.0
Ba4LiTa3O12,AFLOW,1,3.2051,3.2051,3.2051,,0.0
Ba4LiTa3O12,JARVIS,1,3.153,3.153,3.153,,0.0
Ba4LiTa3O12,MP,1,3.113299999999999,3.113299999999999,3.113299999999999,,0.0
Ba4LiTa3O12,OQMD,1,3.0140000000000002,3.0140000000000002,3.0140000000000002,,0.0
Ba4Na(MoO4)3,OQMD,1,0.3259999999999996,0.3259999999999996,0.3259999999999996,,0.0
Ba4Na(ReO4)3,OQMD,1,0.6369999999999996,0.6369999999999996,0.6369999999999996,,0.0
Ba4Na(RuO4)3,AFLOW,1,0.6996,0.6996,0.6996,,0.0
Ba4Na(RuO4)3,JARVIS,1,0.368,0.368,0.368,,0.0
Ba4Na(SbO4)3,AFLOW,2,1.51525,1.5144,1.5161,0.0012020815280171554,0.0017000000000000348
Ba4Na(SbO4)3,MP,1,1.5158,1.5158,1.5158,,0.0
Ba4Na(SbO4)3,OQMD,1,1.852,1.852,1.852,,0.0
Ba4Na(WO4)3,OQMD,1,0.3460000000000001,0.3460000000000001,0.3460000000000001,,0.0
Ba4NaNb3O12,OQMD,1,2.627,2.627,2.627,,0.0
Ba4NaTa3O12,OQMD,1,3.17,3.17,3.17,,0.0
Ba4PrMn3O12,AFLOW,1,1.5164,1.5164,1.5164,,0.0
Ba4Sb2O9,OQMD,1,1.3720000000000003,1.3720000000000003,1.3720000000000003,,0.0
Ba4Sn(RuO4)3,OQMD,1,0.2530000000000001,0.2530000000000001,0.2530000000000001,,0.0
Ba4Sr(SnO3)5,MP,2,0.5168499999999996,0.44430000000000003,0.589399999999999,0.1026011939501673,0.145099999999999
Ba4SrHf5O15,JARVIS,1,3.665,3.665,3.665,,0.0
Ba4SrHf5O15,MP,1,3.592599999999999,3.592599999999999,3.592599999999999,,0.0
Ba4TbNb3O12,OQMD,1,0.8650000000000002,0.8650000000000002,0.8650000000000002,,0.0
Ba4TbTa3O12,OQMD,1,0.9279999999999999,0.9279999999999999,0.9279999999999999,,0.0
Ba4TbV3O12,OQMD,1,0.766,0.766,0.766,,0.0
Ba4TeO7,OQMD,1,2.524,2.524,2.524,,0.0
Ba4Ti2PtO10,JARVIS,1,2.012,2.012,2.012,,0.0
Ba4Ti2PtO10,MP,1,1.9973,1.9973,1.9973,,0.0
Ba4Ti3O10,OQMD,1,1.67,1.67,1.67,,0.0
Ba4Ti3PtO12,MP,1,0.9918000000000001,0.9918000000000001,0.9918000000000001,,0.0
Ba4Ti5PbO15,MP,1,1.755199999999999,1.755199999999999,1.755199999999999,,0.0
Ba4Zr(GeO4)3,OQMD,1,4.130999999999999,4.130999999999999,4.130999999999999,,0.0
Ba4Zr(NiO4)3,OQMD,1,1.2470000000000003,1.2470000000000003,1.2470000000000003,,0.0
Ba4Zr(PdO4)3,OQMD,1,1.621,1.621,1.621,,0.0
Ba4Zr(PtO4)3,OQMD,1,2.0479999999999996,2.0479999999999996,2.0479999999999996,,0.0
Ba4Zr(SnO4)3,OQMD,1,3.656,3.656,3.656,,0.0
Ba4Zr(TeO4)3,OQMD,1,1.8100000000000005,1.8100000000000005,1.8100000000000005,,0.0
Ba4Zr3TiO12,JARVIS,1,1.778,1.778,1.778,,0.0
Ba4Zr3TiO12,MP,1,1.7076,1.7076,1.7076,,0.0
Ba4ZrMn3O12,OQMD,1,1.839,1.839,1.839,,0.0
Ba4ZrTi3O12,OQMD,1,2.2140000000000004,2.2140000000000004,2.2140000000000004,,0.0
Ba4ZrV3O12,OQMD,1,0.4079999999999995,0.4079999999999995,0.4079999999999995,,0.0
Ba5Ce4ZrO15,MP,3,2.1384,1.8941999999999992,2.2572,0.1850747956908237,0.3630000000000009
Ba5Cr3HO13,AFLOW,1,1.1003,1.1003,1.1003,,0.0
Ba5Fe3W2O15,MP,1,0.18079999999999902,0.18079999999999902,0.18079999999999902,,0.0
Ba5Li2(TeO5)3,MP,1,1.211199999999999,1.211199999999999,1.211199999999999,,0.0
Ba5Li2(WO5)3,AFLOW,1,2.0695,2.0695,2.0695,,0.0
Ba5Li2(WO5)3,MP,1,2.291499999999999,2.291499999999999,2.291499999999999,,0.0
Ba5Mn(Co2O7)2,MP,1,0.5192999999999991,0.5192999999999991,0.5192999999999991,,0.0
Ba5Na2Ru3O14,MP,1,0.1436,0.1436,0.1436,,0.0
Ba5V3HO13,MP,1,3.9795,3.9795,3.9795,,0.0
Ba6Nb3HO14,AFLOW,1,3.4469,3.4469,3.4469,,0.0
Ba6Nb3HO14,MP,1,3.4195,3.4195,3.4195,,0.0
Ba6Nd2Ti4O17,MP,1,2.6869,2.6869,2.6869,,0.0
Ba6Ti5PtO18,MP,1,2.0101,2.0101,2.0101,,0.0
Ba6Y2Ti4O17,AFLOW,1,3.0308,3.0308,3.0308,,0.0
Ba6Y2Ti4O17,MP,1,2.6243,2.6243,2.6243,,0.0
Ba7Ca2Mn5O20,MP,1,0.7955000000000001,0.7955000000000001,0.7955000000000001,,0.0
Ba7Ti2Nb4O21,MP,1,2.5316,2.5316,2.5316,,0.0
Ba8Ce3(SbO6)4,MP,1,1.8772000000000002,1.8772000000000002,1.8772000000000002,,0.0
Ba8Nb6CoO24,AFLOW,1,2.7526,2.7526,2.7526,,0.0
Ba8Ti3Nb4O24,MP,1,1.9693,1.9693,1.9693,,0.0
Ba8Zr3(SbO6)4,MP,1,3.0097,3.0097,3.0097,,0.0
Ba9Sc2(SiO4)6,AFLOW,1,4.5091,4.5091,4.5091,,0.0
Ba9Sc2(SiO4)6,MP,1,4.3422,4.3422,4.3422,,0.0
Ba9Y2(SiO4)6,JARVIS,1,4.611,4.611,4.611,,0.0
Ba9Y2(SiO4)6,MP,1,4.5982,4.5982,4.5982,,0.0
BaAl2(GeO4)2,AFLOW,1,3.4689,3.4689,3.4689,,0.0
BaAl2(GeO4)2,MP,1,4.0798,4.0798,4.0798,,0.0
BaAl2(SiO4)2,JARVIS,2,5.019,5.019,5.019,0.0,0.0
BaAl2(SiO4)2,MP,4,4.8004999999999995,4.3228,4.9116,0.2631089064753731,0.5888
BaAl2(SiO4)2,OQMD,1,5.126,5.126,5.126,,0.0
BaAl2As2O7,OQMD,1,4.502,4.502,4.502,,0.0
BaAl2B2O7,AFLOW,1,4.6664,4.6664,4.6664,,0.0
BaAl2B2O7,JARVIS,1,4.691,4.691,4.691,,0.0
BaAl2B2O7,MP,1,4.6477,4.6477,4.6477,,0.0
BaAl2B2O7,OQMD,1,4.926,4.926,4.926,,0.0
BaAl2Bi2O7,OQMD,1,3.372,3.372,3.372,,0.0
BaAl2CoO6,OQMD,1,1.4529999999999998,1.4529999999999998,1.4529999999999998,,0.0
BaAl2CrO6,OQMD,1,1.0709999999999997,1.0709999999999997,1.0709999999999997,,0.0
BaAl2Ga2O7,OQMD,1,2.855,2.855,2.855,,0.0
BaAl2GeO6,OQMD,1,4.268,4.268,4.268,,0.0
BaAl2NiO6,OQMD,1,2.0040000000000004,2.0040000000000004,2.0040000000000004,,0.0
BaAl2PbO6,OQMD,1,2.815,2.815,2.815,,0.0
BaAl2PtO6,OQMD,1,2.647,2.647,2.647,,0.0
BaAl2ReO6,OQMD,1,1.17,1.17,1.17,,0.0
BaAl2Sb2O7,AFLOW,2,3.41695,3.4164,3.4175,0.0007778174593052736,0.001100000000000101
BaAl2Sb2O7,JARVIS,2,3.526,3.526,3.526,0.0,0.0
BaAl2Sb2O7,MP,1,3.4109,3.4109,3.4109,,0.0
BaAl2Sb2O7,OQMD,1,3.292,3.292,3.292,,0.0
BaAl2SiO6,OQMD,1,4.82,4.82,4.82,,0.0
BaAl2SnO6,OQMD,1,3.8219999999999996,3.8219999999999996,3.8219999999999996,,0.0
BaAl2TeO6,OQMD,1,2.2429999999999994,2.2429999999999994,2.2429999999999994,,0.0
BaAl4O7,OQMD,1,3.2600000000000002,3.2600000000000002,3.2600000000000002,,0.0
BaB2Pd2O7,OQMD,1,0.36,0.36,0.36,,0.0
BaB2Sb2O7,OQMD,1,2.608,2.608,2.608,,0.0
BaB2TeO6,OQMD,2,3.099,3.029,3.1690000000000005,0.09899494936611705,0.14000000000000057
BaBi2(B2O5)2,MP,1,3.4493,3.4493,3.4493,,0.0
BaCa(Fe12O19)2,MP,1,1.0236,1.0236,1.0236,,0.0
BaCa(GeO3)2,OQMD,1,0.2469999999999999,0.2469999999999999,0.2469999999999999,,0.0
BaCa(SnO3)2,OQMD,3,1.8419999999999996,1.508,1.9530000000000003,0.2316254159917114,0.4450000000000003
BaCa2MoO6,OQMD,1,1.934,1.934,1.934,,0.0
BaCa2TeO6,OQMD,1,3.355,3.355,3.355,,0.0
BaCa2V2O7,OQMD,1,1.5590000000000002,1.5590000000000002,1.5590000000000002,,0.0
BaCa2V2O8,OQMD,2,3.7640000000000002,3.659,3.869,0.14849242404917543,0.2100000000000004
BaCa2WO6,OQMD,2,2.5,2.295,2.705,0.28991378028648457,0.41000000000000014
BaCa3Al2V2O12,OQMD,2,1.4930000000000003,1.4320000000000004,1.5540000000000003,0.08626702730475871,0.12199999999999989
BaCa3Cr(CoO4)3,OQMD,1,0.6259999999999999,0.6259999999999999,0.6259999999999999,,0.0
BaCa3Cr3WO12,OQMD,1,0.5090000000000003,0.5090000000000003,0.5090000000000003,,0.0
BaCa3Mn(FeO4)3,OQMD,1,0.9939999999999998,0.9939999999999998,0.9939999999999998,,0.0
BaCa3Mn3AlO12,OQMD,1,0.7279999999999998,0.7279999999999998,0.7279999999999998,,0.0
BaCa3MnV3O12,OQMD,1,0.3620000000000001,0.3620000000000001,0.3620000000000001,,0.0
BaCa3Sb2O9,OQMD,1,1.7409999999999997,1.7409999999999997,1.7409999999999997,,0.0
BaCa3Ti2Mn2O12,OQMD,2,1.252,1.1920000000000002,1.3119999999999998,0.08485281374238547,0.11999999999999966
BaCa3Ti4O12,OQMD,1,1.8069999999999995,1.8069999999999995,1.8069999999999995,,0.0
BaCa3TiV3O12,OQMD,1,1.0010000000000003,1.0010000000000003,1.0010000000000003,,0.0
BaCa3V2(FeO6)2,OQMD,2,0.9624999999999999,0.9620000000000002,0.9629999999999996,0.0007071067811861557,0.0009999999999994458
BaCa3V2Cr2O12,OQMD,2,1.072,1.072,1.072,0.0,0.0
BaCa3V2O9,OQMD,1,1.787,1.787,1.787,,0.0
BaCa3V3FeO12,OQMD,1,0.4980000000000002,0.4980000000000002,0.4980000000000002,,0.0
BaCa3V3MoO12,OQMD,1,0.8120000000000003,0.8120000000000003,0.8120000000000003,,0.0
BaCa3Zr(WO4)3,OQMD,1,1.0300000000000002,1.0300000000000002,1.0300000000000002,,0.0
BaCa3Zr2Mn2O12,OQMD,2,1.9885000000000002,1.9880000000000004,1.9889999999999999,0.0007071067811861557,0.0009999999999994458
BaCa3Zr2Ti2O12,OQMD,2,2.5605,2.5600000000000005,2.561,0.0007071067811861557,0.0009999999999994458
BaCa3Zr3WO12,OQMD,1,0.41000000000000014,0.41000000000000014,0.41000000000000014,,0.0
BaCa3Zr4O12,OQMD,1,3.3890000000000002,3.3890000000000002,3.3890000000000002,,0.0
BaCa3ZrCr3O12,OQMD,1,0.8130000000000002,0.8130000000000002,0.8130000000000002,,0.0
BaCaTi2O6,OQMD,1,1.746,1.746,1.746,,0.0
BaCaZr2O6,MP,3,3.1767,3.1207,3.5587,0.2383638675079202,0.43800000000000017
BaCaZr2O6,OQMD,1,3.2870000000000004,3.2870000000000004,3.2870000000000004,,0.0
BaCd(SnO3)2,OQMD,1,1.024,1.024,1.024,,0.0
BaCeHfAuO6,OQMD,1,1.6500000000000004,1.6500000000000004,1.6500000000000004,,0.0
BaCeHfCoO6,OQMD,1,0.9260000000000002,0.9260000000000002,0.9260000000000002,,0.0
BaCeHfFeO6,OQMD,1,2.1679999999999997,2.1679999999999997,2.1679999999999997,,0.0
BaCeHfIrO6,OQMD,1,2.003,2.003,2.003,,0.0
BaCeHfMnO6,OQMD,1,0.9180000000000001,0.9180000000000001,0.9180000000000001,,0.0
BaCeHfRhO6,OQMD,1,1.7009999999999996,1.7009999999999996,1.7009999999999996,,0.0
BaCeHfSbO6,OQMD,1,3.0949999999999998,3.0949999999999998,3.0949999999999998,,0.0
BaCeHfTlO6,OQMD,1,2.703,2.703,2.703,,0.0
BaCeMgVO6,OQMD,1,2.0890000000000004,2.0890000000000004,2.0890000000000004,,0.0
BaCeMnVO6,OQMD,1,0.9089999999999998,0.9089999999999998,0.9089999999999998,,0.0
BaCeNbCdO6,OQMD,1,3.6029999999999998,3.6029999999999998,3.6029999999999998,,0.0
BaCeTaCdO6,OQMD,1,4.195,4.195,4.195,,0.0
BaCeTaCuO6,OQMD,1,1.0909999999999997,1.0909999999999997,1.0909999999999997,,0.0
BaCeTaPdO6,OQMD,1,0.31099999999999994,0.31099999999999994,0.31099999999999994,,0.0
BaCeTaPtO6,OQMD,1,0.31599999999999984,0.31599999999999984,0.31599999999999984,,0.0
BaCeTiBiO6,OQMD,1,2.482,2.482,2.482,,0.0
BaCeTiCoO6,OQMD,1,0.7669999999999999,0.7669999999999999,0.7669999999999999,,0.0
BaCeTiFeO6,OQMD,1,1.6719999999999997,1.6719999999999997,1.6719999999999997,,0.0
BaCeTiInO6,OQMD,1,3.261,3.261,3.261,,0.0
BaCeTiIrO6,OQMD,1,1.375,1.375,1.375,,0.0
BaCeTiMnO6,OQMD,1,0.29800000000000004,0.29800000000000004,0.29800000000000004,,0.0
BaCeTiRhO6,OQMD,1,1.2250000000000005,1.2250000000000005,1.2250000000000005,,0.0
BaCeTiSbO6,OQMD,1,2.1799999999999997,2.1799999999999997,2.1799999999999997,,0.0
BaCeTiTlO6,OQMD,1,2.204,2.204,2.204,,0.0
BaCeVCdO6,OQMD,1,2.2209999999999996,2.2209999999999996,2.2209999999999996,,0.0
BaCeVCoO6,OQMD,1,1.222,1.222,1.222,,0.0
BaCeVCuO6,OQMD,1,0.4560000000000004,0.4560000000000004,0.4560000000000004,,0.0
BaCeVFeO6,OQMD,1,1.2280000000000006,1.2280000000000006,1.2280000000000006,,0.0
BaCeVNiO6,OQMD,1,2.014,2.014,2.014,,0.0
BaCeVPtO6,OQMD,1,1.069,1.069,1.069,,0.0
BaCeVZnO6,OQMD,1,1.9530000000000003,1.9530000000000003,1.9530000000000003,,0.0
BaCeZrBiO6,OQMD,1,3.2409999999999997,3.2409999999999997,3.2409999999999997,,0.0
BaCeZrCoO6,OQMD,1,1.242,1.242,1.242,,0.0
BaCeZrFeO6,OQMD,1,2.065,2.065,2.065,,0.0
BaCeZrIrO6,OQMD,1,2.061,2.061,2.061,,0.0
BaCeZrMnO6,OQMD,1,1.0289999999999995,1.0289999999999995,1.0289999999999995,,0.0
BaCeZrRhO6,OQMD,1,1.6559999999999997,1.6559999999999997,1.6559999999999997,,0.0
BaCeZrSbO6,OQMD,1,3.0220000000000002,3.0220000000000002,3.0220000000000002,,0.0
BaCeZrTlO6,OQMD,1,2.854,2.854,2.854,,0.0
BaCo(SeO3)2,AFLOW,1,3.4535,3.4535,3.4535,,0.0
BaCo(SeO3)2,MP,1,2.901,2.901,2.901,,0.0
BaCo(SeO3)2,OQMD,1,2.128,2.128,2.128,,0.0
BaCo2(AsO4)2,AFLOW,1,2.6322,2.6322,2.6322,,0.0
BaCo2(AsO4)2,MP,1,0.8180000000000001,0.8180000000000001,0.8180000000000001,,0.0
BaCo2(AsO4)2,OQMD,2,2.339,2.284,2.394,0.07778174593052045,0.11000000000000032
BaCo2(BrO4)2,OQMD,1,1.8279999999999998,1.8279999999999998,1.8279999999999998,,0.0
BaCo2(NO4)2,OQMD,1,1.932,1.932,1.932,,0.0
BaCo2(PO4)2,JARVIS,1,0.551,0.551,0.551,,0.0
BaCo2(PO4)2,MP,3,2.284099999999999,2.087199999999999,3.1084,0.5417701757510596,1.0212000000000012
BaCo2(PO4)2,OQMD,1,2.958,2.958,2.958,,0.0
BaCo2(SbO4)2,OQMD,1,1.0040000000000004,1.0040000000000004,1.0040000000000004,,0.0
BaCo2B2O7,OQMD,1,0.889,0.889,0.889,,0.0
BaCo2Sb2O7,OQMD,1,0.6270000000000002,0.6270000000000002,0.6270000000000002,,0.0
BaCo2Si2O7,AFLOW,2,3.6031500000000003,3.5954,3.6109,0.010960155108391222,0.015499999999999847
BaCoO3,OQMD,4,0.8420000000000001,0.497,1.0219999999999998,0.22627177611595006,0.5249999999999998
BaCr(BO3)2,OQMD,1,0.2550000000000001,0.2550000000000001,0.2550000000000001,,0.0
BaCr2(AsO4)2,OQMD,1,1.2670000000000003,1.2670000000000003,1.2670000000000003,,0.0
BaCr2(CoO4)2,OQMD,1,1.0659999999999998,1.0659999999999998,1.0659999999999998,,0.0
BaCr2(PO4)2,OQMD,1,2.3409999999999997,2.3409999999999997,2.3409999999999997,,0.0
BaCr2B2O7,OQMD,1,0.97,0.97,0.97,,0.0
BaCrO3,OQMD,3,0.2589999999999999,0.258,1.275,0.5868767616231991,1.017
BaCu(SeO3)2,AFLOW,2,1.572,1.5475,1.5965,0.03464823227814078,0.04899999999999993
BaCu(SeO3)2,JARVIS,1,0.498,0.498,0.498,,0.0
BaCu(SeO3)2,MP,3,0.5645,0.3659,0.7051000000000001,0.17042445051498142,0.33920000000000006
BaCu(SiO3)2,AFLOW,2,1.5575,1.5551,1.5599,0.0033941125496956036,0.0048000000000001375
BaCu(SiO3)2,JARVIS,1,0.417,0.417,0.417,,0.0
BaCu(SiO3)2,MP,3,0.612699999999999,0.510699999999999,0.6395000000000001,0.0679603806149832,0.12880000000000102
BaCu2(PO4)2,AFLOW,1,1.4324,1.4324,1.4324,,0.0
BaCu2(PO4)2,MP,1,0.3255,0.3255,0.3255,,0.0
BaCu2Ge2O7,AFLOW,2,0.98855,0.9873,0.9898,0.0017677669529664489,0.0025000000000000577
BaCu2Ge2O7,MP,1,0.21399999999999902,0.21399999999999902,0.21399999999999902,,0.0
BaCu2Si2O7,AFLOW,3,1.2726,1.2684,1.2747,0.0032078029864690675,0.006299999999999972
BaCu3(SnO3)4,OQMD,1,1.524,1.524,1.524,,0.0
BaDyHfAuO6,OQMD,1,1.8330000000000002,1.8330000000000002,1.8330000000000002,,0.0
BaDyHfCoO6,OQMD,1,1.1469999999999998,1.1469999999999998,1.1469999999999998,,0.0
BaDyHfFeO6,OQMD,1,2.2700000000000005,2.2700000000000005,2.2700000000000005,,0.0
BaDyHfIrO6,OQMD,1,1.8719999999999999,1.8719999999999999,1.8719999999999999,,0.0
BaDyHfMnO6,OQMD,1,0.7100000000000004,0.7100000000000004,0.7100000000000004,,0.0
BaDyHfNiO6,OQMD,1,1.1629999999999998,1.1629999999999998,1.1629999999999998,,0.0
BaDyHfRhO6,OQMD,1,1.5910000000000002,1.5910000000000002,1.5910000000000002,,0.0
BaDyHfSbO6,OQMD,1,3.024,3.024,3.024,,0.0
BaDyHfTlO6,OQMD,1,2.523,2.523,2.523,,0.0
BaDyMgVO6,OQMD,1,2.14,2.14,2.14,,0.0
BaDyMnVO6,OQMD,1,1.1440000000000001,1.1440000000000001,1.1440000000000001,,0.0
BaDyNbCdO6,OQMD,1,3.522,3.522,3.522,,0.0
BaDyNbCuO6,OQMD,1,1.0259999999999998,1.0259999999999998,1.0259999999999998,,0.0
BaDyNbPdO6,OQMD,1,0.29300000000000015,0.29300000000000015,0.29300000000000015,,0.0
BaDyNbPtO6,OQMD,1,0.29799999999999915,0.29799999999999915,0.29799999999999915,,0.0
BaDyTaCdO6,OQMD,1,3.799,3.799,3.799,,0.0
BaDyTaCuO6,OQMD,1,1.2639999999999998,1.2639999999999998,1.2639999999999998,,0.0
BaDyTaPdO6,OQMD,1,0.4750000000000001,0.4750000000000001,0.4750000000000001,,0.0
BaDyTaPtO6,OQMD,1,0.32200000000000006,0.32200000000000006,0.32200000000000006,,0.0
BaDyTiAuO6,OQMD,1,1.3650000000000002,1.3650000000000002,1.3650000000000002,,0.0
BaDyTiBiO6,OQMD,1,2.633,2.633,2.633,,0.0
BaDyTiCoO6,OQMD,1,1.012,1.012,1.012,,0.0
BaDyTiFeO6,OQMD,1,1.7789999999999995,1.7789999999999995,1.7789999999999995,,0.0
BaDyTiIrO6,OQMD,1,1.141,1.141,1.141,,0.0
BaDyTiMnO6,OQMD,1,0.5039999999999996,0.5039999999999996,0.5039999999999996,,0.0
BaDyTiRhO6,OQMD,1,1.1440000000000001,1.1440000000000001,1.1440000000000001,,0.0
BaDyTiSbO6,OQMD,1,2.2410000000000005,2.2410000000000005,2.2410000000000005,,0.0
BaDyTiTlO6,OQMD,1,2.128,2.128,2.128,,0.0
BaDyVCdO6,OQMD,1,2.1450000000000005,2.1450000000000005,2.1450000000000005,,0.0
BaDyVCoO6,OQMD,1,1.4060000000000001,1.4060000000000001,1.4060000000000001,,0.0
BaDyVCuO6,OQMD,1,0.6339999999999999,0.6339999999999999,0.6339999999999999,,0.0
BaDyVFeO6,OQMD,1,1.2689999999999997,1.2689999999999997,1.2689999999999997,,0.0
BaDyVNiO6,OQMD,1,2.07,2.07,2.07,,0.0
BaDyVPdO6,OQMD,1,0.8770000000000002,0.8770000000000002,0.8770000000000002,,0.0
BaDyVPtO6,OQMD,1,1.0230000000000006,1.0230000000000006,1.0230000000000006,,0.0
BaDyVZnO6,OQMD,1,2.1470000000000002,2.1470000000000002,2.1470000000000002,,0.0
BaDyZrAuO6,OQMD,1,1.8589999999999998,1.8589999999999998,1.8589999999999998,,0.0
BaDyZrBiO6,OQMD,1,3.4859999999999998,3.4859999999999998,3.4859999999999998,,0.0
BaDyZrCoO6,OQMD,1,1.2519999999999998,1.2519999999999998,1.2519999999999998,,0.0
BaDyZrFeO6,OQMD,1,2.295,2.295,2.295,,0.0
BaDyZrIrO6,OQMD,1,1.8780000000000001,1.8780000000000001,1.8780000000000001,,0.0
BaDyZrMnO6,OQMD,1,0.8310000000000004,0.8310000000000004,0.8310000000000004,,0.0
BaDyZrNiO6,OQMD,1,1.255,1.255,1.255,,0.0
BaDyZrRhO6,OQMD,1,1.4610000000000003,1.4610000000000003,1.4610000000000003,,0.0
BaDyZrSbO6,OQMD,1,2.8550000000000004,2.8550000000000004,2.8550000000000004,,0.0
BaDyZrTlO6,OQMD,1,2.6810000000000005,2.6810000000000005,2.6810000000000005,,0.0
BaErHfAuO6,OQMD,1,1.8360000000000003,1.8360000000000003,1.8360000000000003,,0.0
BaErHfCoO6,OQMD,1,1.1520000000000001,1.1520000000000001,1.1520000000000001,,0.0
BaErHfFeO6,OQMD,1,2.283,2.283,2.283,,0.0
BaErHfIrO6,OQMD,1,1.8789999999999996,1.8789999999999996,1.8789999999999996,,0.0
BaErHfMnO6,OQMD,1,0.8540000000000001,0.8540000000000001,0.8540000000000001,,0.0
BaErHfNiO6,OQMD,1,0.8740000000000001,0.8740000000000001,0.8740000000000001,,0.0
BaErHfRhO6,OQMD,1,1.5939999999999994,1.5939999999999994,1.5939999999999994,,0.0
BaErHfSbO6,OQMD,1,3.0389999999999997,3.0389999999999997,3.0389999999999997,,0.0
BaErHfTlO6,OQMD,1,2.398,2.398,2.398,,0.0
BaErMgVO6,OQMD,1,2.1479999999999997,2.1479999999999997,2.1479999999999997,,0.0
BaErMnVO6,OQMD,1,1.1560000000000001,1.1560000000000001,1.1560000000000001,,0.0
BaErNbCdO6,OQMD,1,3.4050000000000002,3.4050000000000002,3.4050000000000002,,0.0
BaErNbCuO6,OQMD,1,1.182,1.182,1.182,,0.0
BaErNbPtO6,OQMD,1,1.8130000000000006,1.8130000000000006,1.8130000000000006,,0.0
BaErTaCdO6,OQMD,1,3.8149999999999995,3.8149999999999995,3.8149999999999995,,0.0
BaErTaCuO6,OQMD,1,1.1100000000000003,1.1100000000000003,1.1100000000000003,,0.0
BaErTaPdO6,OQMD,1,0.47399999999999975,0.47399999999999975,0.47399999999999975,,0.0
BaErTaPtO6,OQMD,1,0.3250000000000002,0.3250000000000002,0.3250000000000002,,0.0
BaErTiAuO6,OQMD,1,1.496,1.496,1.496,,0.0
BaErTiBiO6,OQMD,1,2.6529999999999996,2.6529999999999996,2.6529999999999996,,0.0
BaErTiCoO6,OQMD,1,1.1440000000000001,1.1440000000000001,1.1440000000000001,,0.0
BaErTiFeO6,OQMD,1,1.919,1.919,1.919,,0.0
BaErTiIrO6,OQMD,1,1.1480000000000006,1.1480000000000006,1.1480000000000006,,0.0
BaErTiMnO6,OQMD,1,0.5080000000000005,0.5080000000000005,0.5080000000000005,,0.0
BaErTiRhO6,OQMD,1,1.1520000000000001,1.1520000000000001,1.1520000000000001,,0.0
BaErTiSbO6,OQMD,1,2.2470000000000008,2.2470000000000008,2.2470000000000008,,0.0
BaErTiTlO6,OQMD,1,2.1330000000000005,2.1330000000000005,2.1330000000000005,,0.0
BaErVCdO6,OQMD,1,2.034,2.034,2.034,,0.0
BaErVCoO6,OQMD,1,1.5419999999999998,1.5419999999999998,1.5419999999999998,,0.0
BaErVCuO6,OQMD,1,0.77,0.77,0.77,,0.0
BaErVFeO6,OQMD,1,1.4,1.4,1.4,,0.0
BaErVNiO6,OQMD,1,1.9549999999999996,1.9549999999999996,1.9549999999999996,,0.0
BaErVPdO6,OQMD,1,1.008,1.008,1.008,,0.0
BaErVPtO6,OQMD,1,1.0229999999999997,1.0229999999999997,1.0229999999999997,,0.0
BaErVZnO6,OQMD,1,2.168,2.168,2.168,,0.0
BaErZrAuO6,OQMD,1,2.074,2.074,2.074,,0.0
BaErZrBiO6,OQMD,1,3.494,3.494,3.494,,0.0
BaErZrCoO6,OQMD,1,1.258,1.258,1.258,,0.0
BaErZrFeO6,OQMD,1,2.304,2.304,2.304,,0.0
BaErZrIrO6,OQMD,1,1.6739999999999995,1.6739999999999995,1.6739999999999995,,0.0
BaErZrMnO6,OQMD,1,0.8349999999999995,0.8349999999999995,0.8349999999999995,,0.0
BaErZrNiO6,OQMD,1,1.0460000000000003,1.0460000000000003,1.0460000000000003,,0.0
BaErZrRhO6,OQMD,1,1.6749999999999998,1.6749999999999998,1.6749999999999998,,0.0
BaErZrSbO6,OQMD,1,2.8680000000000003,2.8680000000000003,2.8680000000000003,,0.0
BaErZrTlO6,OQMD,1,2.6939999999999995,2.6939999999999995,2.6939999999999995,,0.0
BaEu(GeO3)2,OQMD,1,0.2649999999999997,0.2649999999999997,0.2649999999999997,,0.0
BaEu(SnO3)2,OQMD,1,1.5949999999999998,1.5949999999999998,1.5949999999999998,,0.0
BaEu2TeO6,OQMD,1,3.325,3.325,3.325,,0.0
BaEu2V2O8,OQMD,1,3.835,3.835,3.835,,0.0
BaEu2WO6,OQMD,3,3.022,2.476,3.067,0.3289939209164815,0.5910000000000002
BaEu3Sb2O9,OQMD,1,1.7879999999999998,1.7879999999999998,1.7879999999999998,,0.0
BaEuAlVO6,OQMD,1,1.5549999999999997,1.5549999999999997,1.5549999999999997,,0.0
BaEuCdMoO6,OQMD,1,2.5149999999999997,2.5149999999999997,2.5149999999999997,,0.0
BaEuCdWO6,OQMD,1,3.191,3.191,3.191,,0.0
BaEuCr2O6,OQMD,1,0.388,0.388,0.388,,0.0
BaEuCrCoO6,OQMD,1,0.524,0.524,0.524,,0.0
BaEuCrCuO6,OQMD,1,0.5189999999999997,0.5189999999999997,0.5189999999999997,,0.0
BaEuCrNiO6,OQMD,1,0.6619999999999999,0.6619999999999999,0.6619999999999999,,0.0
BaEuCrPdO6,OQMD,1,0.38500000000000023,0.38500000000000023,0.38500000000000023,,0.0
BaEuCuMoO6,OQMD,1,0.504,0.504,0.504,,0.0
BaEuCuWO6,OQMD,1,0.7109999999999999,0.7109999999999999,0.7109999999999999,,0.0
BaEuHf2O6,OQMD,2,3.9505,3.741,4.16,0.2962777413171636,0.41900000000000004
BaEuHfCrO6,OQMD,1,1.1460000000000004,1.1460000000000004,1.1460000000000004,,0.0
BaEuHfMnO6,OQMD,1,1.585,1.585,1.585,,0.0
BaEuHfPbO6,OQMD,1,2.416,2.416,2.416,,0.0
BaEuHfPdO6,OQMD,1,1.283,1.283,1.283,,0.0
BaEuHfPtO6,OQMD,1,1.8900000000000001,1.8900000000000001,1.8900000000000001,,0.0
BaEuHfTeO6,OQMD,1,3.336,3.336,3.336,,0.0
BaEuMnCrO6,OQMD,1,0.26000000000000023,0.26000000000000023,0.26000000000000023,,0.0
BaEuMoPdO6,OQMD,1,0.831,0.831,0.831,,0.0
BaEuMoPtO6,OQMD,1,1.181,1.181,1.181,,0.0
BaEuNbAuO6,OQMD,1,1.335,1.335,1.335,,0.0
BaEuNbBiO6,OQMD,1,2.6390000000000002,2.6390000000000002,2.6390000000000002,,0.0
BaEuNbCoO6,OQMD,1,0.9039999999999999,0.9039999999999999,0.9039999999999999,,0.0
BaEuNbFeO6,OQMD,1,1.3519999999999999,1.3519999999999999,1.3519999999999999,,0.0
BaEuNbIrO6,OQMD,1,1.205,1.205,1.205,,0.0
BaEuNbRhO6,OQMD,1,1.205,1.205,1.205,,0.0
BaEuNbSbO6,OQMD,1,2.325,2.325,2.325,,0.0
BaEuNbTlO6,OQMD,1,2.2190000000000003,2.2190000000000003,2.2190000000000003,,0.0
BaEuPtWO6,OQMD,1,1.2640000000000002,1.2640000000000002,1.2640000000000002,,0.0
BaEuScVO6,OQMD,1,1.8690000000000002,1.8690000000000002,1.8690000000000002,,0.0
BaEuTaAuO6,OQMD,1,1.44,1.44,1.44,,0.0
BaEuTaCoO6,OQMD,1,0.6519999999999997,0.6519999999999997,0.6519999999999997,,0.0
BaEuTaFeO6,OQMD,1,1.9209999999999998,1.9209999999999998,1.9209999999999998,,0.0
BaEuTaIrO6,OQMD,1,1.6300000000000008,1.6300000000000008,1.6300000000000008,,0.0
BaEuTaMnO6,OQMD,1,0.3210000000000002,0.3210000000000002,0.3210000000000002,,0.0
BaEuTaRhO6,OQMD,1,1.4690000000000003,1.4690000000000003,1.4690000000000003,,0.0
BaEuTaSbO6,OQMD,1,2.659,2.659,2.659,,0.0
BaEuTaTlO6,OQMD,1,2.57,2.57,2.57,,0.0
BaEuTi2O6,OQMD,2,1.8165,1.703,1.93,0.1605132393293462,0.22699999999999987
BaEuTiCoO6,OQMD,1,0.38000000000000034,0.38000000000000034,0.38000000000000034,,0.0
BaEuTiCrO6,OQMD,1,0.8969999999999998,0.8969999999999998,0.8969999999999998,,0.0
BaEuTiMnO6,OQMD,1,1.037,1.037,1.037,,0.0
BaEuTiPbO6,OQMD,1,1.8959999999999995,1.8959999999999995,1.8959999999999995,,0.0
BaEuTiPdO6,OQMD,1,0.8969999999999998,0.8969999999999998,0.8969999999999998,,0.0
BaEuTiPtO6,OQMD,1,1.0350000000000001,1.0350000000000001,1.0350000000000001,,0.0
BaEuTiSnO6,OQMD,1,3.0509999999999997,3.0509999999999997,3.0509999999999997,,0.0
BaEuTiTeO6,OQMD,1,2.5180000000000002,2.5180000000000002,2.5180000000000002,,0.0
BaEuTlVO6,OQMD,1,1.5220000000000002,1.5220000000000002,1.5220000000000002,,0.0
BaEuVBiO6,OQMD,1,1.779,1.779,1.779,,0.0
BaEuVCoO6,OQMD,1,0.9070000000000005,0.9070000000000005,0.9070000000000005,,0.0
BaEuVCrO6,OQMD,1,1.424,1.424,1.424,,0.0
BaEuVFeO6,OQMD,1,1.166,1.166,1.166,,0.0
BaEuVGaO6,OQMD,1,1.6769999999999996,1.6769999999999996,1.6769999999999996,,0.0
BaEuVInO6,OQMD,1,2.167,2.167,2.167,,0.0
BaEuVIrO6,OQMD,1,0.38900000000000023,0.38900000000000023,0.38900000000000023,,0.0
BaEuVRhO6,OQMD,1,0.2600000000000007,0.2600000000000007,0.2600000000000007,,0.0
BaEuVSbO6,OQMD,1,1.3939999999999992,1.3939999999999992,1.3939999999999992,,0.0
BaEuZnCrO6,OQMD,1,0.7749999999999999,0.7749999999999999,0.7749999999999999,,0.0
BaEuZr2O6,MP,3,0.23850000000000002,0.224199999999999,0.3002,0.040388488458966,0.07600000000000101
BaEuZr2O6,OQMD,2,3.4735,3.391,3.556,0.11667261889578037,0.16500000000000004
BaEuZrCoO6,OQMD,1,1.044,1.044,1.044,,0.0
BaEuZrCrO6,OQMD,1,1.0470000000000002,1.0470000000000002,1.0470000000000002,,0.0
BaEuZrMnO6,OQMD,1,1.8920000000000003,1.8920000000000003,1.8920000000000003,,0.0
BaEuZrPbO6,OQMD,1,2.295,2.295,2.295,,0.0
BaEuZrPdO6,OQMD,1,1.259,1.259,1.259,,0.0
BaEuZrPtO6,OQMD,1,1.6920000000000002,1.6920000000000002,1.6920000000000002,,0.0
BaEuZrTeO6,OQMD,1,3.294,3.294,3.294,,0.0
BaFe(CO3)2,OQMD,1,3.152,3.152,3.152,,0.0
BaFe2(AsO4)2,OQMD,1,0.253,0.253,0.253,,0.0
BaFe2(PO4)2,MP,3,3.5212,2.1328,3.605,0.8268464025037138,1.4722
BaFe2(PO4)2,OQMD,4,0.3884999999999998,0.260000000000001,2.6990000000000003,1.1782255019024725,2.438999999999999
BaFe2B2O7,OQMD,1,2.371,2.371,2.371,,0.0
BaFe2Sb2O7,OQMD,1,2.238,2.238,2.238,,0.0
BaFe4Sn2O11,MP,2,1.6715999999999995,1.646099999999999,1.6971,0.03606244584051466,0.051000000000001044
BaGa2(GeO4)2,AFLOW,2,2.9409,2.9339,2.9479,0.009899494936611831,0.014000000000000234
BaGa2(GeO4)2,JARVIS,1,3.167,3.167,3.167,,0.0
BaGa2(GeO4)2,MP,2,3.332699999999999,3.246499999999999,3.4189,0.12190520907656166,0.172400000000001
BaGa2(SiO4)2,AFLOW,2,3.95385,3.9521,3.9556,0.002474873734152801,0.0034999999999998366
BaGa2(SiO4)2,MP,1,4.1576,4.1576,4.1576,,0.0
BaGa2As2O7,OQMD,1,4.252,4.252,4.252,,0.0
BaGa2B2O7,AFLOW,1,4.0527,4.0527,4.0527,,0.0
BaGa2B2O7,JARVIS,1,4.209,4.209,4.209,,0.0
BaGa2B2O7,MP,1,3.984199999999999,3.984199999999999,3.984199999999999,,0.0
BaGa2B2O7,OQMD,1,4.252,4.252,4.252,,0.0
BaGa2Bi2O7,OQMD,1,3.1849999999999996,3.1849999999999996,3.1849999999999996,,0.0
BaGa2Sb2O7,OQMD,1,3.261,3.261,3.261,,0.0
BaGd2Sc2O7,AFLOW,1,3.6147,3.6147,3.6147,,0.0
BaGd2Sc2O7,MP,1,2.9688,2.9688,2.9688,,0.0
BaGdHfAuO6,OQMD,1,1.658,1.658,1.658,,0.0
BaGdHfCoO6,OQMD,1,1.1219999999999999,1.1219999999999999,1.1219999999999999,,0.0
BaGdHfFeO6,OQMD,1,2.225,2.225,2.225,,0.0
BaGdHfIrO6,OQMD,1,1.963,1.963,1.963,,0.0
BaGdHfMnO6,OQMD,1,0.698,0.698,0.698,,0.0
BaGdHfNiO6,OQMD,1,1.271,1.271,1.271,,0.0
BaGdHfRhO6,OQMD,1,1.6869999999999994,1.6869999999999994,1.6869999999999994,,0.0
BaGdHfSbO6,OQMD,1,3.1130000000000004,3.1130000000000004,3.1130000000000004,,0.0
BaGdHfTlO6,OQMD,1,2.47,2.47,2.47,,0.0
BaGdMgVO6,OQMD,1,2.0800000000000005,2.0800000000000005,2.0800000000000005,,0.0
BaGdMnVO6,OQMD,1,0.9949999999999997,0.9949999999999997,0.9949999999999997,,0.0
BaGdNbCdO6,OQMD,1,3.4599999999999995,3.4599999999999995,3.4599999999999995,,0.0
BaGdNbCuO6,OQMD,1,1.0170000000000003,1.0170000000000003,1.0170000000000003,,0.0
BaGdNbPdO6,OQMD,1,0.2899999999999996,0.2899999999999996,0.2899999999999996,,0.0
BaGdTaCdO6,OQMD,1,3.881,3.881,3.881,,0.0
BaGdTaCuO6,OQMD,1,1.242,1.242,1.242,,0.0
BaGdTaPdO6,OQMD,1,0.31099999999999994,0.31099999999999994,0.31099999999999994,,0.0
BaGdTaPtO6,OQMD,1,0.3160000000000007,0.3160000000000007,0.3160000000000007,,0.0
BaGdTiAuO6,OQMD,1,1.346,1.346,1.346,,0.0
BaGdTiBiO6,OQMD,1,2.7190000000000003,2.7190000000000003,2.7190000000000003,,0.0
BaGdTiCoO6,OQMD,1,1.109,1.109,1.109,,0.0
BaGdTiFeO6,OQMD,1,1.8530000000000002,1.8530000000000002,1.8530000000000002,,0.0
BaGdTiIrO6,OQMD,1,1.2320000000000002,1.2320000000000002,1.2320000000000002,,0.0
BaGdTiMnO6,OQMD,1,0.48800000000000043,0.48800000000000043,0.48800000000000043,,0.0
BaGdTiNiO6,OQMD,1,0.3780000000000001,0.3780000000000001,0.3780000000000001,,0.0
BaGdTiRhO6,OQMD,1,1.2359999999999998,1.2359999999999998,1.2359999999999998,,0.0
BaGdTiSbO6,OQMD,1,2.2140000000000004,2.2140000000000004,2.2140000000000004,,0.0
BaGdTiTlO6,OQMD,1,2.078,2.078,2.078,,0.0
BaGdVCdO6,OQMD,1,2.0869999999999997,2.0869999999999997,2.0869999999999997,,0.0
BaGdVCoO6,OQMD,1,1.3790000000000004,1.3790000000000004,1.3790000000000004,,0.0
BaGdVCuO6,OQMD,1,0.6200000000000001,0.6200000000000001,0.6200000000000001,,0.0
BaGdVFeO6,OQMD,1,1.2350000000000003,1.2350000000000003,1.2350000000000003,,0.0
BaGdVNiO6,OQMD,1,1.9020000000000001,1.9020000000000001,1.9020000000000001,,0.0
BaGdVPtO6,OQMD,1,1.0110000000000001,1.0110000000000001,1.0110000000000001,,0.0
BaGdVZnO6,OQMD,1,1.968,1.968,1.968,,0.0
BaGdZrAuO6,OQMD,1,1.831,1.831,1.831,,0.0
BaGdZrBiO6,OQMD,1,3.4370000000000003,3.4370000000000003,3.4370000000000003,,0.0
BaGdZrCoO6,OQMD,1,1.2400000000000002,1.2400000000000002,1.2400000000000002,,0.0
BaGdZrFeO6,OQMD,1,2.2729999999999997,2.2729999999999997,2.2729999999999997,,0.0
BaGdZrIrO6,OQMD,1,1.8559999999999999,1.8559999999999999,1.8559999999999999,,0.0
BaGdZrMnO6,OQMD,1,0.6169999999999995,0.6169999999999995,0.6169999999999995,,0.0
BaGdZrNiO6,OQMD,1,1.2429999999999999,1.2429999999999999,1.2429999999999999,,0.0
BaGdZrRhO6,OQMD,1,1.654,1.654,1.654,,0.0
BaGdZrSbO6,OQMD,1,2.821999999999999,2.821999999999999,2.821999999999999,,0.0
BaGdZrTlO6,OQMD,1,2.6489999999999996,2.6489999999999996,2.6489999999999996,,0.0
BaGe(BO3)2,OQMD,2,4.3075,4.307,4.308,0.0007071067811861557,0.0009999999999994458
BaGe2(AsO4)2,OQMD,1,2.385,2.385,2.385,,0.0
BaGe2CO6,OQMD,1,0.508,0.508,0.508,,0.0
BaGeO3,OQMD,9,3.414,2.019,3.865,0.6501020646363497,1.846
BaHf(BO3)2,MP,1,4.7103,4.7103,4.7103,,0.0
BaHf(BO3)2,OQMD,3,4.862,4.728,4.891,0.08695401083331365,0.16300000000000026
BaHf(GaO3)2,OQMD,1,2.136,2.136,2.136,,0.0
BaHfAl2O6,OQMD,2,3.309,2.2170000000000005,4.401,1.5443212101114194,2.1839999999999993
BaHfCr2O6,OQMD,1,1.3630000000000004,1.3630000000000004,1.3630000000000004,,0.0
BaHfO3,OQMD,24,3.6985,2.029,4.434,0.5787644620536337,2.4050000000000002
BaHfSc2O6,OQMD,1,1.823,1.823,1.823,,0.0
BaHfScAuO6,OQMD,1,2.054,2.054,2.054,,0.0
BaHfScCoO6,OQMD,1,1.0469999999999997,1.0469999999999997,1.0469999999999997,,0.0
BaHfScFeO6,OQMD,1,2.345,2.345,2.345,,0.0
BaHfScIrO6,OQMD,1,1.9160000000000004,1.9160000000000004,1.9160000000000004,,0.0
BaHfScMnO6,OQMD,1,1.463,1.463,1.463,,0.0
BaHfScRhO6,OQMD,1,1.4890000000000008,1.4890000000000008,1.4890000000000008,,0.0
BaHfScSbO6,OQMD,1,2.843,2.843,2.843,,0.0
BaHfScTlO6,OQMD,1,2.2729999999999997,2.2729999999999997,2.2729999999999997,,0.0
BaHoHfAuO6,OQMD,1,1.8330000000000002,1.8330000000000002,1.8330000000000002,,0.0
BaHoHfCoO6,OQMD,1,1.1479999999999997,1.1479999999999997,1.1479999999999997,,0.0
BaHoHfFeO6,OQMD,1,2.2750000000000004,2.2750000000000004,2.2750000000000004,,0.0
BaHoHfIrO6,OQMD,1,1.8710000000000004,1.8710000000000004,1.8710000000000004,,0.0
BaHoHfMnO6,OQMD,1,0.7110000000000003,0.7110000000000003,0.7110000000000003,,0.0
BaHoHfNiO6,OQMD,1,1.162,1.162,1.162,,0.0
BaHoHfRhO6,OQMD,1,1.5939999999999994,1.5939999999999994,1.5939999999999994,,0.0
BaHoHfSbO6,OQMD,1,2.8930000000000007,2.8930000000000007,2.8930000000000007,,0.0
BaHoHfTlO6,OQMD,1,2.3909999999999996,2.3909999999999996,2.3909999999999996,,0.0
BaHoMgVO6,OQMD,1,2.1459999999999995,2.1459999999999995,2.1459999999999995,,0.0
BaHoMnVO6,OQMD,1,1.15,1.15,1.15,,0.0
BaHoNbCdO6,OQMD,1,3.3950000000000005,3.3950000000000005,3.3950000000000005,,0.0
BaHoNbCuO6,OQMD,1,1.178,1.178,1.178,,0.0
BaHoNbPdO6,OQMD,1,0.29400000000000004,0.29400000000000004,0.29400000000000004,,0.0
BaHoNbPtO6,OQMD,1,1.7919999999999998,1.7919999999999998,1.7919999999999998,,0.0
BaHoTaCdO6,OQMD,1,3.811,3.811,3.811,,0.0
BaHoTaCuO6,OQMD,1,1.4249999999999998,1.4249999999999998,1.4249999999999998,,0.0
BaHoTaPdO6,OQMD,1,0.47499999999999964,0.47499999999999964,0.47499999999999964,,0.0
BaHoTaPtO6,OQMD,1,0.3230000000000004,0.3230000000000004,0.3230000000000004,,0.0
BaHoTiAuO6,OQMD,1,1.492,1.492,1.492,,0.0
BaHoTiBiO6,OQMD,1,2.763,2.763,2.763,,0.0
BaHoTiCoO6,OQMD,1,1.0189999999999997,1.0189999999999997,1.0189999999999997,,0.0
BaHoTiFeO6,OQMD,1,1.7880000000000003,1.7880000000000003,1.7880000000000003,,0.0
BaHoTiIrO6,OQMD,1,1.1440000000000001,1.1440000000000001,1.1440000000000001,,0.0
BaHoTiMnO6,OQMD,1,0.5059999999999998,0.5059999999999998,0.5059999999999998,,0.0
BaHoTiRhO6,OQMD,1,1.0169999999999995,1.0169999999999995,1.0169999999999995,,0.0
BaHoTiSbO6,OQMD,1,2.2460000000000004,2.2460000000000004,2.2460000000000004,,0.0
BaHoTiTlO6,OQMD,1,2.1229999999999998,2.1229999999999998,2.1229999999999998,,0.0
BaHoVCdO6,OQMD,1,2.1520000000000006,2.1520000000000006,2.1520000000000006,,0.0
BaHoVCoO6,OQMD,1,1.536,1.536,1.536,,0.0
BaHoVCuO6,OQMD,1,0.637,0.637,0.637,,0.0
BaHoVFeO6,OQMD,1,1.2740000000000005,1.2740000000000005,1.2740000000000005,,0.0
BaHoVNiO6,OQMD,1,1.9490000000000003,1.9490000000000003,1.9490000000000003,,0.0
BaHoVPdO6,OQMD,1,0.8800000000000003,0.8800000000000003,0.8800000000000003,,0.0
BaHoVPtO6,OQMD,1,1.0279999999999996,1.0279999999999996,1.0279999999999996,,0.0
BaHoVZnO6,OQMD,1,2.165,2.165,2.165,,0.0
BaHoZrAuO6,OQMD,1,2.072,2.072,2.072,,0.0
BaHoZrBiO6,OQMD,1,3.4939999999999998,3.4939999999999998,3.4939999999999998,,0.0
BaHoZrCoO6,OQMD,1,1.255,1.255,1.255,,0.0
BaHoZrFeO6,OQMD,1,2.297,2.297,2.297,,0.0
BaHoZrIrO6,OQMD,1,1.8810000000000002,1.8810000000000002,1.8810000000000002,,0.0
BaHoZrMnO6,OQMD,1,0.6250000000000004,0.6250000000000004,0.6250000000000004,,0.0
BaHoZrNiO6,OQMD,1,1.0459999999999998,1.0459999999999998,1.0459999999999998,,0.0
BaHoZrRhO6,OQMD,1,1.6729999999999996,1.6729999999999996,1.6729999999999996,,0.0
BaHoZrSbO6,OQMD,1,2.657,2.657,2.657,,0.0
BaHoZrTlO6,OQMD,1,2.48,2.48,2.48,,0.0
BaIn2As2O7,OQMD,1,3.1270000000000007,3.1270000000000007,3.1270000000000007,,0.0
BaIn2B2O7,OQMD,1,3.432,3.432,3.432,,0.0
BaIn2Sb2O7,OQMD,1,2.979,2.979,2.979,,0.0
BaIrO3,OQMD,1,0.3690000000000002,0.3690000000000002,0.3690000000000002,,0.0
BaLa2In2O7,AFLOW,2,2.6389,2.6364,2.6414,0.003535533905932662,0.004999999999999893
BaLa2In2O7,MP,1,2.7356,2.7356,2.7356,,0.0
BaLa2Sc2O7,AFLOW,1,3.7966,3.7966,3.7966,,0.0
BaLa2Sc2O7,MP,1,3.6458,3.6458,3.6458,,0.0
BaLa2TiO6,OQMD,1,2.908,2.908,2.908,,0.0
BaLa3Al3CoO12,OQMD,1,0.5329999999999995,0.5329999999999995,0.5329999999999995,,0.0
BaLa3Al3CrO12,OQMD,1,0.395,0.395,0.395,,0.0
BaLa3Al3VO12,OQMD,1,0.39700000000000024,0.39700000000000024,0.39700000000000024,,0.0
BaLa3Cr(FeO4)3,OQMD,1,0.8300000000000001,0.8300000000000001,0.8300000000000001,,0.0
BaLa3Mn(FeO4)3,OQMD,1,1.2199999999999998,1.2199999999999998,1.2199999999999998,,0.0
BaLa3Mn3AlO12,OQMD,1,0.6760000000000002,0.6760000000000002,0.6760000000000002,,0.0
BaLa3Mn3MoO12,OQMD,1,0.31399999999999917,0.31399999999999917,0.31399999999999917,,0.0
BaLa3Mn3VO12,OQMD,1,0.2680000000000007,0.2680000000000007,0.2680000000000007,,0.0
BaLa3Ti(FeO4)3,OQMD,1,0.9249999999999998,0.9249999999999998,0.9249999999999998,,0.0
BaLa3Ti3CoO12,OQMD,1,0.26400000000000023,0.26400000000000023,0.26400000000000023,,0.0
BaLa3TiAl3O12,OQMD,1,0.3980000000000006,0.3980000000000006,0.3980000000000006,,0.0
BaLa3V(FeO4)3,OQMD,1,0.7989999999999995,0.7989999999999995,0.7989999999999995,,0.0
BaLa3V(MoO4)3,OQMD,1,0.6070000000000002,0.6070000000000002,0.6070000000000002,,0.0
BaLa3V3CrO12,OQMD,1,0.26700000000000035,0.26700000000000035,0.26700000000000035,,0.0
BaLa3Zr3FeO12,OQMD,1,0.7999999999999998,0.7999999999999998,0.7999999999999998,,0.0
BaLa3Zr3MnO12,OQMD,1,0.39400000000000013,0.39400000000000013,0.39400000000000013,,0.0
BaLa3ZrAl3O12,OQMD,1,1.1790000000000003,1.1790000000000003,1.1790000000000003,,0.0
BaLa3ZrMn3O12,OQMD,1,0.7979999999999996,0.7979999999999996,0.7979999999999996,,0.0
BaLa4(CoO3)5,MP,1,0.28040000000000004,0.28040000000000004,0.28040000000000004,,0.0
BaLaHfAuO6,OQMD,1,1.7570000000000001,1.7570000000000001,1.7570000000000001,,0.0
BaLaHfCoO6,OQMD,1,0.968,0.968,0.968,,0.0
BaLaHfFeO6,OQMD,1,2.2170000000000005,2.2170000000000005,2.2170000000000005,,0.0
BaLaHfIrO6,OQMD,1,2.0700000000000003,2.0700000000000003,2.0700000000000003,,0.0
BaLaHfMnO6,OQMD,1,0.9630000000000001,0.9630000000000001,0.9630000000000001,,0.0
BaLaHfRhO6,OQMD,1,1.6589999999999998,1.6589999999999998,1.6589999999999998,,0.0
BaLaHfSbO6,OQMD,1,3.205,3.205,3.205,,0.0
BaLaHfTlO6,OQMD,1,2.7220000000000004,2.7220000000000004,2.7220000000000004,,0.0
BaLaMgVO6,OQMD,1,2.083,2.083,2.083,,0.0
BaLaMn2O6,MP,1,0.9001999999999991,0.9001999999999991,0.9001999999999991,,0.0
BaLaMnVO6,OQMD,1,0.8209999999999997,0.8209999999999997,0.8209999999999997,,0.0
BaLaNbCdO6,OQMD,1,3.477,3.477,3.477,,0.0
BaLaNbCuO6,OQMD,1,0.976,0.976,0.976,,0.0
BaLaTaCdO6,OQMD,1,4.160000000000001,4.160000000000001,4.160000000000001,,0.0
BaLaTaCuO6,OQMD,1,1.1929999999999996,1.1929999999999996,1.1929999999999996,,0.0
BaLaTaPdO6,OQMD,1,0.2970000000000006,0.2970000000000006,0.2970000000000006,,0.0
BaLaTaPtO6,OQMD,1,0.4499999999999993,0.4499999999999993,0.4499999999999993,,0.0
BaLaTiAuO6,OQMD,1,1.1740000000000004,1.1740000000000004,1.1740000000000004,,0.0
BaLaTiBiO6,OQMD,1,2.5139999999999993,2.5139999999999993,2.5139999999999993,,0.0
BaLaTiCoO6,OQMD,1,0.8239999999999998,0.8239999999999998,0.8239999999999998,,0.0
BaLaTiFeO6,OQMD,1,1.6369999999999996,1.6369999999999996,1.6369999999999996,,0.0
BaLaTiInO6,OQMD,1,3.2189999999999994,3.2189999999999994,3.2189999999999994,,0.0
BaLaTiIrO6,OQMD,1,1.3760000000000003,1.3760000000000003,1.3760000000000003,,0.0
BaLaTiMnO6,OQMD,1,0.6719999999999997,0.6719999999999997,0.6719999999999997,,0.0
BaLaTiRhO6,OQMD,1,1.234,1.234,1.234,,0.0
BaLaTiSbO6,OQMD,1,2.106,2.106,2.106,,0.0
BaLaTiTlO6,OQMD,1,2.2680000000000007,2.2680000000000007,2.2680000000000007,,0.0
BaLaVCdO6,OQMD,1,2.2169999999999996,2.2169999999999996,2.2169999999999996,,0.0
BaLaVCoO6,OQMD,1,1.229,1.229,1.229,,0.0
BaLaVCuO6,OQMD,1,0.2629999999999999,0.2629999999999999,0.2629999999999999,,0.0
BaLaVFeO6,OQMD,1,1.2350000000000003,1.2350000000000003,1.2350000000000003,,0.0
BaLaVNiO6,OQMD,1,1.7990000000000004,1.7990000000000004,1.7990000000000004,,0.0
BaLaVPdO6,OQMD,1,0.7830000000000004,0.7830000000000004,0.7830000000000004,,0.0
BaLaVPtO6,OQMD,1,1.2319999999999993,1.2319999999999993,1.2319999999999993,,0.0
BaLaVZnO6,OQMD,1,1.968,1.968,1.968,,0.0
BaLaZrAuO6,OQMD,1,1.7720000000000002,1.7720000000000002,1.7720000000000002,,0.0
BaLaZrCoO6,OQMD,1,0.9979999999999993,0.9979999999999993,0.9979999999999993,,0.0
BaLaZrFeO6,OQMD,1,2.1929999999999996,2.1929999999999996,2.1929999999999996,,0.0
BaLaZrIrO6,OQMD,1,1.7890000000000006,1.7890000000000006,1.7890000000000006,,0.0
BaLaZrMnO6,OQMD,1,0.9950000000000001,0.9950000000000001,0.9950000000000001,,0.0
BaLaZrRhO6,OQMD,1,1.7960000000000003,1.7960000000000003,1.7960000000000003,,0.0
BaLaZrSbO6,OQMD,1,3.1180000000000003,3.1180000000000003,3.1180000000000003,,0.0
BaLaZrTlO6,OQMD,1,2.7630000000000003,2.7630000000000003,2.7630000000000003,,0.0
BaLi2Ta2O7,OQMD,1,2.3839999999999995,2.3839999999999995,2.3839999999999995,,0.0
BaLi2Ti6O14,JARVIS,1,2.896,2.896,2.896,,0.0
BaLi2Ti6O14,MP,1,2.9428,2.9428,2.9428,,0.0
BaLu2Sb2O7,OQMD,1,3.3890000000000002,3.3890000000000002,3.3890000000000002,,0.0
BaLuHfAuO6,OQMD,1,1.963,1.963,1.963,,0.0
BaLuHfBiO6,OQMD,1,3.4770000000000003,3.4770000000000003,3.4770000000000003,,0.0
BaLuHfFeO6,OQMD,1,2.4179999999999997,2.4179999999999997,2.4179999999999997,,0.0
BaLuHfMnO6,OQMD,1,0.7109999999999999,0.7109999999999999,0.7109999999999999,,0.0
BaLuMgVO6,OQMD,1,2.151,2.151,2.151,,0.0
BaLuMnVO6,OQMD,1,1.145,1.145,1.145,,0.0
BaLuNbCdO6,OQMD,1,3.2169999999999996,3.2169999999999996,3.2169999999999996,,0.0
BaLuNbCuO6,OQMD,1,1.036,1.036,1.036,,0.0
BaLuNbPtO6,OQMD,1,1.8119999999999998,1.8119999999999998,1.8119999999999998,,0.0
BaLuTaCuO6,OQMD,1,1.427,1.427,1.427,,0.0
BaLuTaPdO6,OQMD,1,0.4740000000000002,0.4740000000000002,0.4740000000000002,,0.0
BaLuTaPtO6,OQMD,1,1.9340000000000002,1.9340000000000002,1.9340000000000002,,0.0
BaLuTiAuO6,OQMD,1,1.488,1.488,1.488,,0.0
BaLuTiBiO6,OQMD,1,2.785,2.785,2.785,,0.0
BaLuTiFeO6,OQMD,1,1.9299999999999997,1.9299999999999997,1.9299999999999997,,0.0
BaLuTiIrO6,OQMD,1,1.1400000000000006,1.1400000000000006,1.1400000000000006,,0.0
BaLuTiMnO6,OQMD,1,0.6299999999999994,0.6299999999999994,0.6299999999999994,,0.0
BaLuTiSbO6,OQMD,1,2.247,2.247,2.247,,0.0
BaLuVCdO6,OQMD,1,2.1259999999999994,2.1259999999999994,2.1259999999999994,,0.0
BaLuVCoO6,OQMD,1,1.4450000000000003,1.4450000000000003,1.4450000000000003,,0.0
BaLuVCuO6,OQMD,1,0.7599999999999998,0.7599999999999998,0.7599999999999998,,0.0
BaLuVFeO6,OQMD,1,1.4140000000000001,1.4140000000000001,1.4140000000000001,,0.0
BaLuVNiO6,OQMD,1,2.0760000000000005,2.0760000000000005,2.0760000000000005,,0.0
BaLuVPdO6,OQMD,1,1.0029999999999997,1.0029999999999997,1.0029999999999997,,0.0
BaLuVPtO6,OQMD,1,1.0279999999999996,1.0279999999999996,1.0279999999999996,,0.0
BaLuVZnO6,OQMD,1,2.1449999999999996,2.1449999999999996,2.1449999999999996,,0.0
BaLuZrBiO6,OQMD,1,3.497,3.497,3.497,,0.0
BaLuZrFeO6,OQMD,1,2.511,2.511,2.511,,0.0
BaLuZrIrO6,OQMD,1,1.88,1.88,1.88,,0.0
BaLuZrMnO6,OQMD,1,0.8320000000000003,0.8320000000000003,0.8320000000000003,,0.0
BaLuZrNiO6,OQMD,1,1.0579999999999998,1.0579999999999998,1.0579999999999998,,0.0
BaMg(SbO3)2,MP,1,2.724199999999999,2.724199999999999,2.724199999999999,,0.0
BaMg2V2O8,AFLOW,2,3.5423,3.542,3.5426,0.0004242640687121958,0.000600000000000378
BaMg2V2O8,JARVIS,1,3.406,3.406,3.406,,0.0
BaMg2V2O8,MP,1,3.5789,3.5789,3.5789,,0.0
BaMg2V2O8,OQMD,1,3.788,3.788,3.788,,0.0
BaMg3Al2V2O12,OQMD,2,1.459,1.3970000000000002,1.521,0.08768124086713165,0.12399999999999967
BaMg3Cr3MoO12,OQMD,1,0.4870000000000001,0.4870000000000001,0.4870000000000001,,0.0
BaMg3Ti2Mn2O12,OQMD,2,1.2465000000000002,1.2460000000000004,1.2469999999999999,0.0007071067811861557,0.0009999999999994458
BaMg3Ti3CoO12,OQMD,1,1.702,1.702,1.702,,0.0
BaMg3Ti3VO12,OQMD,1,1.725,1.725,1.725,,0.0
BaMg3Ti4O12,OQMD,1,1.891,1.891,1.891,,0.0
BaMg3TiCr3O12,OQMD,1,0.911,0.911,0.911,,0.0
BaMg3TiMn3O12,OQMD,1,0.3780000000000001,0.3780000000000001,0.3780000000000001,,0.0
BaMg3V2(FeO6)2,OQMD,2,0.8709999999999996,0.8709999999999996,0.8709999999999996,0.0,0.0
BaMg3V2Cr2O12,OQMD,2,0.9984999999999999,0.9980000000000002,0.9989999999999997,0.0007071067811861557,0.0009999999999994458
BaMg3V3CoO12,OQMD,1,0.7869999999999999,0.7869999999999999,0.7869999999999999,,0.0
BaMg3V3WO12,OQMD,1,1.04,1.04,1.04,,0.0
BaMg3Zr2Mn2O12,OQMD,2,1.8674999999999997,1.8669999999999995,1.8679999999999999,0.0007071067811867837,0.001000000000000334
BaMg3Zr2Ti2O12,OQMD,2,1.6449999999999998,1.6449999999999996,1.645,3.1401849173675503e-16,4.440892098500626e-16
BaMg3Zr3CoO12,OQMD,1,1.7089999999999996,1.7089999999999996,1.7089999999999996,,0.0
BaMg3Zr3TiO12,OQMD,1,1.6399999999999997,1.6399999999999997,1.6399999999999997,,0.0
BaMg3Zr3VO12,OQMD,1,1.2269999999999999,1.2269999999999999,1.2269999999999999,,0.0
BaMg3Zr4O12,OQMD,1,1.8680000000000003,1.8680000000000003,1.8680000000000003,,0.0
BaMgScVO6,OQMD,1,2.4120000000000004,2.4120000000000004,2.4120000000000004,,0.0
BaMn(BO3)2,OQMD,3,1.491,1.413,1.493,0.04562163229580164,0.08000000000000007
BaMn(CO3)2,OQMD,1,3.828,3.828,3.828,,0.0
BaMn(SeO3)2,OQMD,1,2.5549999999999997,2.5549999999999997,2.5549999999999997,,0.0
BaMn2(AsO4)2,OQMD,2,2.208,2.142,2.274,0.09333809511662419,0.13200000000000012
BaMn2(NiO4)2,OQMD,1,1.1390000000000002,1.1390000000000002,1.1390000000000002,,0.0
BaMn2(PO4)2,OQMD,2,3.824,3.823,3.825,0.0014142135623730963,0.002000000000000224
BaMn2Fe4O11,MP,1,0.9487000000000001,0.9487000000000001,0.9487000000000001,,0.0
BaMn2Sb2O7,OQMD,1,0.8660000000000001,0.8660000000000001,0.8660000000000001,,0.0
BaMn2Si2O7,MP,1,2.6464,2.6464,2.6464,,0.0
BaMn2V2O8,MP,1,2.2123,2.2123,2.2123,,0.0
BaMn2V2O8,OQMD,1,2.243,2.243,2.243,,0.0
BaMn3Fe3O11,MP,1,0.6949999999999991,0.6949999999999991,0.6949999999999991,,0.0
BaMnAl2O6,OQMD,1,2.6559999999999997,2.6559999999999997,2.6559999999999997,,0.0
BaMnO3,OQMD,13,1.303,0.628,2.018,0.4617726435801219,1.3899999999999997
BaMoO3,OQMD,2,0.553,0.318,0.788,0.3323401871576773,0.47000000000000003
BaNb2(CoO4)2,OQMD,1,2.602,2.602,2.602,,0.0
BaNb2(NiO4)2,OQMD,1,3.5260000000000002,3.5260000000000002,3.5260000000000002,,0.0
BaNb2(SnO3)3,OQMD,1,2.158,2.158,2.158,,0.0
BaNb2Ir2O7,OQMD,1,1.0339999999999998,1.0339999999999998,1.0339999999999998,,0.0
BaNb3NO7,MP,4,1.2830999999999995,0.866699999999999,1.6568,0.3228373932802709,0.790100000000001
BaNbO3,OQMD,1,0.852,0.852,0.852,,0.0
BaNd2Al2O7,OQMD,1,3.356,3.356,3.356,,0.0
BaNd2Cr2O7,OQMD,1,1.8589999999999995,1.8589999999999995,1.8589999999999995,,0.0
BaNd2Fe2O7,OQMD,1,0.524,0.524,0.524,,0.0
BaNd2Ga2O7,OQMD,1,3.447,3.447,3.447,,0.0
BaNd2In2O7,AFLOW,1,2.571,2.571,2.571,,0.0
BaNd2In2O7,MP,1,2.384599999999999,2.384599999999999,2.384599999999999,,0.0
BaNd2In2O7,OQMD,1,3.0980000000000003,3.0980000000000003,3.0980000000000003,,0.0
BaNd2Sc2O7,AFLOW,1,3.6319,3.6319,3.6319,,0.0
BaNd2Sc2O7,MP,1,3.5251,3.5251,3.5251,,0.0
BaNd2Sc2O7,OQMD,1,3.7550000000000003,3.7550000000000003,3.7550000000000003,,0.0
BaNd2TeO6,OQMD,1,2.461,2.461,2.461,,0.0
BaNd2WO6,OQMD,1,0.35000000000000053,0.35000000000000053,0.35000000000000053,,0.0
BaNdHfAuO6,OQMD,1,1.638,1.638,1.638,,0.0
BaNdHfCoO6,OQMD,1,1.1799999999999997,1.1799999999999997,1.1799999999999997,,0.0
BaNdHfFeO6,OQMD,1,2.354,2.354,2.354,,0.0
BaNdHfIrO6,OQMD,1,2.0149999999999997,2.0149999999999997,2.0149999999999997,,0.0
BaNdHfMnO6,OQMD,1,1.0020000000000002,1.0020000000000002,1.0020000000000002,,0.0
BaNdHfRhO6,OQMD,1,1.6840000000000002,1.6840000000000002,1.6840000000000002,,0.0
BaNdHfSbO6,OQMD,1,3.1999999999999993,3.1999999999999993,3.1999999999999993,,0.0
BaNdHfTlO6,OQMD,1,2.6040000000000005,2.6040000000000005,2.6040000000000005,,0.0
BaNdMgVO6,OQMD,1,2.1140000000000003,2.1140000000000003,2.1140000000000003,,0.0
BaNdMnVO6,OQMD,1,1.1470000000000002,1.1470000000000002,1.1470000000000002,,0.0
BaNdNbCdO6,OQMD,1,3.5759999999999996,3.5759999999999996,3.5759999999999996,,0.0
BaNdNbCuO6,OQMD,1,1.141,1.141,1.141,,0.0
BaNdTaCdO6,OQMD,1,4.087,4.087,4.087,,0.0
BaNdTaCuO6,OQMD,1,1.1519999999999997,1.1519999999999997,1.1519999999999997,,0.0
BaNdTaPdO6,OQMD,1,0.32699999999999996,0.32699999999999996,0.32699999999999996,,0.0
BaNdTaPtO6,OQMD,1,0.3340000000000005,0.3340000000000005,0.3340000000000005,,0.0
BaNdTiBiO6,OQMD,1,2.6999999999999997,2.6999999999999997,2.6999999999999997,,0.0
BaNdTiCoO6,OQMD,1,0.9930000000000003,0.9930000000000003,0.9930000000000003,,0.0
BaNdTiFeO6,OQMD,1,1.8120000000000003,1.8120000000000003,1.8120000000000003,,0.0
BaNdTiIrO6,OQMD,1,1.1549999999999994,1.1549999999999994,1.1549999999999994,,0.0
BaNdTiMnO6,OQMD,1,0.3290000000000002,0.3290000000000002,0.3290000000000002,,0.0
BaNdTiRhO6,OQMD,1,1.1520000000000001,1.1520000000000001,1.1520000000000001,,0.0
BaNdTiSbO6,OQMD,1,2.2089999999999996,2.2089999999999996,2.2089999999999996,,0.0
BaNdTiTlO6,OQMD,1,2.2380000000000004,2.2380000000000004,2.2380000000000004,,0.0
BaNdVCdO6,OQMD,1,2.248,2.248,2.248,,0.0
BaNdVCoO6,OQMD,1,1.319,1.319,1.319,,0.0
BaNdVCuO6,OQMD,1,0.4929999999999999,0.4929999999999999,0.4929999999999999,,0.0
BaNdVFeO6,OQMD,1,1.3230000000000004,1.3230000000000004,1.3230000000000004,,0.0
BaNdVNiO6,OQMD,1,1.835,1.835,1.835,,0.0
BaNdVPtO6,OQMD,1,1.1589999999999998,1.1589999999999998,1.1589999999999998,,0.0
BaNdVZnO6,OQMD,1,2.1189999999999998,2.1189999999999998,2.1189999999999998,,0.0
BaNdZrAuO6,OQMD,1,1.6469999999999998,1.6469999999999998,1.6469999999999998,,0.0
BaNdZrBiO6,OQMD,1,3.469,3.469,3.469,,0.0
BaNdZrCoO6,OQMD,1,1.0430000000000001,1.0430000000000001,1.0430000000000001,,0.0
BaNdZrFeO6,OQMD,1,2.2929999999999997,2.2929999999999997,2.2929999999999997,,0.0
BaNdZrIrO6,OQMD,1,1.8809999999999993,1.8809999999999993,1.8809999999999993,,0.0
BaNdZrMnO6,OQMD,1,1.0339999999999998,1.0339999999999998,1.0339999999999998,,0.0
BaNdZrRhO6,OQMD,1,1.6700000000000008,1.6700000000000008,1.6700000000000008,,0.0
BaNdZrSbO6,OQMD,1,3.0389999999999997,3.0389999999999997,3.0389999999999997,,0.0
BaNdZrTlO6,OQMD,1,2.6700000000000004,2.6700000000000004,2.6700000000000004,,0.0
BaNi(SeO3)2,OQMD,1,2.749,2.749,2.749,,0.0
BaNi2(AsO4)2,AFLOW,1,2.705,2.705,2.705,,0.0
BaNi2(AsO4)2,JARVIS,1,1.0,1.0,1.0,,0.0
BaNi2(AsO4)2,MP,1,2.8416,2.8416,2.8416,,0.0
BaNi2(AsO4)2,OQMD,1,3.282,3.282,3.282,,0.0
BaNi2(BrO4)2,OQMD,1,2.211,2.211,2.211,,0.0
BaNi2(NO4)2,OQMD,1,3.2100000000000004,3.2100000000000004,3.2100000000000004,,0.0
BaNi2(PO4)2,AFLOW,2,3.287,3.2866,3.2874,0.0005656854249491757,0.0007999999999999119
BaNi2(PO4)2,JARVIS,2,0.85,0.85,0.85,0.0,0.0
BaNi2(PO4)2,OQMD,1,4.031,4.031,4.031,,0.0
BaNi2(RhO4)2,OQMD,1,0.5550000000000002,0.5550000000000002,0.5550000000000002,,0.0
BaNi2(SbO4)2,OQMD,1,1.6509999999999998,1.6509999999999998,1.6509999999999998,,0.0
BaNi2B2O7,OQMD,1,1.317,1.317,1.317,,0.0
BaNi2Sb2O7,OQMD,1,1.257,1.257,1.257,,0.0
BaP2(PdO4)2,OQMD,1,0.251,0.251,0.251,,0.0
BaPa2Mn2O7,OQMD,1,0.5279999999999996,0.5279999999999996,0.5279999999999996,,0.0
BaPb2WO6,OQMD,2,2.0845000000000002,1.9050000000000002,2.264,0.2538513344459701,0.35899999999999954
BaPd(SeO3)2,JARVIS,1,1.638,1.638,1.638,,0.0
BaPd(SeO3)2,MP,1,1.6510999999999991,1.6510999999999991,1.6510999999999991,,0.0
BaPd(SeO3)2,OQMD,2,1.6395,1.5859999999999999,1.6929999999999998,0.0756604255869605,0.10699999999999998
BaPmHfAuO6,OQMD,1,1.6949999999999998,1.6949999999999998,1.6949999999999998,,0.0
BaPmHfCoO6,OQMD,1,1.0470000000000006,1.0470000000000006,1.0470000000000006,,0.0
BaPmHfFeO6,OQMD,1,2.263,2.263,2.263,,0.0
BaPmHfIrO6,OQMD,1,1.9109999999999996,1.9109999999999996,1.9109999999999996,,0.0
BaPmHfMnO6,OQMD,1,1.037,1.037,1.037,,0.0
BaPmHfRhO6,OQMD,1,1.7409999999999997,1.7409999999999997,1.7409999999999997,,0.0
BaPmHfTlO6,OQMD,1,2.53,2.53,2.53,,0.0
BaPmNbCdO6,OQMD,1,3.5409999999999995,3.5409999999999995,3.5409999999999995,,0.0
BaPmNbCuO6,OQMD,1,1.016,1.016,1.016,,0.0
BaPmNbPtO6,OQMD,1,0.33999999999999986,0.33999999999999986,0.33999999999999986,,0.0
BaPmTaCdO6,OQMD,1,4.225999999999999,4.225999999999999,4.225999999999999,,0.0
BaPmTaCuO6,OQMD,1,1.0180000000000002,1.0180000000000002,1.0180000000000002,,0.0
BaPmTaPdO6,OQMD,1,0.5089999999999999,0.5089999999999999,0.5089999999999999,,0.0
BaPmTaPtO6,OQMD,1,0.34499999999999975,0.34499999999999975,0.34499999999999975,,0.0
BaPmTiAuO6,OQMD,1,1.484,1.484,1.484,,0.0
BaPmTiBiO6,OQMD,1,2.633,2.633,2.633,,0.0
BaPmTiCoO6,OQMD,1,0.8560000000000003,0.8560000000000003,0.8560000000000003,,0.0
BaPmTiFeO6,OQMD,1,1.7070000000000003,1.7070000000000003,1.7070000000000003,,0.0
BaPmTiIrO6,OQMD,1,1.3650000000000002,1.3650000000000002,1.3650000000000002,,0.0
BaPmTiMnO6,OQMD,1,0.5080000000000005,0.5080000000000005,0.5080000000000005,,0.0
BaPmTiRhO6,OQMD,1,1.1929999999999996,1.1929999999999996,1.1929999999999996,,0.0
BaPmTiTlO6,OQMD,1,2.1519999999999997,2.1519999999999997,2.1519999999999997,,0.0
BaPmVCdO6,OQMD,1,2.166,2.166,2.166,,0.0
BaPmVCuO6,OQMD,1,0.6789999999999998,0.6789999999999998,0.6789999999999998,,0.0
BaPmVPtO6,OQMD,1,1.1989999999999998,1.1989999999999998,1.1989999999999998,,0.0
BaPmZrAuO6,OQMD,1,1.65,1.65,1.65,,0.0
BaPmZrCoO6,OQMD,1,1.2519999999999998,1.2519999999999998,1.2519999999999998,,0.0
BaPmZrFeO6,OQMD,1,2.2899999999999996,2.2899999999999996,2.2899999999999996,,0.0
BaPmZrIrO6,OQMD,1,1.88,1.88,1.88,,0.0
BaPmZrMnO6,OQMD,1,0.6219999999999999,0.6219999999999999,0.6219999999999999,,0.0
BaPmZrRhO6,OQMD,1,1.4619999999999997,1.4619999999999997,1.4619999999999997,,0.0
BaPmZrTlO6,OQMD,1,2.881,2.881,2.881,,0.0
BaPr2In2O7,MP,1,2.3815,2.3815,2.3815,,0.0
BaPr2Sc2O7,MP,1,3.543299999999999,3.543299999999999,3.543299999999999,,0.0
BaPrHfAuO6,OQMD,1,1.5780000000000003,1.5780000000000003,1.5780000000000003,,0.0
BaPrHfCoO6,OQMD,1,0.9770000000000003,0.9770000000000003,0.9770000000000003,,0.0
BaPrHfFeO6,OQMD,1,2.1109999999999998,2.1109999999999998,2.1109999999999998,,0.0
BaPrHfIrO6,OQMD,1,2.112,2.112,2.112,,0.0
BaPrHfMnO6,OQMD,1,0.9659999999999997,0.9659999999999997,0.9659999999999997,,0.0
BaPrHfRhO6,OQMD,1,1.625,1.625,1.625,,0.0
BaPrHfSbO6,OQMD,1,3.2399999999999993,3.2399999999999993,3.2399999999999993,,0.0
BaPrHfTlO6,OQMD,1,2.67,2.67,2.67,,0.0
BaPrMgVO6,OQMD,1,2.043,2.043,2.043,,0.0
BaPrMnVO6,OQMD,1,0.9479999999999995,0.9479999999999995,0.9479999999999995,,0.0
BaPrNbCdO6,OQMD,1,3.448,3.448,3.448,,0.0
BaPrNbCuO6,OQMD,1,1.1059999999999999,1.1059999999999999,1.1059999999999999,,0.0
BaPrNbPdO6,OQMD,1,0.3139999999999996,0.3139999999999996,0.3139999999999996,,0.0
BaPrTaCdO6,OQMD,1,4.1,4.1,4.1,,0.0
BaPrTaCuO6,OQMD,1,1.1089999999999995,1.1089999999999995,1.1089999999999995,,0.0
BaPrTaPdO6,OQMD,1,0.47299999999999986,0.47299999999999986,0.47299999999999986,,0.0
BaPrTaPtO6,OQMD,1,0.3229999999999995,0.3229999999999995,0.3229999999999995,,0.0
BaPrTiAuO6,OQMD,1,0.77,0.77,0.77,,0.0
BaPrTiBiO6,OQMD,1,2.602,2.602,2.602,,0.0
BaPrTiCoO6,OQMD,1,0.964,0.964,0.964,,0.0
BaPrTiFeO6,OQMD,1,1.7560000000000002,1.7560000000000002,1.7560000000000002,,0.0
BaPrTiInO6,OQMD,1,3.273,3.273,3.273,,0.0
BaPrTiIrO6,OQMD,1,1.271,1.271,1.271,,0.0
BaPrTiMnO6,OQMD,1,0.3180000000000005,0.3180000000000005,0.3180000000000005,,0.0
BaPrTiRhO6,OQMD,1,1.2729999999999997,1.2729999999999997,1.2729999999999997,,0.0
BaPrTiSbO6,OQMD,1,2.127,2.127,2.127,,0.0
BaPrTiTlO6,OQMD,1,2.1540000000000004,2.1540000000000004,2.1540000000000004,,0.0
BaPrVCdO6,OQMD,1,2.169,2.169,2.169,,0.0
BaPrVCoO6,OQMD,1,1.2750000000000004,1.2750000000000004,1.2750000000000004,,0.0
BaPrVCuO6,OQMD,1,0.31700000000000017,0.31700000000000017,0.31700000000000017,,0.0
BaPrVFeO6,OQMD,1,0.6420000000000003,0.6420000000000003,0.6420000000000003,,0.0
BaPrVNiO6,OQMD,1,1.9330000000000003,1.9330000000000003,1.9330000000000003,,0.0
BaPrVPtO6,OQMD,1,1.1180000000000003,1.1180000000000003,1.1180000000000003,,0.0
BaPrVZnO6,OQMD,1,2.049,2.049,2.049,,0.0
BaPrZrAuO6,OQMD,1,1.6460000000000004,1.6460000000000004,1.6460000000000004,,0.0
BaPrZrBiO6,OQMD,1,3.2619999999999996,3.2619999999999996,3.2619999999999996,,0.0
BaPrZrCoO6,OQMD,1,1.041,1.041,1.041,,0.0
BaPrZrFeO6,OQMD,1,2.296,2.296,2.296,,0.0
BaPrZrIrO6,OQMD,1,1.8810000000000002,1.8810000000000002,1.8810000000000002,,0.0
BaPrZrMnO6,OQMD,1,1.2479999999999998,1.2479999999999998,1.2479999999999998,,0.0
BaPrZrRhO6,OQMD,1,1.673,1.673,1.673,,0.0
BaPrZrSbO6,OQMD,1,3.0379999999999994,3.0379999999999994,3.0379999999999994,,0.0
BaPrZrTlO6,OQMD,1,2.671,2.671,2.671,,0.0
BaRe(BO3)2,OQMD,2,0.9495,0.8879999999999999,1.0110000000000001,0.0869741340859455,0.12300000000000022
BaReO3,OQMD,1,0.24899999999999967,0.24899999999999967,0.24899999999999967,,0.0
BaRuO3,OQMD,3,0.733,0.4910000000000001,0.747,0.1439305388025765,0.2559999999999999
BaSb2(PbO3)3,OQMD,1,1.6920000000000002,1.6920000000000002,1.6920000000000002,,0.0
BaSb2Ir2O7,OQMD,1,0.375,0.375,0.375,,0.0
BaSb2Mo2O7,OQMD,1,0.3169999999999997,0.3169999999999997,0.3169999999999997,,0.0
BaSb2Ru2O7,OQMD,1,0.24300000000000033,0.24300000000000033,0.24300000000000033,,0.0
BaSc2B2O7,OQMD,1,4.582,4.582,4.582,,0.0
BaSc2Sb2O7,OQMD,1,3.6389999999999993,3.6389999999999993,3.6389999999999993,,0.0
BaScMnVO6,OQMD,1,1.2329999999999997,1.2329999999999997,1.2329999999999997,,0.0
BaScNbCdO6,OQMD,1,3.304,3.304,3.304,,0.0
BaScNbCuO6,OQMD,1,1.23,1.23,1.23,,0.0
BaScNbPtO6,OQMD,1,2.077,2.077,2.077,,0.0
BaScTaCdO6,OQMD,1,3.534,3.534,3.534,,0.0
BaScTaCuO6,OQMD,1,1.2389999999999999,1.2389999999999999,1.2389999999999999,,0.0
BaScTaPdO6,OQMD,1,0.4139999999999997,0.4139999999999997,0.4139999999999997,,0.0
BaScTaPtO6,OQMD,1,2.101,2.101,2.101,,0.0
BaScTiAsO6,OQMD,1,3.013,3.013,3.013,,0.0
BaScTiAuO6,OQMD,1,1.807,1.807,1.807,,0.0
BaScTiBiO6,OQMD,1,2.8059999999999996,2.8059999999999996,2.8059999999999996,,0.0
BaScTiCoO6,OQMD,1,1.033,1.033,1.033,,0.0
BaScTiFeO6,OQMD,1,1.8419999999999996,1.8419999999999996,1.8419999999999996,,0.0
BaScTiIrO6,OQMD,1,1.2589999999999995,1.2589999999999995,1.2589999999999995,,0.0
BaScTiMnO6,OQMD,1,0.6130000000000004,0.6130000000000004,0.6130000000000004,,0.0
BaScTiNiO6,OQMD,1,0.625,0.625,0.625,,0.0
BaScTiRhO6,OQMD,1,1.2610000000000001,1.2610000000000001,1.2610000000000001,,0.0
BaScTiSbO6,OQMD,1,2.3970000000000002,2.3970000000000002,2.3970000000000002,,0.0
BaScTiTlO6,OQMD,1,2.214,2.214,2.214,,0.0
BaScVCdO6,OQMD,1,2.018,2.018,2.018,,0.0
BaScVCoO6,OQMD,1,1.4339999999999997,1.4339999999999997,1.4339999999999997,,0.0
BaScVCuO6,OQMD,1,1.0129999999999995,1.0129999999999995,1.0129999999999995,,0.0
BaScVFeO6,OQMD,1,1.4520000000000004,1.4520000000000004,1.4520000000000004,,0.0
BaScVNiO6,OQMD,1,2.0730000000000004,2.0730000000000004,2.0730000000000004,,0.0
BaScVPdO6,OQMD,1,1.202,1.202,1.202,,0.0
BaScVPtO6,OQMD,1,1.0519999999999996,1.0519999999999996,1.0519999999999996,,0.0
BaScVZnO6,OQMD,1,2.2270000000000003,2.2270000000000003,2.2270000000000003,,0.0
BaSm2Sc2O7,MP,1,3.534,3.534,3.534,,0.0
BaSm3Al3CrO12,OQMD,1,0.5389999999999999,0.5389999999999999,0.5389999999999999,,0.0
BaSm3Co(MoO4)3,OQMD,1,0.5370000000000004,0.5370000000000004,0.5370000000000004,,0.0
BaSm3Ti3MnO12,OQMD,1,0.5380000000000003,0.5380000000000003,0.5380000000000003,,0.0
BaSm3Ti3VO12,OQMD,1,0.536,0.536,0.536,,0.0
BaSm3TiV3O12,OQMD,1,0.3610000000000002,0.3610000000000002,0.3610000000000002,,0.0
BaSm3V(FeO4)3,OQMD,1,0.5449999999999999,0.5449999999999999,0.5449999999999999,,0.0
BaSm3V3FeO12,OQMD,1,0.536,0.536,0.536,,0.0
BaSm3VCr3O12,OQMD,1,0.7109999999999999,0.7109999999999999,0.7109999999999999,,0.0
BaSm3Zr(FeO4)3,OQMD,1,0.42700000000000005,0.42700000000000005,0.42700000000000005,,0.0
BaSm3Zr3AlO12,OQMD,1,0.8479999999999999,0.8479999999999999,0.8479999999999999,,0.0
BaSm3Zr3CrO12,OQMD,1,0.8579999999999997,0.8579999999999997,0.8579999999999997,,0.0
BaSm3Zr3FeO12,OQMD,1,1.2819999999999996,1.2819999999999996,1.2819999999999996,,0.0
BaSm3Zr3MnO12,OQMD,1,0.8599999999999999,0.8599999999999999,0.8599999999999999,,0.0
BaSm3Zr3VO12,OQMD,1,0.4280000000000004,0.4280000000000004,0.4280000000000004,,0.0
BaSm3ZrMn3O12,OQMD,1,1.0580000000000003,1.0580000000000003,1.0580000000000003,,0.0
BaSm3ZrV3O12,OQMD,1,0.6500000000000004,0.6500000000000004,0.6500000000000004,,0.0
BaSmHfAuO6,OQMD,1,1.75,1.75,1.75,,0.0
BaSmHfCoO6,OQMD,1,1.0759999999999996,1.0759999999999996,1.0759999999999996,,0.0
BaSmHfFeO6,OQMD,1,2.156,2.156,2.156,,0.0
BaSmHfIrO6,OQMD,1,1.9719999999999995,1.9719999999999995,1.9719999999999995,,0.0
BaSmHfMnO6,OQMD,1,0.7079999999999997,0.7079999999999997,0.7079999999999997,,0.0
BaSmHfRhO6,OQMD,1,1.6189999999999998,1.6189999999999998,1.6189999999999998,,0.0
BaSmHfSbO6,OQMD,1,3.09,3.09,3.09,,0.0
BaSmHfTlO6,OQMD,1,2.6249999999999996,2.6249999999999996,2.6249999999999996,,0.0
BaSmMgVO6,OQMD,1,2.093,2.093,2.093,,0.0
BaSmMnVO6,OQMD,1,1.0499999999999998,1.0499999999999998,1.0499999999999998,,0.0
BaSmNbCdO6,OQMD,1,3.477,3.477,3.477,,0.0
BaSmNbCuO6,OQMD,1,1.0470000000000002,1.0470000000000002,1.0470000000000002,,0.0
BaSmNbPdO6,OQMD,1,0.3480000000000003,0.3480000000000003,0.3480000000000003,,0.0
BaSmTaCdO6,OQMD,1,4.015,4.015,4.015,,0.0
BaSmTaCuO6,OQMD,1,1.2269999999999994,1.2269999999999994,1.2269999999999994,,0.0
BaSmTaPdO6,OQMD,1,0.34999999999999964,0.34999999999999964,0.34999999999999964,,0.0
BaSmTaPtO6,OQMD,1,0.35499999999999954,0.35499999999999954,0.35499999999999954,,0.0
BaSmTiAuO6,OQMD,1,1.5370000000000004,1.5370000000000004,1.5370000000000004,,0.0
BaSmTiBiO6,OQMD,1,2.722,2.722,2.722,,0.0
BaSmTiCoO6,OQMD,1,1.06,1.06,1.06,,0.0
BaSmTiFeO6,OQMD,1,1.763,1.763,1.763,,0.0
BaSmTiIrO6,OQMD,1,1.2320000000000002,1.2320000000000002,1.2320000000000002,,0.0
BaSmTiMnO6,OQMD,1,0.5270000000000001,0.5270000000000001,0.5270000000000001,,0.0
BaSmTiRhO6,OQMD,1,1.0549999999999997,1.0549999999999997,1.0549999999999997,,0.0
BaSmTiSbO6,OQMD,1,2.3680000000000003,2.3680000000000003,2.3680000000000003,,0.0
BaSmTiTlO6,OQMD,1,2.225,2.225,2.225,,0.0
BaSmVCdO6,OQMD,1,2.238,2.238,2.238,,0.0
BaSmVCoO6,OQMD,1,1.408,1.408,1.408,,0.0
BaSmVCuO6,OQMD,1,0.7029999999999998,0.7029999999999998,0.7029999999999998,,0.0
BaSmVFeO6,OQMD,1,1.2359999999999998,1.2359999999999998,1.2359999999999998,,0.0
BaSmVNiO6,OQMD,1,1.9600000000000004,1.9600000000000004,1.9600000000000004,,0.0
BaSmVPtO6,OQMD,1,1.061,1.061,1.061,,0.0
BaSmVZnO6,OQMD,1,2.094,2.094,2.094,,0.0
BaSmZrAuO6,OQMD,1,1.854,1.854,1.854,,0.0
BaSmZrBiO6,OQMD,1,3.271,3.271,3.271,,0.0
BaSmZrCoO6,OQMD,1,1.2530000000000001,1.2530000000000001,1.2530000000000001,,0.0
BaSmZrFeO6,OQMD,1,2.293,2.293,2.293,,0.0
BaSmZrIrO6,OQMD,1,1.88,1.88,1.88,,0.0
BaSmZrMnO6,OQMD,1,0.8289999999999997,0.8289999999999997,0.8289999999999997,,0.0
BaSmZrRhO6,OQMD,1,1.6680000000000001,1.6680000000000001,1.6680000000000001,,0.0
BaSmZrSbO6,OQMD,1,3.044,3.044,3.044,,0.0
BaSmZrTlO6,OQMD,1,2.673,2.673,2.673,,0.0
BaSn(BO3)2,OQMD,2,4.0335,4.029,4.038,0.006363961030679169,0.009000000000000341
BaSn2CO6,OQMD,1,0.37800000000000056,0.37800000000000056,0.37800000000000056,,0.0
BaSn2GeO6,OQMD,1,1.6370000000000005,1.6370000000000005,1.6370000000000005,,0.0
BaSn2PbO6,OQMD,1,1.38,1.38,1.38,,0.0
BaSn3Sb2O9,OQMD,1,1.1989999999999998,1.1989999999999998,1.1989999999999998,,0.0
BaSnO3,OQMD,19,1.588,0.899,2.878,0.7725104136393803,1.979
BaSr(SnO3)2,JARVIS,1,0.765,0.765,0.765,,0.0
BaSr(SnO3)2,MP,2,0.6913999999999996,0.6697000000000001,0.7130999999999991,0.03068843430349545,0.043399999999998995
BaSr(SnO3)2,OQMD,2,1.6585,1.6550000000000002,1.662,0.004949747468305602,0.006999999999999673
BaSr2(SnO3)3,JARVIS,1,1.418,1.418,1.418,,0.0
BaSr2(SnO3)3,MP,1,1.359999999999999,1.359999999999999,1.359999999999999,,0.0
BaSr2MoO6,OQMD,2,2.2119999999999997,2.166,2.258,0.06505382386916259,0.09200000000000008
BaSr2TeO6,OQMD,1,3.376,3.376,3.376,,0.0
BaSr2V2O8,OQMD,1,3.891,3.891,3.891,,0.0
BaSr2WO6,OQMD,5,3.058,2.545,3.0990000000000006,0.23449904050976433,0.5540000000000007
BaSr3(CoO3)4,MP,1,0.9630999999999991,0.9630999999999991,0.9630999999999991,,0.0
BaSr3(SnO3)4,JARVIS,1,1.578,1.578,1.578,,0.0
BaSr3(SnO3)4,MP,1,1.228599999999999,1.228599999999999,1.228599999999999,,0.0
BaSr3Al2V2O12,OQMD,2,1.5555,1.5550000000000002,1.556,0.0007071067811864697,0.0009999999999998899
BaSr3Mn3O10,MP,1,1.3553,1.3553,1.3553,,0.0
BaSr3Mn4O12,MP,1,0.8782000000000001,0.8782000000000001,0.8782000000000001,,0.0
BaSr3Sb2O9,OQMD,1,1.5110000000000001,1.5110000000000001,1.5110000000000001,,0.0
BaSr3Ti(MoO4)3,OQMD,1,0.31599999999999984,0.31599999999999984,0.31599999999999984,,0.0
BaSr3Ti2Cr2O12,OQMD,1,0.6179999999999999,0.6179999999999999,0.6179999999999999,,0.0
BaSr3Ti2Mn2O12,OQMD,11,0.7719999999999998,0.6109999999999998,1.084,0.1901027951590211,0.4730000000000003
BaSr3Ti2V2O12,OQMD,3,0.2999999999999998,0.29899999999999993,0.5979999999999999,0.17233978066598551,0.29899999999999993
BaSr3Ti3CrO12,OQMD,1,0.7190000000000003,0.7190000000000003,0.7190000000000003,,0.0
BaSr3Ti4O12,JARVIS,1,1.79,1.79,1.79,,0.0
BaSr3Ti4O12,MP,1,1.7434,1.7434,1.7434,,0.0
BaSr3Ti4O12,OQMD,10,1.7949999999999997,1.7830000000000004,1.94,0.04677891262809194,0.15699999999999958
BaSr3TiCr3O12,OQMD,1,0.3049999999999997,0.3049999999999997,0.3049999999999997,,0.0
BaSr3V(MoO4)3,OQMD,1,0.3230000000000004,0.3230000000000004,0.3230000000000004,,0.0
BaSr3V2(FeO6)2,OQMD,2,1.0065000000000002,0.9280000000000004,1.085,0.11101576464628767,0.15699999999999958
BaSr3V2Cr2O12,OQMD,2,1.24,1.2399999999999998,1.2400000000000002,3.1401849173675503e-16,4.440892098500626e-16
BaSr3V3MoO12,OQMD,1,1.137,1.137,1.137,,0.0
BaSr3V3WO12,OQMD,1,1.037,1.037,1.037,,0.0
BaSr3VCr3O12,OQMD,1,0.6240000000000001,0.6240000000000001,0.6240000000000001,,0.0
BaSr3Zr(WO4)3,OQMD,1,0.6149999999999998,0.6149999999999998,0.6149999999999998,,0.0
BaSr3Zr2Mn2O12,OQMD,2,1.6575000000000002,1.6570000000000005,1.658,0.0007071067811861557,0.0009999999999994458
BaSr3Zr2Ti2O12,OQMD,2,2.4225,2.422,2.4229999999999996,0.0007071067811861557,0.0009999999999994458
BaSr3Zr3MnO12,OQMD,1,0.8159999999999998,0.8159999999999998,0.8159999999999998,,0.0
BaSr3Zr3VO12,OQMD,1,1.432,1.432,1.432,,0.0
BaSr3Zr4O12,MP,1,3.4848,3.4848,3.4848,,0.0
BaSr3Zr4O12,OQMD,1,3.2710000000000004,3.2710000000000004,3.2710000000000004,,0.0
BaSr3ZrTi3O12,OQMD,1,0.40700000000000003,0.40700000000000003,0.40700000000000003,,0.0
BaSr4Ti5O15,MP,1,1.804799999999999,1.804799999999999,1.804799999999999,,0.0
BaSr7Ti8O24,MP,1,1.7462,1.7462,1.7462,,0.0
BaSrHf2O6,JARVIS,1,3.933,3.933,3.933,,0.0
BaSrHf2O6,MP,1,3.748199999999999,3.748199999999999,3.748199999999999,,0.0
BaSrMn2O6,MP,1,0.789099999999999,0.789099999999999,0.789099999999999,,0.0
BaSrMn2O6,OQMD,1,0.923,0.923,0.923,,0.0
BaSrTi2O6,JARVIS,1,1.776,1.776,1.776,,0.0
BaSrTi2O6,MP,1,1.7175,1.7175,1.7175,,0.0
BaSrZr2O6,MP,2,3.1464,3.123,3.1698,0.033092597359530074,0.04679999999999973
BaTa2(CoO4)2,OQMD,1,2.877,2.877,2.877,,0.0
BaTa2(NiO4)2,OQMD,1,3.9139999999999997,3.9139999999999997,3.9139999999999997,,0.0
BaTaO3,OQMD,2,0.5345,0.304,0.765,0.32597622612699845,0.461
BaTb2Mn2O7,MP,1,0.6727999999999991,0.6727999999999991,0.6727999999999991,,0.0
BaTbHfAuO6,OQMD,1,1.6900000000000004,1.6900000000000004,1.6900000000000004,,0.0
BaTbHfCoO6,OQMD,1,1.1480000000000001,1.1480000000000001,1.1480000000000001,,0.0
BaTbHfFeO6,OQMD,1,2.271,2.271,2.271,,0.0
BaTbHfIrO6,OQMD,1,2.01,2.01,2.01,,0.0
BaTbHfMnO6,OQMD,1,0.7089999999999996,0.7089999999999996,0.7089999999999996,,0.0
BaTbHfNiO6,OQMD,1,1.1639999999999997,1.1639999999999997,1.1639999999999997,,0.0
BaTbHfRhO6,OQMD,1,1.7280000000000006,1.7280000000000006,1.7280000000000006,,0.0
BaTbHfSbO6,OQMD,1,3.0279999999999996,3.0279999999999996,3.0279999999999996,,0.0
BaTbHfTlO6,OQMD,1,2.521,2.521,2.521,,0.0
BaTbIn2O6,OQMD,1,2.0519999999999996,2.0519999999999996,2.0519999999999996,,0.0
BaTbMgVO6,OQMD,1,2.148,2.148,2.148,,0.0
BaTbMn2O6,MP,1,0.0733,0.0733,0.0733,,0.0
BaTbMnVO6,OQMD,1,1.0159999999999996,1.0159999999999996,1.0159999999999996,,0.0
BaTbNbCdO6,OQMD,1,3.5220000000000002,3.5220000000000002,3.5220000000000002,,0.0
BaTbNbCuO6,OQMD,1,1.024,1.024,1.024,,0.0
BaTbNbPtO6,OQMD,1,1.7870000000000004,1.7870000000000004,1.7870000000000004,,0.0
BaTbTaCdO6,OQMD,1,3.944,3.944,3.944,,0.0
BaTbTaCuO6,OQMD,1,1.105,1.105,1.105,,0.0
BaTbTaPdO6,OQMD,1,0.31499999999999995,0.31499999999999995,0.31499999999999995,,0.0
BaTbTaPtO6,OQMD,1,0.32099999999999973,0.32099999999999973,0.32099999999999973,,0.0
BaTbTiAuO6,OQMD,1,1.4850000000000003,1.4850000000000003,1.4850000000000003,,0.0
BaTbTiBiO6,OQMD,1,2.6220000000000003,2.6220000000000003,2.6220000000000003,,0.0
BaTbTiCoO6,OQMD,1,1.1400000000000001,1.1400000000000001,1.1400000000000001,,0.0
BaTbTiFeO6,OQMD,1,1.904,1.904,1.904,,0.0
BaTbTiIrO6,OQMD,1,1.1419999999999995,1.1419999999999995,1.1419999999999995,,0.0
BaTbTiMnO6,OQMD,1,0.3769999999999998,0.3769999999999998,0.3769999999999998,,0.0
BaTbTiRhO6,OQMD,1,1.1419999999999995,1.1419999999999995,1.1419999999999995,,0.0
BaTbTiSbO6,OQMD,1,2.236999999999999,2.236999999999999,2.236999999999999,,0.0
BaTbTiTlO6,OQMD,1,2.1149999999999998,2.1149999999999998,2.1149999999999998,,0.0
BaTbVCdO6,OQMD,1,2.14,2.14,2.14,,0.0
BaTbVCoO6,OQMD,1,1.2849999999999997,1.2849999999999997,1.2849999999999997,,0.0
BaTbVCuO6,OQMD,1,0.637,0.637,0.637,,0.0
BaTbVFeO6,OQMD,1,1.3980000000000001,1.3980000000000001,1.3980000000000001,,0.0
BaTbVNiO6,OQMD,1,1.94,1.94,1.94,,0.0
BaTbVPtO6,OQMD,1,1.0220000000000002,1.0220000000000002,1.0220000000000002,,0.0
BaTbVZnO6,OQMD,1,2.142,2.142,2.142,,0.0
BaTbZrAuO6,OQMD,1,1.65,1.65,1.65,,0.0
BaTbZrBiO6,OQMD,1,3.4840000000000004,3.4840000000000004,3.4840000000000004,,0.0
BaTbZrCoO6,OQMD,1,1.2539999999999996,1.2539999999999996,1.2539999999999996,,0.0
BaTbZrFeO6,OQMD,1,2.2920000000000003,2.2920000000000003,2.2920000000000003,,0.0
BaTbZrIrO6,OQMD,1,1.8789999999999996,1.8789999999999996,1.8789999999999996,,0.0
BaTbZrMnO6,OQMD,1,0.8309999999999995,0.8309999999999995,0.8309999999999995,,0.0
BaTbZrNiO6,OQMD,1,1.0439999999999996,1.0439999999999996,1.0439999999999996,,0.0
BaTbZrRhO6,OQMD,1,1.6680000000000001,1.6680000000000001,1.6680000000000001,,0.0
BaTbZrSbO6,OQMD,1,2.8499999999999996,2.8499999999999996,2.8499999999999996,,0.0
BaTbZrTlO6,OQMD,1,2.679,2.679,2.679,,0.0
BaTe(PbO3)2,OQMD,1,2.7170000000000005,2.7170000000000005,2.7170000000000005,,0.0
BaTeO3,OQMD,10,3.534,0.24399999999999977,4.033,1.3566481612169508,3.7890000000000006
BaTeS4O9,MP,1,0.557,0.557,0.557,,0.0
BaTi(BO3)2,AFLOW,2,2.88145,2.8776,2.8853,0.005444722215136287,0.007699999999999818
BaTi(BO3)2,JARVIS,2,2.375,2.375,2.375,0.0,0.0
BaTi(BO3)2,MP,1,2.387699999999999,2.387699999999999,2.387699999999999,,0.0
BaTi(BO3)2,OQMD,2,2.3575,2.317,2.3979999999999997,0.05727564927611001,0.08099999999999952
BaTi(GaO3)2,OQMD,1,2.93,2.93,2.93,,0.0
BaTi2(AsO4)2,OQMD,1,1.758,1.758,1.758,,0.0
BaTi2B2O7,OQMD,1,0.25100000000000033,0.25100000000000033,0.25100000000000033,,0.0
BaTi2CO6,OQMD,1,0.5069999999999999,0.5069999999999999,0.5069999999999999,,0.0
BaTi2CdO6,OQMD,1,1.802,1.802,1.802,,0.0
BaTi2Fe4O11,MP,2,1.5944999999999996,1.552599999999999,1.6364,0.05925554826343338,0.08380000000000098
BaTi2FeO6,OQMD,1,1.581,1.581,1.581,,0.0
BaTi2GeO6,OQMD,1,1.9259999999999997,1.9259999999999997,1.9259999999999997,,0.0
BaTi2MnO6,OQMD,1,1.81,1.81,1.81,,0.0
BaTi2PbO6,OQMD,1,1.7850000000000001,1.7850000000000001,1.7850000000000001,,0.0
BaTi2V2O8,OQMD,1,0.8409999999999997,0.8409999999999997,0.8409999999999997,,0.0
BaTi2VO6,OQMD,1,0.9119999999999995,0.9119999999999995,0.9119999999999995,,0.0
BaTi4(CuO4)3,OQMD,1,0.9609999999999999,0.9609999999999999,0.9609999999999999,,0.0
BaTi4(FeO4)3,OQMD,1,1.3959999999999995,1.3959999999999995,1.3959999999999995,,0.0
BaTi4(HgO4)3,OQMD,1,1.8179999999999996,1.8179999999999996,1.8179999999999996,,0.0
BaTi4(PdO4)3,OQMD,1,0.363,0.363,0.363,,0.0
BaTiAl2O6,OQMD,1,3.132,3.132,3.132,,0.0
BaTiIn2O6,OQMD,1,2.7300000000000004,2.7300000000000004,2.7300000000000004,,0.0
BaTiO3,OQMD,19,1.798,1.588,3.457,0.6457735512795207,1.8689999999999998
BaTmHfAuO6,OQMD,1,1.8370000000000002,1.8370000000000002,1.8370000000000002,,0.0
BaTmHfCoO6,OQMD,1,1.2910000000000004,1.2910000000000004,1.2910000000000004,,0.0
BaTmHfFeO6,OQMD,1,2.2760000000000002,2.2760000000000002,2.2760000000000002,,0.0
BaTmHfIrO6,OQMD,1,1.8690000000000007,1.8690000000000007,1.8690000000000007,,0.0
BaTmHfMnO6,OQMD,1,0.7130000000000005,0.7130000000000005,0.7130000000000005,,0.0
BaTmHfNiO6,OQMD,1,1.0150000000000001,1.0150000000000001,1.0150000000000001,,0.0
BaTmHfRhO6,OQMD,1,1.7319999999999993,1.7319999999999993,1.7319999999999993,,0.0
BaTmHfSbO6,OQMD,1,3.037,3.037,3.037,,0.0
BaTmHfTlO6,OQMD,1,2.25,2.25,2.25,,0.0
BaTmMgVO6,OQMD,1,2.147,2.147,2.147,,0.0
BaTmMnVO6,OQMD,1,1.1489999999999996,1.1489999999999996,1.1489999999999996,,0.0
BaTmNbCdO6,OQMD,1,3.383,3.383,3.383,,0.0
BaTmNbPtO6,OQMD,1,1.7949999999999995,1.7949999999999995,1.7949999999999995,,0.0
BaTmTaCdO6,OQMD,1,3.8080000000000003,3.8080000000000003,3.8080000000000003,,0.0
BaTmTaPdO6,OQMD,1,0.476,0.476,0.476,,0.0
BaTmTiAuO6,OQMD,1,1.6219999999999999,1.6219999999999999,1.6219999999999999,,0.0
BaTmTiBiO6,OQMD,1,2.642,2.642,2.642,,0.0
BaTmTiCoO6,OQMD,1,1.017,1.017,1.017,,0.0
BaTmTiFeO6,OQMD,1,1.908,1.908,1.908,,0.0
BaTmTiIrO6,OQMD,1,1.1499999999999995,1.1499999999999995,1.1499999999999995,,0.0
BaTmTiMnO6,OQMD,1,0.5089999999999999,0.5089999999999999,0.5089999999999999,,0.0
BaTmTiRhO6,OQMD,1,1.1479999999999997,1.1479999999999997,1.1479999999999997,,0.0
BaTmTiSbO6,OQMD,1,2.258,2.258,2.258,,0.0
BaTmTiTlO6,OQMD,1,2.128,2.128,2.128,,0.0
BaTmVCdO6,OQMD,1,2.0229999999999997,2.0229999999999997,2.0229999999999997,,0.0
BaTmVCoO6,OQMD,1,1.4140000000000001,1.4140000000000001,1.4140000000000001,,0.0
BaTmVCuO6,OQMD,1,0.637,0.637,0.637,,0.0
BaTmVFeO6,OQMD,1,1.4010000000000002,1.4010000000000002,1.4010000000000002,,0.0
BaTmVNiO6,OQMD,1,1.9480000000000004,1.9480000000000004,1.9480000000000004,,0.0
BaTmVPdO6,OQMD,1,1.0110000000000001,1.0110000000000001,1.0110000000000001,,0.0
BaTmVPtO6,OQMD,1,0.9009999999999998,0.9009999999999998,0.9009999999999998,,0.0
BaTmVZnO6,OQMD,1,2.1629999999999994,2.1629999999999994,2.1629999999999994,,0.0
BaTmZrAuO6,OQMD,1,1.8689999999999998,1.8689999999999998,1.8689999999999998,,0.0
BaTmZrBiO6,OQMD,1,3.498,3.498,3.498,,0.0
BaTmZrCoO6,OQMD,1,1.258,1.258,1.258,,0.0
BaTmZrFeO6,OQMD,1,2.5100000000000002,2.5100000000000002,2.5100000000000002,,0.0
BaTmZrIrO6,OQMD,1,1.673,1.673,1.673,,0.0
BaTmZrMnO6,OQMD,1,0.8350000000000004,0.8350000000000004,0.8350000000000004,,0.0
BaTmZrNiO6,OQMD,1,1.048,1.048,1.048,,0.0
BaTmZrRhO6,OQMD,1,1.6729999999999996,1.6729999999999996,1.6729999999999996,,0.0
BaTmZrSbO6,OQMD,1,2.864,2.864,2.864,,0.0
BaTmZrTlO6,OQMD,1,2.693,2.693,2.693,,0.0
BaV(BO3)2,OQMD,2,1.6255,1.5430000000000001,1.7079999999999997,0.11667261889578005,0.1649999999999996
BaV2(AgO4)2,OQMD,1,2.8080000000000007,2.8080000000000007,2.8080000000000007,,0.0
BaV2(AsO4)2,OQMD,1,0.7760000000000007,0.7760000000000007,0.7760000000000007,,0.0
BaV2(CoO4)2,AFLOW,2,2.8352500000000003,2.8352,2.8353,7.071067811896099e-05,0.00010000000000021103
BaV2(CoO4)2,OQMD,2,2.1879999999999997,2.186,2.19,0.0028284271247460357,0.0040000000000000036
BaV2(CuO4)2,AFLOW,1,1.3744,1.3744,1.3744,,0.0
BaV2(CuO4)2,MP,1,0.1615,0.1615,0.1615,,0.0
BaV2(HgO4)2,OQMD,1,2.0189999999999997,2.0189999999999997,2.0189999999999997,,0.0
BaV2(NiO4)2,AFLOW,3,2.361,2.3487,2.3614,0.007219649114280722,0.012700000000000156
BaV2(NiO4)2,JARVIS,1,0.266,0.266,0.266,,0.0
BaV2(NiO4)2,OQMD,1,2.748,2.748,2.748,,0.0
BaV2(PO4)2,OQMD,1,2.7429999999999994,2.7429999999999994,2.7429999999999994,,0.0
BaV2B2O7,OQMD,1,1.3929999999999998,1.3929999999999998,1.3929999999999998,,0.0
BaV2Cd2O8,OQMD,1,3.178,3.178,3.178,,0.0
BaV2Sb2O7,OQMD,1,1.3859999999999997,1.3859999999999997,1.3859999999999997,,0.0
BaV2Zn2O8,OQMD,1,3.208,3.208,3.208,,0.0
BaV4O8,OQMD,1,0.6349999999999998,0.6349999999999998,0.6349999999999998,,0.0
BaVO3,OQMD,6,1.2959999999999998,0.3889999999999998,2.389,0.74265642572233,2.0
BaWO3,OQMD,5,0.673,0.339,2.3590000000000004,0.9052447182944512,2.0200000000000005
BaY2B2O7,OQMD,1,4.014,4.014,4.014,,0.0
BaYHfAuO6,OQMD,1,1.7919999999999998,1.7919999999999998,1.7919999999999998,,0.0
BaYHfCoO6,OQMD,1,1.0990000000000002,1.0990000000000002,1.0990000000000002,,0.0
BaYHfFeO6,OQMD,1,2.2099999999999995,2.2099999999999995,2.2099999999999995,,0.0
BaYHfIrO6,OQMD,1,2.0220000000000002,2.0220000000000002,2.0220000000000002,,0.0
BaYHfMnO6,OQMD,1,0.7300000000000004,0.7300000000000004,0.7300000000000004,,0.0
BaYHfNiO6,OQMD,1,1.112,1.112,1.112,,0.0
BaYHfRhO6,OQMD,1,1.657,1.657,1.657,,0.0
BaYHfSbO6,OQMD,1,3.0039999999999996,3.0039999999999996,3.0039999999999996,,0.0
BaYHfTlO6,OQMD,1,2.5109999999999997,2.5109999999999997,2.5109999999999997,,0.0
BaYMgVO6,OQMD,1,2.308,2.308,2.308,,0.0
BaYMnVO6,OQMD,1,1.08,1.08,1.08,,0.0
BaYNbCdO6,OQMD,1,3.408,3.408,3.408,,0.0
BaYNbCuO6,OQMD,1,1.2520000000000002,1.2520000000000002,1.2520000000000002,,0.0
BaYNbPdO6,OQMD,1,0.3580000000000001,0.3580000000000001,0.3580000000000001,,0.0
BaYNbPtO6,OQMD,1,1.625,1.625,1.625,,0.0
BaYTaCdO6,OQMD,1,3.778,3.778,3.778,,0.0
BaYTaCuO6,OQMD,1,1.259,1.259,1.259,,0.0
BaYTaPdO6,OQMD,1,0.359,0.359,0.359,,0.0
BaYTaPtO6,OQMD,1,0.3639999999999999,0.3639999999999999,0.3639999999999999,,0.0
BaYTiAuO6,OQMD,1,1.5790000000000002,1.5790000000000002,1.5790000000000002,,0.0
BaYTiBiO6,OQMD,1,2.8059999999999996,2.8059999999999996,2.8059999999999996,,0.0
BaYTiCoO6,OQMD,1,1.093,1.093,1.093,,0.0
BaYTiFeO6,OQMD,1,2.0,2.0,2.0,,0.0
BaYTiIrO6,OQMD,1,1.2729999999999997,1.2729999999999997,1.2729999999999997,,0.0
BaYTiMnO6,OQMD,1,0.5340000000000003,0.5340000000000003,0.5340000000000003,,0.0
BaYTiRhO6,OQMD,1,1.0899999999999999,1.0899999999999999,1.0899999999999999,,0.0
BaYTiSbO6,OQMD,1,2.449,2.449,2.449,,0.0
BaYTiTlO6,OQMD,1,2.293,2.293,2.293,,0.0
BaYVCdO6,OQMD,1,2.125,2.125,2.125,,0.0
BaYVCoO6,OQMD,1,1.448,1.448,1.448,,0.0
BaYVCuO6,OQMD,1,0.899,0.899,0.899,,0.0
BaYVFeO6,OQMD,1,1.4560000000000004,1.4560000000000004,1.4560000000000004,,0.0
BaYVNiO6,OQMD,1,2.002,2.002,2.002,,0.0
BaYVPdO6,OQMD,1,1.0550000000000002,1.0550000000000002,1.0550000000000002,,0.0
BaYVPtO6,OQMD,1,1.0919999999999996,1.0919999999999996,1.0919999999999996,,0.0
BaYVZnO6,OQMD,1,2.1439999999999997,2.1439999999999997,2.1439999999999997,,0.0
BaYZrAuO6,OQMD,1,2.046,2.046,2.046,,0.0
BaYZrBiO6,OQMD,1,3.4499999999999997,3.4499999999999997,3.4499999999999997,,0.0
BaYZrCoO6,OQMD,1,1.242,1.242,1.242,,0.0
BaYZrFeO6,OQMD,1,2.2769999999999997,2.2769999999999997,2.2769999999999997,,0.0
BaYZrIrO6,OQMD,1,1.87,1.87,1.87,,0.0
BaYZrMnO6,OQMD,1,0.827,0.827,0.827,,0.0
BaYZrNiO6,OQMD,1,1.0389999999999997,1.0389999999999997,1.0389999999999997,,0.0
BaYZrRhO6,OQMD,1,1.4509999999999996,1.4509999999999996,1.4509999999999996,,0.0
BaYZrSbO6,OQMD,1,3.035,3.035,3.035,,0.0
BaYZrTlO6,OQMD,1,2.6540000000000004,2.6540000000000004,2.6540000000000004,,0.0
BaYb2V2O7,OQMD,1,2.322,2.322,2.322,,0.0
BaYb2V2O8,OQMD,1,3.8289999999999997,3.8289999999999997,3.8289999999999997,,0.0
BaYbAlVO6,OQMD,1,1.6359999999999997,1.6359999999999997,1.6359999999999997,,0.0
BaYbCdMoO6,OQMD,1,2.288,2.288,2.288,,0.0
BaYbCdWO6,OQMD,1,3.3070000000000004,3.3070000000000004,3.3070000000000004,,0.0
BaYbCr2O6,OQMD,1,0.391,0.391,0.391,,0.0
BaYbCrCdO6,OQMD,1,1.0,1.0,1.0,,0.0
BaYbCrCoO6,OQMD,1,0.6339999999999999,0.6339999999999999,0.6339999999999999,,0.0
BaYbCrCuO6,OQMD,1,0.5030000000000001,0.5030000000000001,0.5030000000000001,,0.0
BaYbCrFeO6,OQMD,1,0.3799999999999999,0.3799999999999999,0.3799999999999999,,0.0
BaYbCrNiO6,OQMD,1,0.645,0.645,0.645,,0.0
BaYbCrPdO6,OQMD,1,0.3759999999999999,0.3759999999999999,0.3759999999999999,,0.0
BaYbCuMoO6,OQMD,1,0.6640000000000001,0.6640000000000001,0.6640000000000001,,0.0
BaYbCuWO6,OQMD,1,0.8810000000000002,0.8810000000000002,0.8810000000000002,,0.0
BaYbHf2O6,OQMD,2,3.9829999999999997,3.772,4.194,0.29839906166072333,0.42200000000000015
BaYbHfCoO6,OQMD,1,1.1159999999999997,1.1159999999999997,1.1159999999999997,,0.0
BaYbHfCrO6,OQMD,1,0.8400000000000003,0.8400000000000003,0.8400000000000003,,0.0
BaYbHfMnO6,OQMD,1,1.8379999999999996,1.8379999999999996,1.8379999999999996,,0.0
BaYbHfPbO6,OQMD,1,2.355,2.355,2.355,,0.0
BaYbHfPdO6,OQMD,1,1.2599999999999998,1.2599999999999998,1.2599999999999998,,0.0
BaYbHfPtO6,OQMD,1,1.8480000000000003,1.8480000000000003,1.8480000000000003,,0.0
BaYbHfTeO6,OQMD,1,3.431,3.431,3.431,,0.0
BaYbMgCrO6,OQMD,1,0.7530000000000001,0.7530000000000001,0.7530000000000001,,0.0
BaYbMnCrO6,OQMD,1,0.5049999999999999,0.5049999999999999,0.5049999999999999,,0.0
BaYbMnNbO6,OQMD,1,0.2929999999999997,0.2929999999999997,0.2929999999999997,,0.0
BaYbMoPdO6,OQMD,1,0.8119999999999998,0.8119999999999998,0.8119999999999998,,0.0
BaYbMoPtO6,OQMD,1,1.1630000000000003,1.1630000000000003,1.1630000000000003,,0.0
BaYbNbAuO6,OQMD,1,1.447,1.447,1.447,,0.0
BaYbNbBiO6,OQMD,1,2.7299999999999995,2.7299999999999995,2.7299999999999995,,0.0
BaYbNbCoO6,OQMD,1,1.0270000000000001,1.0270000000000001,1.0270000000000001,,0.0
BaYbNbFeO6,OQMD,1,1.7760000000000002,1.7760000000000002,1.7760000000000002,,0.0
BaYbNbIrO6,OQMD,1,1.1849999999999996,1.1849999999999996,1.1849999999999996,,0.0
BaYbNbNiO6,OQMD,1,0.746,0.746,0.746,,0.0
BaYbNbRhO6,OQMD,1,1.1869999999999994,1.1869999999999994,1.1869999999999994,,0.0
BaYbNbSbO6,OQMD,1,2.4410000000000003,2.4410000000000003,2.4410000000000003,,0.0
BaYbNbTlO6,OQMD,1,2.183,2.183,2.183,,0.0
BaYbPdWO6,OQMD,1,0.867,0.867,0.867,,0.0
BaYbPtWO6,OQMD,1,1.5939999999999999,1.5939999999999999,1.5939999999999999,,0.0
BaYbScVO6,OQMD,1,2.0389999999999997,2.0389999999999997,2.0389999999999997,,0.0
BaYbTaAuO6,OQMD,1,1.5590000000000002,1.5590000000000002,1.5590000000000002,,0.0
BaYbTaBiO6,OQMD,1,3.2489999999999997,3.2489999999999997,3.2489999999999997,,0.0
BaYbTaCoO6,OQMD,1,0.9570000000000003,0.9570000000000003,0.9570000000000003,,0.0
BaYbTaFeO6,OQMD,1,1.9199999999999995,1.9199999999999995,1.9199999999999995,,0.0
BaYbTaIrO6,OQMD,1,1.5919999999999996,1.5919999999999996,1.5919999999999996,,0.0
BaYbTaMnO6,OQMD,1,0.4740000000000002,0.4740000000000002,0.4740000000000002,,0.0
BaYbTaRhO6,OQMD,1,1.279,1.279,1.279,,0.0
BaYbTaSbO6,OQMD,1,2.9219999999999997,2.9219999999999997,2.9219999999999997,,0.0
BaYbTaTlO6,OQMD,1,2.5,2.5,2.5,,0.0
BaYbTi2O6,OQMD,2,1.924,1.773,2.075,0.21354624791833762,0.30200000000000027
BaYbTiCoO6,OQMD,1,0.6159999999999997,0.6159999999999997,0.6159999999999997,,0.0
BaYbTiCrO6,OQMD,1,0.859,0.859,0.859,,0.0
BaYbTiMnO6,OQMD,1,1.2439999999999998,1.2439999999999998,1.2439999999999998,,0.0
BaYbTiPbO6,OQMD,1,1.8439999999999999,1.8439999999999999,1.8439999999999999,,0.0
BaYbTiPdO6,OQMD,1,0.8499999999999996,0.8499999999999996,0.8499999999999996,,0.0
BaYbTiPtO6,OQMD,1,1.1349999999999998,1.1349999999999998,1.1349999999999998,,0.0
BaYbTiSnO6,OQMD,1,2.973,2.973,2.973,,0.0
BaYbTiTeO6,OQMD,1,2.438,2.438,2.438,,0.0
BaYbTlVO6,OQMD,1,1.4839999999999995,1.4839999999999995,1.4839999999999995,,0.0
BaYbVAuO6,OQMD,1,1.2329999999999997,1.2329999999999997,1.2329999999999997,,0.0
BaYbVBiO6,OQMD,1,1.9800000000000004,1.9800000000000004,1.9800000000000004,,0.0
BaYbVCoO6,OQMD,1,1.0109999999999997,1.0109999999999997,1.0109999999999997,,0.0
BaYbVCrO6,OQMD,1,1.3720000000000003,1.3720000000000003,1.3720000000000003,,0.0
BaYbVFeO6,OQMD,1,1.258,1.258,1.258,,0.0
BaYbVGaO6,OQMD,1,1.8830000000000005,1.8830000000000005,1.8830000000000005,,0.0
BaYbVInO6,OQMD,1,2.117,2.117,2.117,,0.0
BaYbVIrO6,OQMD,1,0.5049999999999999,0.5049999999999999,0.5049999999999999,,0.0
BaYbVRhO6,OQMD,1,0.37999999999999945,0.37999999999999945,0.37999999999999945,,0.0
BaYbVSbO6,OQMD,1,1.4720000000000004,1.4720000000000004,1.4720000000000004,,0.0
BaYbZnCrO6,OQMD,1,0.7570000000000001,0.7570000000000001,0.7570000000000001,,0.0
BaYbZr2O6,OQMD,2,3.4735,3.443,3.504,0.04313351365237936,0.06099999999999994
BaYbZrCoO6,OQMD,1,1.0309999999999997,1.0309999999999997,1.0309999999999997,,0.0
BaYbZrCrO6,OQMD,1,1.0310000000000001,1.0310000000000001,1.0310000000000001,,0.0
BaYbZrMnO6,OQMD,1,1.8730000000000002,1.8730000000000002,1.8730000000000002,,0.0
BaYbZrPbO6,OQMD,1,2.469,2.469,2.469,,0.0
BaYbZrPdO6,OQMD,1,1.4419999999999997,1.4419999999999997,1.4419999999999997,,0.0
BaYbZrPtO6,OQMD,1,1.8819999999999997,1.8819999999999997,1.8819999999999997,,0.0
BaYbZrTeO6,OQMD,1,3.2470000000000003,3.2470000000000003,3.2470000000000003,,0.0
BaZn(SeO3)2,MP,4,3.19635,0.7249999999999991,4.0847,1.5245731009039878,3.3597000000000006
BaZn2(AsO4)2,MP,1,3.1532,3.1532,3.1532,,0.0
BaZn2(AsO4)2,OQMD,1,2.764,2.764,2.764,,0.0
BaZn2(PO4)2,AFLOW,2,4.5024,4.4988,4.506,0.005091168824543524,0.007200000000000095
BaZn2(PO4)2,MP,1,4.0373,4.0373,4.0373,,0.0
BaZn2(PO4)2,OQMD,1,4.206,4.206,4.206,,0.0
BaZn2Si2O7,JARVIS,1,3.547,3.547,3.547,,0.0
BaZn2Si2O7,MP,2,3.2750000000000004,3.2486,3.3014,0.037335238046649524,0.05279999999999996
BaZr(BO3)2,AFLOW,1,4.1376,4.1376,4.1376,,0.0
BaZr(BO3)2,JARVIS,1,4.251,4.251,4.251,,0.0
BaZr(BO3)2,MP,1,4.1173,4.1173,4.1173,,0.0
BaZr(BO3)2,OQMD,4,4.3565000000000005,4.33,4.535,0.09569569826625808,0.20500000000000007
BaZr(GaO3)2,OQMD,1,1.7619999999999996,1.7619999999999996,1.7619999999999996,,0.0
BaZr2CdO6,OQMD,1,1.2369999999999999,1.2369999999999999,1.2369999999999999,,0.0
BaZr2FeO6,OQMD,1,1.6469999999999998,1.6469999999999998,1.6469999999999998,,0.0
BaZr2GeO6,OQMD,1,2.4749999999999996,2.4749999999999996,2.4749999999999996,,0.0
BaZr2MnO6,OQMD,1,2.067,2.067,2.067,,0.0
BaZr2PbO6,OQMD,1,3.514,3.514,3.514,,0.0
BaZr2SnO6,MP,4,2.82285,2.6268000000000002,3.010999999999999,0.19202627207407438,0.38419999999999854
BaZr2VO6,OQMD,1,1.8820000000000001,1.8820000000000001,1.8820000000000001,,0.0
BaZr5Pb4O15,JARVIS,1,2.852,2.852,2.852,,0.0
BaZr5Pb4O15,MP,1,2.9226,2.9226,2.9226,,0.0
BaZrAl2O6,OQMD,3,4.143,1.8070000000000004,4.271,1.3871178753083673,2.4639999999999995
BaZrCr2O6,OQMD,1,1.101,1.101,1.101,,0.0
BaZrO3,OQMD,21,3.315,2.6529999999999996,4.715,0.5209899825378238,2.0620000000000003
BaZrSc2O6,OQMD,1,1.52,1.52,1.52,,0.0
BaZrScAuO6,OQMD,1,2.253,2.253,2.253,,0.0
BaZrScBiO6,OQMD,1,3.261,3.261,3.261,,0.0
BaZrScFeO6,OQMD,1,2.317,2.317,2.317,,0.0
BaZrScIrO6,OQMD,1,1.6879999999999997,1.6879999999999997,1.6879999999999997,,0.0
BaZrScMnO6,OQMD,1,1.8640000000000003,1.8640000000000003,1.8640000000000003,,0.0
BaZrScNiO6,OQMD,1,0.4189999999999996,0.4189999999999996,0.4189999999999996,,0.0
BaZrScRhO6,OQMD,1,1.4789999999999992,1.4789999999999992,1.4789999999999992,,0.0
BaZrScSbO6,OQMD,1,2.837999999999999,2.837999999999999,2.837999999999999,,0.0
BaZrScTlO6,OQMD,1,2.4720000000000004,2.4720000000000004,2.4720000000000004,,0.0
BiIrO3,OQMD,2,0.6930000000000005,0.6290000000000013,0.7569999999999997,0.09050966799187692,0.12799999999999834
BiRhO3,OQMD,7,0.513,0.5109999999999992,0.8860000000000001,0.1570248691252746,0.3750000000000009
BiSb(PbO3)2,OQMD,3,1.657,1.3360000000000003,1.9869999999999992,0.32551036849845455,0.6509999999999989
Ca(PdO2)3,OQMD,1,0.20400000000000018,0.20400000000000018,0.20400000000000018,,0.0
Ca10Ge16(B2O17)3,MP,1,3.0963,3.0963,3.0963,,0.0
Ca10Nb5InO24,MP,1,2.7595,2.7595,2.7595,,0.0
Ca13Nb3(Si2O9)4,MP,1,0.37560000000000004,0.37560000000000004,0.37560000000000004,,0.0
Ca16Mn14Al2O47,MP,1,0.2641,0.2641,0.2641,,0.0
Ca17Ni19(PO4)24,MP,1,3.4446,3.4446,3.4446,,0.0
Ca2AgRuO6,OQMD,1,0.211,0.211,0.211,,0.0
Ca2AgSbO6,JARVIS,1,0.691,0.691,0.691,,0.0
Ca2AgSbO6,MP,1,0.535399999999999,0.535399999999999,0.535399999999999,,0.0
Ca2AgSbO6,OQMD,5,0.624,0.31,0.624,0.13601911630355493,0.314
Ca2AgWO6,MP,1,0.0644,0.0644,0.0644,,0.0
Ca2AgWO6,OQMD,1,0.6859999999999997,0.6859999999999997,0.6859999999999997,,0.0
Ca2Al2SiO7,AFLOW,1,4.2888,4.2888,4.2888,,0.0
Ca2Al2SiO7,JARVIS,2,4.519,4.454,4.584,0.09192388155425142,0.1299999999999999
Ca2Al2SiO7,MP,4,3.9802,3.2089,4.3406,0.5379419012929436,1.1317000000000004
Ca2Al2Sn2O9,AFLOW,1,2.4409,2.4409,2.4409,,0.0
Ca2Al2Sn2O9,MP,1,2.8373,2.8373,2.8373,,0.0
Ca2AlAsO6,OQMD,11,2.717,2.144,3.497,0.437087467843056,1.3529999999999998
Ca2AlBiO6,OQMD,11,1.592,0.781000000000001,2.061,0.43813030440311196,1.279999999999999
Ca2AlBrO6,OQMD,11,2.274,2.151,2.888,0.21239542881573076,0.7370000000000001
Ca2AlCrO6,OQMD,7,0.423,0.318,0.529,0.07314760029263727,0.21100000000000002
Ca2AlOsO6,OQMD,1,0.801,0.801,0.801,,0.0
Ca2AlRuO6,OQMD,1,0.423999999999999,0.423999999999999,0.423999999999999,,0.0
Ca2AlSbO6,OQMD,13,3.176,2.5889999999999995,3.471,0.2782394053089294,0.8820000000000006
Ca2AlVO6,OQMD,13,1.692,1.461,2.197,0.24504604486211168,0.736
Ca2AsIrO6,OQMD,7,0.859,0.649,1.172,0.2018831580984643,0.5229999999999999
Ca2AsRhO6,OQMD,8,0.7594999999999998,0.753,1.188,0.16971609697205667,0.43499999999999994
Ca2BSbO6,OQMD,1,3.133,3.133,3.133,,0.0
Ca2BeMoO6,OQMD,2,2.0205,1.779,2.262,0.34153257531310266,0.4830000000000001
Ca2BeReO6,OQMD,1,0.212,0.212,0.212,,0.0
Ca2BeTeO6,OQMD,1,2.888,2.888,2.888,,0.0
Ca2BeWO6,OQMD,2,2.851,2.567,3.135,0.40163665171395874,0.5679999999999996
Ca2BiIrO6,OQMD,1,0.31999999999999995,0.31999999999999995,0.31999999999999995,,0.0
Ca2BiRhO6,OQMD,3,0.23,0.22599999999999998,0.7810000000000001,0.31928096299863135,0.5550000000000002
Ca2BiRuO6,OQMD,1,0.217000000000001,0.217000000000001,0.217000000000001,,0.0
Ca2BiSbO6,JARVIS,1,0.93,0.93,0.93,,0.0
Ca2BiSbO6,MP,3,1.7213,0.8357000000000001,1.974599999999999,0.5979884976597233,1.138899999999999
Ca2BiSbO6,OQMD,12,2.41,1.855,3.263,0.43848460634325565,1.408
Ca2BiTeO6,OQMD,1,1.382,1.382,1.382,,0.0
Ca2BiWO6,MP,2,1.1669499999999995,0.523799999999999,1.8101,0.9095514526402568,1.286300000000001
Ca2CdMoO6,OQMD,12,2.0775,1.577,2.567,0.2802187862756853,0.9900000000000002
Ca2CdTeO6,OQMD,13,1.96,1.351,2.52,0.3024574774096777,1.169
Ca2CdWO6,OQMD,13,2.904,2.502,3.4060000000000006,0.2830982886307177,0.9040000000000008
Ca2CeNbO6,OQMD,1,3.227,3.227,3.227,,0.0
Ca2CeSbO6,OQMD,1,3.522,3.522,3.522,,0.0
Ca2CeTeO6,OQMD,1,0.4429999999999996,0.4429999999999996,0.4429999999999996,,0.0
Ca2Co3O8,OQMD,1,0.9379999999999997,0.9379999999999997,0.9379999999999997,,0.0
Ca2CoAsO6,OQMD,8,0.9265,0.4369999999999994,1.298,0.3068145088765245,0.8610000000000007
Ca2CoBiO6,OQMD,9,0.905,0.227,1.381,0.31542845640669637,1.154
Ca2CoBrO6,OQMD,2,1.0775,0.763,1.392,0.4447701653663383,0.6289999999999999
Ca2CoGeO6,OQMD,6,0.7849999999999999,0.361,0.8560000000000003,0.19678355283576596,0.49500000000000033
Ca2CoMoO6,OQMD,6,0.8899999999999999,0.474,1.4700000000000002,0.4366443251282062,0.9960000000000002
Ca2CoPbO6,OQMD,7,0.8460000000000005,0.624,1.1549999999999998,0.16077046637098127,0.5309999999999998
Ca2CoPdO6,OQMD,2,0.5305,0.415,0.6459999999999999,0.1633416664540924,0.23099999999999993
Ca2CoPtO6,OQMD,1,0.5380000000000003,0.5380000000000003,0.5380000000000003,,0.0
Ca2CoRhO6,MP,1,0.074599999999999,0.074599999999999,0.074599999999999,,0.0
Ca2CoRuO6,OQMD,2,0.2624999999999995,0.210999999999999,0.314,0.07283199846221512,0.10300000000000101
Ca2CoSO6,OQMD,1,2.242,2.242,2.242,,0.0
Ca2CoSbO6,MP,1,0.6627000000000001,0.6627000000000001,0.6627000000000001,,0.0
Ca2CoSbO6,OQMD,12,1.1139999999999999,0.4349999999999996,1.5709999999999997,0.3430686277311485,1.1360000000000001
Ca2CoSeO6,OQMD,7,1.553,0.774,1.769,0.3388576045929561,0.9949999999999999
Ca2CoSi2O7,AFLOW,14,3.69575,3.6695,3.7098,0.011853445736332298,0.04029999999999978
Ca2CoSi2O7,JARVIS,2,0.94,0.94,0.94,0.0,0.0
Ca2CoSi2O7,MP,2,3.08415,3.056,3.1123,0.03981011178080233,0.056299999999999795
Ca2CoSiO6,OQMD,1,0.539000000000001,0.539000000000001,0.539000000000001,,0.0
Ca2CoSnO6,OQMD,4,0.976,0.327999999999999,1.193,0.41421844076123293,0.8650000000000011
Ca2CoTeO6,MP,1,1.6102999999999992,1.6102999999999992,1.6102999999999992,,0.0
Ca2CoTeO6,OQMD,4,2.0785,0.4289999999999994,2.182,0.8443415580596914,1.7530000000000006
Ca2CoWO6,MP,2,1.3479499999999995,1.2029,1.492999999999999,0.20513167722221667,0.2900999999999989
Ca2CoWO6,OQMD,8,1.2934999999999999,0.839,2.243,0.47901370022161155,1.404
Ca2CrAsO6,OQMD,10,1.715,1.164,2.447,0.3722542291379792,1.2830000000000001
Ca2CrBO6,OQMD,1,0.318,0.318,0.318,,0.0
Ca2CrBiO6,OQMD,11,1.024,0.444,1.47,0.3311129991133211,1.026
Ca2CrBrO6,OQMD,1,1.516,1.516,1.516,,0.0
Ca2CrCoO6,OQMD,4,0.5329999999999995,0.32,0.641,0.15994660567410166,0.321
Ca2CrFeO6,OQMD,2,0.367,0.316,0.418,0.07212489168102784,0.10199999999999998
Ca2CrGaO6,OQMD,8,0.5840000000000001,0.418,0.741,0.13789954936215604,0.323
Ca2CrGeO6,OQMD,8,0.7175,0.476,0.841000000000001,0.14145916876813414,0.365000000000001
Ca2CrInO6,OQMD,8,0.7275,0.624,0.837,0.08724350159999669,0.21299999999999997
Ca2CrNiO6,OQMD,10,0.528,0.425,0.644,0.06821827712082251,0.21900000000000003
Ca2CrOsO6,MP,1,0.17249999999999902,0.17249999999999902,0.17249999999999902,,0.0
Ca2CrOsO6,OQMD,2,0.6004999999999996,0.399999999999999,0.801,0.2835498192558063,0.401000000000001
Ca2CrPdO6,OQMD,7,0.7310000000000003,0.421,0.93,0.16577078265168563,0.5090000000000001
Ca2CrPtO6,OQMD,1,0.321,0.321,0.321,,0.0
Ca2CrRhO6,OQMD,1,0.33,0.33,0.33,,0.0
Ca2CrRuO6,OQMD,1,0.53,0.53,0.53,,0.0
Ca2CrSO6,OQMD,1,0.8040000000000003,0.8040000000000003,0.8040000000000003,,0.0
Ca2CrSbO6,JARVIS,1,0.218,0.218,0.218,,0.0
Ca2CrSbO6,MP,2,1.9929999999999994,1.955099999999999,2.0309,0.053598694013940996,0.07580000000000098
Ca2CrSbO6,OQMD,6,1.7535000000000003,1.5279999999999996,2.16,0.27460444278998825,0.6320000000000006
Ca2CrSiO6,OQMD,1,0.430000000000001,0.430000000000001,0.430000000000001,,0.0
Ca2CrSnO6,OQMD,7,0.968999999999999,0.744,1.077,0.13730622709840942,0.33299999999999996
Ca2CrTeO6,OQMD,2,0.6310000000000002,0.4240000000000004,0.838,0.2927422074112304,0.4139999999999996
Ca2CrWO6,MP,4,1.7273499999999995,1.6023,1.8837000000000002,0.11818791181842601,0.2814000000000001
Ca2CrWO6,OQMD,1,0.857,0.857,0.857,,0.0
Ca2Cu(PO4)2,OQMD,1,3.882,3.882,3.882,,0.0
Ca2CuAsO6,OQMD,5,0.537,0.533,0.764,0.10180127700574293,0.23099999999999998
Ca2CuBiO6,OQMD,4,0.681,0.672,0.684,0.0057445626465380435,0.01200000000000001
Ca2CuBrO6,OQMD,2,0.6589999999999998,0.6579999999999999,0.6599999999999997,0.0014142135623729393,0.0019999999999997797
Ca2CuIrO6,OQMD,1,0.214,0.214,0.214,,0.0
Ca2CuMoO6,OQMD,2,0.6435,0.32200000000000006,0.965,0.4546696603029499,0.6429999999999999
Ca2CuReO6,OQMD,9,0.538,0.209000000000001,0.842,0.21116528544667967,0.632999999999999
Ca2CuRuO6,OQMD,2,0.2119999999999998,0.211,0.21299999999999963,0.0014142135623728509,0.001999999999999641
Ca2CuSbO6,JARVIS,1,0.448,0.448,0.448,,0.0
Ca2CuSbO6,MP,1,0.343199999999999,0.343199999999999,0.343199999999999,,0.0
Ca2CuSbO6,OQMD,4,0.628,0.21399999999999997,0.733,0.22989327233885443,0.519
Ca2CuTcO6,OQMD,2,0.44149999999999984,0.352,0.5309999999999997,0.1265721138323918,0.17899999999999971
Ca2CuWO6,OQMD,8,0.69,0.337000000000001,1.372,0.38869284145710725,1.034999999999999
Ca2DyNbO6,OQMD,2,3.2379999999999995,3.017,3.4589999999999996,0.31254119728445395,0.4419999999999997
Ca2DySbO6,MP,1,3.1986,3.1986,3.1986,,0.0
Ca2DySbO6,OQMD,2,3.809,3.635,3.983,0.2460731598529186,0.3480000000000003
Ca2DyTaO6,OQMD,1,3.914,3.914,3.914,,0.0
Ca2ErNbO6,OQMD,2,3.384,3.138,3.63,0.34789653634378137,0.492
Ca2ErRuO6,OQMD,1,0.347,0.347,0.347,,0.0
Ca2ErSbO6,OQMD,3,4.019,3.5919999999999996,4.077,0.26486411610484367,0.4850000000000003
Ca2ErTaO6,OQMD,1,4.133,4.133,4.133,,0.0
Ca2EuTeO6,OQMD,1,3.297,3.297,3.297,,0.0
Ca2EuV2O8,OQMD,2,3.62,3.619,3.6209999999999996,0.0014142135623727821,0.0019999999999993356
Ca2FeAsO6,OQMD,10,1.5265,1.401,2.153,0.24258341062634747,0.752
Ca2FeBiO6,MP,1,0.4893,0.4893,0.4893,,0.0
Ca2FeBiO6,OQMD,11,0.569999999999999,0.331,1.71,0.39760729826848457,1.379
Ca2FeBrO6,OQMD,12,0.3254999999999998,0.213,1.7460000000000004,0.4342232005303125,1.5330000000000004
Ca2FeMoO6,MP,1,1.1193,1.1193,1.1193,,0.0
Ca2FeMoO6,OQMD,3,0.821,0.474,1.292,0.41056343399447226,0.8180000000000001
Ca2FeOsO6,JARVIS,1,0.257,0.257,0.257,,0.0
Ca2FeRuO6,OQMD,1,0.427,0.427,0.427,,0.0
Ca2FeSO6,OQMD,3,2.1930000000000005,1.3940000000000001,2.298,0.4944090748897449,0.9039999999999999
Ca2FeSbO6,MP,2,1.4904999999999995,1.4857,1.495299999999999,0.006788225099390108,0.009599999999998943
Ca2FeSbO6,OQMD,6,1.7574999999999998,1.2039999999999997,2.053,0.3117227400538285,0.8490000000000002
Ca2FeSeO6,OQMD,3,0.539,0.32,0.88,0.28220618939586234,0.56
Ca2FeTeO6,OQMD,6,1.4255,1.38,1.696,0.12130072821985306,0.31600000000000006
Ca2FeWO6,AFLOW,2,2.0078,2.0022,2.0134,0.007919595949289088,0.011199999999999655
Ca2FeWO6,JARVIS,1,0.365,0.365,0.365,,0.0
Ca2FeWO6,MP,5,2.7594000000000003,1.875,3.263099999999999,0.5262441448605387,1.3880999999999988
Ca2FeWO6,OQMD,8,1.4385,0.338,2.061,0.504161946062119,1.7229999999999999
Ca2Ga2GeO7,JARVIS,1,3.296,3.296,3.296,,0.0
Ca2Ga2GeO7,MP,1,3.0602,3.0602,3.0602,,0.0
Ca2Ga2SiO7,MP,1,3.5592,3.5592,3.5592,,0.0
Ca2GaAsO6,OQMD,11,1.941,0.861,2.989,0.6757421509314441,2.128
Ca2GaBiO6,OQMD,8,1.3045,1.227,1.823,0.2153916283689516,0.5959999999999999
Ca2GaBrO6,OQMD,11,1.623,0.960999999999999,2.67,0.5183898673252155,1.709000000000001
Ca2GaOsO6,OQMD,5,0.601,0.401,0.602,0.10864161265371568,0.20099999999999996
Ca2GaRuO6,OQMD,8,0.3165,0.209000000000001,0.53,0.10527438638420761,0.32099999999999906
Ca2GaSbO6,OQMD,13,2.432,1.687,3.064,0.43315227973069403,1.377
Ca2GaSi2O7,JARVIS,1,0.223,0.223,0.223,,0.0
Ca2GaSi2O7,MP,1,0.19459999999999902,0.19459999999999902,0.19459999999999902,,0.0
Ca2GaTeO6,OQMD,1,1.671,1.671,1.671,,0.0
Ca2GdNbO6,OQMD,3,3.24,3.0919999999999996,3.456,0.18305554712527392,0.3640000000000003
Ca2GdRuO6,OQMD,2,0.32600000000000007,0.21799999999999997,0.43400000000000016,0.15273506473629442,0.2160000000000002
Ca2GdSbO6,MP,1,3.8144,3.8144,3.8144,,0.0
Ca2GdSbO6,OQMD,2,3.686,3.525,3.847,0.22768838354206836,0.32200000000000006
Ca2GdTaO6,JARVIS,1,3.503,3.503,3.503,,0.0
Ca2GdTaO6,MP,1,3.5954,3.5954,3.5954,,0.0
Ca2GdTaO6,OQMD,1,3.8419999999999996,3.8419999999999996,3.8419999999999996,,0.0
Ca2Ge3O8,OQMD,1,3.263,3.263,3.263,,0.0
Ca2GeAsO6,OQMD,1,2.183,2.183,2.183,,0.0
Ca2GeBiO6,OQMD,1,1.489,1.489,1.489,,0.0
Ca2GeMoO6,OQMD,1,0.3150000000000004,0.3150000000000004,0.3150000000000004,,0.0
Ca2GePbO6,OQMD,9,1.177,0.228,1.88,0.5695529192074935,1.652
Ca2GePdO6,OQMD,7,0.953,0.593999999999999,1.391,0.2523360382317126,0.797000000000001
Ca2GePtO6,OQMD,8,1.2069999999999999,0.726999999999999,1.874,0.3587404304348362,1.1470000000000011
Ca2GeSbO6,OQMD,1,1.941,1.941,1.941,,0.0
Ca2GeSeO6,OQMD,1,1.661,1.661,1.661,,0.0
Ca2GeTeO6,OQMD,11,1.632,1.234,3.014,0.5069038998038619,1.7799999999999998
Ca2GeWO6,OQMD,1,0.6779999999999999,0.6779999999999999,0.6779999999999999,,0.0
Ca2Hf3O8,OQMD,1,4.252000000000001,4.252000000000001,4.252000000000001,,0.0
Ca2HfCoO6,OQMD,6,0.8875,0.539,1.217,0.23731870273256314,0.678
Ca2HfCrO6,OQMD,7,0.812,0.399,0.982,0.2301318462678876,0.583
Ca2HfGeO6,OQMD,11,4.622,3.757,4.785,0.3134786929108434,1.028
Ca2HfMnO6,OQMD,11,1.996,1.773,2.169,0.11908911865413303,0.39600000000000013
Ca2HfNbO6,OQMD,1,0.277,0.277,0.277,,0.0
Ca2HfNiO6,OQMD,10,1.0925,0.944999999999999,1.374,0.16196995606181633,0.42900000000000116
Ca2HfPbO6,OQMD,11,2.6799999999999997,2.307,2.966,0.2188721087758786,0.6590000000000003
Ca2HfPdO6,OQMD,11,1.626,1.23,1.747,0.1801828364341469,0.5170000000000001
Ca2HfPtO6,OQMD,11,1.908,1.642,2.256,0.20534038260233353,0.6139999999999999
Ca2HfReO6,OQMD,8,0.40900000000000003,0.27,1.109,0.30047343595447135,0.839
Ca2HfSeO6,OQMD,1,2.572,2.572,2.572,,0.0
Ca2HfSiO6,OQMD,11,4.776,3.923,5.107,0.34476740512461945,1.1840000000000002
Ca2HfSnO6,MP,1,3.5477,3.5477,3.5477,,0.0
Ca2HfSnO6,OQMD,11,4.292,3.33,4.534,0.3642915914982991,1.2039999999999997
Ca2HfTaO6,OQMD,1,0.598,0.598,0.598,,0.0
Ca2HfTcO6,OQMD,7,0.691,0.515,1.217,0.24150667939101852,0.7020000000000001
Ca2HfTeO6,OQMD,11,2.2859999999999996,1.669,3.216,0.5103370187702169,1.5470000000000002
Ca2HfTiO6,MP,1,2.4866,2.4866,2.4866,,0.0
Ca2HfTiO6,OQMD,11,2.827,2.476,3.122,0.20721332880961973,0.6459999999999999
Ca2HfVO6,OQMD,9,1.348,1.051,1.49,0.1289534799840625,0.43900000000000006
Ca2HfZrO6,MP,1,3.4088,3.4088,3.4088,,0.0
Ca2HfZrO6,OQMD,11,4.003,3.556,4.687,0.4002589843407072,1.1310000000000002
Ca2HgMoO6,OQMD,10,1.5335,1.124,2.4029999999999996,0.37992741996918883,1.2789999999999995
Ca2HgTeO6,OQMD,9,1.251,0.208,1.7779999999999996,0.5154523364105656,1.5699999999999996
Ca2HgWO6,OQMD,12,2.2060000000000004,1.533,3.062,0.4306116861424272,1.529
Ca2HoNbO6,OQMD,2,3.246,3.009,3.483,0.33516861428242367,0.4740000000000002
Ca2HoRuO6,OQMD,1,0.3410000000000002,0.3410000000000002,0.3410000000000002,,0.0
Ca2HoSbO6,OQMD,2,3.7765,3.6050000000000004,3.9479999999999995,0.24253762594698514,0.3429999999999991
Ca2HoTaO6,MP,1,4.054699999999999,4.054699999999999,4.054699999999999,,0.0
Ca2HoTaO6,OQMD,3,3.918,3.5570000000000004,4.077999999999999,0.26688386987601886,0.520999999999999
Ca2InAsO6,OQMD,11,2.021,1.264,2.859,0.5087947433976603,1.595
Ca2InBiO6,OQMD,12,1.2205,0.431999999999999,1.6959999999999997,0.4768148980156734,1.2640000000000007
Ca2InBrO6,OQMD,10,1.6495,0.8390000000000004,2.908,0.5589834125942875,2.0689999999999995
Ca2InOsO6,MP,1,0.169499999999999,0.169499999999999,0.169499999999999,,0.0
Ca2InOsO6,OQMD,10,0.4020000000000001,0.389,0.792999999999999,0.14008128592594593,0.403999999999999
Ca2InPO6,OQMD,1,3.024,3.024,3.024,,0.0
Ca2InRuO6,OQMD,8,0.47150000000000014,0.419,0.6340000000000003,0.0796595434153553,0.21500000000000036
Ca2InSbO6,MP,1,1.4198,1.4198,1.4198,,0.0
Ca2InSbO6,OQMD,4,2.266,1.88,2.633,0.31159950256699714,0.7530000000000001
Ca2InSeO6,OQMD,1,0.963,0.963,0.963,,0.0
Ca2InTeO6,OQMD,1,0.311999999999999,0.311999999999999,0.311999999999999,,0.0
Ca2IrBrO6,OQMD,2,0.367,0.313,0.421,0.07636753236814713,0.10799999999999998
Ca2IrPdO6,OQMD,1,0.317,0.317,0.317,,0.0
Ca2IrPtO6,OQMD,1,0.216,0.216,0.216,,0.0
Ca2IrWO6,MP,1,1.1277,1.1277,1.1277,,0.0
Ca2LaMn2O7,MP,1,0.8753000000000001,0.8753000000000001,0.8753000000000001,,0.0
Ca2LaNbO6,OQMD,2,3.147,3.007,3.2869999999999995,0.19798989873223286,0.27999999999999936
Ca2LaRuO6,MP,1,0.48349999999999904,0.48349999999999904,0.48349999999999904,,0.0
Ca2LaRuO6,OQMD,2,0.3334999999999999,0.2649999999999997,0.40200000000000014,0.09687362902255733,0.13700000000000045
Ca2LaSbO6,JARVIS,1,3.404,3.404,3.404,,0.0
Ca2LaSbO6,MP,5,3.485999999999999,2.9168000000000003,3.7082,0.36304313380092984,0.7913999999999999
Ca2LaSbO6,OQMD,2,3.863,3.59,4.136,0.38608030252785513,0.5460000000000003
Ca2LaTaO6,MP,1,4.0074,4.0074,4.0074,,0.0
Ca2LaTaO6,OQMD,3,4.061,3.515,4.0760000000000005,0.319651372592079,0.5610000000000004
Ca2LuNbO6,OQMD,2,3.3065,3.1240000000000006,3.489,0.25809397513308935,0.3649999999999993
Ca2LuRuO6,OQMD,1,0.366,0.366,0.366,,0.0
Ca2LuSbO6,OQMD,4,3.7940000000000005,2.534,4.114,0.710705752521159,1.58
Ca2LuTaO6,OQMD,2,3.817,3.483,4.151,0.4723473298326137,0.6679999999999997
Ca2MgMoO6,OQMD,11,2.409,1.737,2.583,0.2578731541598768,0.8460000000000001
Ca2MgTeO6,OQMD,11,3.189,2.925,3.432,0.15894487323368664,0.5070000000000001
Ca2MgWO6,AFLOW,1,3.4327,3.4327,3.4327,,0.0
Ca2MgWO6,MP,1,3.6923,3.6923,3.6923,,0.0
Ca2MgWO6,OQMD,6,3.335,2.876,3.606,0.27652317564115086,0.73
Ca2Mn3O7,OQMD,2,1.0554999999999999,0.633,1.4779999999999998,0.5975052301026325,0.8449999999999998
Ca2Mn3O8,OQMD,1,1.217,1.217,1.217,,0.0
Ca2MnAsO6,OQMD,6,0.871,0.536,1.388,0.2830644214073301,0.8519999999999999
Ca2MnBiO6,OQMD,8,0.404,0.226,1.3359999999999999,0.41583700017469055,1.1099999999999999
Ca2MnBrO6,OQMD,1,1.304,1.304,1.304,,0.0
Ca2MnCoO6,OQMD,4,0.7935,0.728,1.0549999999999997,0.15074150058958533,0.32699999999999974
Ca2MnCrO6,OQMD,8,0.8890000000000005,0.531,0.952,0.17477066605779604,0.42099999999999993
Ca2MnGeO6,OQMD,8,1.185,0.965,1.546,0.20922676522308112,0.5810000000000001
Ca2MnMoO6,OQMD,7,0.815,0.481,1.445,0.31682539881349997,0.9640000000000001
Ca2MnNb2O8,MP,1,2.462,2.462,2.462,,0.0
Ca2MnNbO6,OQMD,6,0.4990000000000001,0.279999999999999,1.429,0.4122856614856583,1.149000000000001
Ca2MnNiO6,OQMD,1,0.216,0.216,0.216,,0.0
Ca2MnPO6,OQMD,1,0.7810000000000006,0.7810000000000006,0.7810000000000006,,0.0
Ca2MnPbO6,OQMD,8,1.1515,0.736,1.575,0.23710934035949385,0.839
Ca2MnPdO6,OQMD,7,0.421,0.211,0.827,0.24354182196825874,0.616
Ca2MnPtO6,OQMD,7,0.318000000000001,0.214,0.946,0.2835124923761443,0.732
Ca2MnReO6,MP,1,0.14720000000000003,0.14720000000000003,0.14720000000000003,,0.0
Ca2MnRuO6,OQMD,1,0.317,0.317,0.317,,0.0
Ca2MnSbO6,AFLOW,1,0.74,0.74,0.74,,0.0
Ca2MnSbO6,MP,2,1.1464499999999995,0.8200000000000001,1.472899999999999,0.4616700174366961,0.6528999999999989
Ca2MnSbO6,OQMD,6,0.9524999999999995,0.631,1.261,0.23553739971959137,0.6299999999999999
Ca2MnSeO6,OQMD,10,0.8765000000000001,0.327999999999999,1.206,0.3154680649447739,0.878000000000001
Ca2MnSiO6,OQMD,11,0.972,0.213,1.296,0.40711383264054374,1.083
Ca2MnSnO6,OQMD,13,1.418,0.427,1.729,0.4737357128621671,1.302
Ca2MnTeO6,OQMD,11,1.385,0.847,1.807,0.3618422559373327,0.96
Ca2MnVO6,OQMD,2,0.9325,0.728,1.137,0.28920667350529794,0.40900000000000003
Ca2MnWO6,MP,3,2.5151,2.1817,2.6496,0.24089286000211782,0.46789999999999976
Ca2MnWO6,OQMD,14,1.1069999999999998,0.506,2.044,0.5584122556433977,1.538
Ca2Mo3O8,OQMD,1,0.7999999999999998,0.7999999999999998,0.7999999999999998,,0.0
Ca2MoCO6,OQMD,1,0.48599999999999977,0.48599999999999977,0.48599999999999977,,0.0
Ca2MoOsO6,OQMD,1,0.386,0.386,0.386,,0.0
Ca2MoPbO6,OQMD,10,1.1949999999999998,0.625,1.7549999999999994,0.329542932627062,1.1299999999999994
Ca2MoPdO6,OQMD,1,0.3250000000000002,0.3250000000000002,0.3250000000000002,,0.0
Ca2MoPtO6,OQMD,1,0.9420000000000002,0.9420000000000002,0.9420000000000002,,0.0
Ca2MoRuO6,OQMD,9,0.464,0.311,0.479,0.07910611719568689,0.16799999999999998
Ca2MoWO6,MP,2,1.7379999999999995,1.550599999999999,1.9254,0.26502362158871867,0.3748000000000009
Ca2Nb2CoO8,MP,1,2.8628,2.8628,2.8628,,0.0
Ca2Nb2CrO8,MP,1,1.669899999999999,1.669899999999999,1.669899999999999,,0.0
Ca2Nb2CuO8,MP,1,0.6392000000000001,0.6392000000000001,0.6392000000000001,,0.0
Ca2Nb2FeO8,MP,1,3.1679,3.1679,3.1679,,0.0
Ca2Nb2NiO8,MP,1,3.1347,3.1347,3.1347,,0.0
Ca2Nb2SnO8,MP,1,2.2628,2.2628,2.2628,,0.0
Ca2NbAgO6,OQMD,3,0.574,0.2869999999999999,0.575,0.16598895545587766,0.28800000000000003
Ca2NbAlO6,OQMD,2,3.298,2.965,3.631,0.47093311627024076,0.6659999999999999
Ca2NbAsO6,OQMD,12,1.27,0.687,2.529,0.5634672424669718,1.8419999999999999
Ca2NbBO6,OQMD,1,3.017,3.017,3.017,,0.0
Ca2NbBiO6,OQMD,11,1.945,1.476,3.2430000000000003,0.5566442964113373,1.7670000000000003
Ca2NbCoO6,OQMD,11,1.435,0.287999999999999,2.256,0.7826471049643581,1.9680000000000009
Ca2NbCrO6,MP,1,2.7637,2.7637,2.7637,,0.0
Ca2NbCrO6,OQMD,4,2.2325,2.101,2.442,0.16036001164047528,0.3410000000000002
Ca2NbCuO6,OQMD,4,0.285,0.282,0.563,0.1395071682746087,0.28099999999999997
Ca2NbFeO6,MP,1,2.087099999999999,2.087099999999999,2.087099999999999,,0.0
Ca2NbFeO6,OQMD,12,1.721,0.985,2.302,0.35398493376601964,1.3170000000000002
Ca2NbGaO6,OQMD,10,3.4775,3.087,3.867,0.2737678659821939,0.7799999999999998
Ca2NbInO6,MP,1,3.463199999999999,3.463199999999999,3.463199999999999,,0.0
Ca2NbInO6,OQMD,3,3.602,3.583,3.7090000000000005,0.06792888438163372,0.12600000000000033
Ca2NbIrO6,OQMD,11,1.138,0.71,1.681,0.33942547716023697,0.9710000000000001
Ca2NbMoO6,OQMD,1,0.462,0.462,0.462,,0.0
Ca2NbNiO6,OQMD,3,0.725,0.432,1.737,0.684716242930846,1.3050000000000002
Ca2NbPbO6,OQMD,1,2.497,2.497,2.497,,0.0
Ca2NbPdO6,OQMD,1,1.379,1.379,1.379,,0.0
Ca2NbPtO6,OQMD,1,0.701000000000001,0.701000000000001,0.701000000000001,,0.0
Ca2NbRhO6,OQMD,11,1.143,0.856,2.108,0.3485905908081858,1.2520000000000002
Ca2NbSbO6,OQMD,11,0.989,0.404999999999999,1.9770000000000003,0.4592561376835373,1.5720000000000014
Ca2NbTlO6,OQMD,11,2.561,1.992,3.271,0.4510194714603392,1.279
Ca2NbVO6,OQMD,5,0.853000000000001,0.712000000000001,1.706,0.4337064675561107,0.993999999999999
Ca2NdNbO6,MP,1,3.5065,3.5065,3.5065,,0.0
Ca2NdNbO6,OQMD,2,3.0549999999999997,3.0229999999999997,3.0869999999999997,0.04525483399593908,0.06400000000000006
Ca2NdRuO6,MP,1,0.499299999999999,0.499299999999999,0.499299999999999,,0.0
Ca2NdSbO6,OQMD,3,3.645,3.3089999999999997,3.967,0.3290248217586835,0.6580000000000004
Ca2NdTaO6,MP,1,4.256600000000001,4.256600000000001,4.256600000000001,,0.0
Ca2NdTaO6,OQMD,1,3.8029999999999995,3.8029999999999995,3.8029999999999995,,0.0
Ca2NiAsO6,OQMD,1,1.523,1.523,1.523,,0.0
Ca2NiBiO6,OQMD,5,0.463,0.228999999999999,1.501,0.49707625169585423,1.272000000000001
Ca2NiGeO6,OQMD,3,0.358,0.242,0.492,0.1251079533842673,0.25
Ca2NiMoO6,OQMD,12,2.0860000000000003,0.8209999999999997,2.288,0.3952367433998684,1.467
Ca2NiSO6,OQMD,4,2.283,1.7560000000000002,2.59,0.3517233761542345,0.8339999999999996
Ca2NiSbO6,OQMD,2,1.288,0.858,1.718,0.6081118318204308,0.86
Ca2NiSeO6,OQMD,11,2.002,1.222,2.526,0.4185089767691532,1.3039999999999998
Ca2NiSnO6,OQMD,8,0.6074999999999995,0.539000000000001,1.209,0.2509954111703467,0.669999999999999
Ca2NiTeO6,OQMD,11,2.789,2.447,3.001,0.1749330261453326,0.5539999999999998
Ca2NiWO6,MP,3,1.5012999999999992,0.5975,2.933,1.177651588260863,2.3354999999999997
Ca2NiWO6,OQMD,14,2.9295,2.37,3.178,0.2124411877244106,0.8079999999999998
Ca2OsWO6,OQMD,1,0.568000000000001,0.568000000000001,0.568000000000001,,0.0
Ca2PbWO6,OQMD,12,1.6925,0.803,2.369,0.5269659008000999,1.5660000000000003
Ca2PdPtO6,OQMD,7,0.637999999999999,0.425,0.9619999999999997,0.205988672827739,0.5369999999999997
Ca2PdWO6,AFLOW,2,1.2808,1.2522,1.3094,0.04044650788387046,0.05719999999999992
Ca2PdWO6,OQMD,4,0.7685,0.332,0.859,0.2477270002778596,0.5269999999999999
Ca2PrCoO6,OQMD,1,0.4610000000000003,0.4610000000000003,0.4610000000000003,,0.0
Ca2PrNbO6,OQMD,3,3.2520000000000002,3.1400000000000006,3.452,0.15805484280253243,0.3119999999999994
Ca2PrRuO6,OQMD,1,0.4590000000000001,0.4590000000000001,0.4590000000000001,,0.0
Ca2PrSbO6,OQMD,3,3.6759999999999997,3.2119999999999997,3.983,0.38815503775338733,0.7710000000000004
Ca2PrTaO6,OQMD,1,3.67,3.67,3.67,,0.0
Ca2PtWO6,OQMD,1,1.5189999999999997,1.5189999999999997,1.5189999999999997,,0.0
Ca2ReAgO6,OQMD,10,0.7359999999999995,0.208,1.387,0.39603884489613733,1.179
Ca2ReAuO6,OQMD,2,0.899,0.7399999999999998,1.0580000000000003,0.22485995641732248,0.3180000000000005
Ca2ReBrO6,OQMD,5,1.37,0.213,1.578,0.6674965917515984,1.365
Ca2ReGeO6,OQMD,7,0.358000000000001,0.351999999999999,0.478,0.06472689880236386,0.126000000000001
Ca2ReHgO6,OQMD,1,0.315,0.315,0.315,,0.0
Ca2ReIrO6,OQMD,1,0.215999999999999,0.215999999999999,0.215999999999999,,0.0
Ca2ReSiO6,OQMD,1,0.43,0.43,0.43,,0.0
Ca2ReSnO6,OQMD,8,0.4334999999999999,0.323,0.630999999999999,0.10827865836416158,0.307999999999999
Ca2ReTeO6,OQMD,1,0.5350000000000001,0.5350000000000001,0.5350000000000001,,0.0
Ca2RhBrO6,OQMD,9,0.427,0.216,1.0729999999999995,0.36691544590606207,0.8569999999999995
Ca2RhWO6,OQMD,1,0.34299999999999997,0.34299999999999997,0.34299999999999997,,0.0
Ca2RuBrO6,OQMD,1,0.418,0.418,0.418,,0.0
Ca2RuWO6,OQMD,12,0.68,0.333,0.8450000000000006,0.18054429490915083,0.5120000000000007
Ca2SbAsO6,OQMD,2,1.9975,1.055,2.94,1.332896282536642,1.885
Ca2SbAuO6,OQMD,2,0.8555000000000004,0.4240000000000004,1.2870000000000004,0.6102331521639905,0.863
Ca2SbIrO6,OQMD,10,0.952,0.213,1.358,0.34364744530792984,1.145
Ca2SbPtO6,OQMD,1,0.4289999999999994,0.4289999999999994,0.4289999999999994,,0.0
Ca2SbRhO6,OQMD,9,0.848,0.21799999999999997,1.2730000000000006,0.3254444823792704,1.0550000000000006
Ca2SbRuO6,OQMD,1,0.21199999999999974,0.21199999999999974,0.21199999999999974,,0.0
Ca2SbWO6,MP,3,1.4767000000000001,0.47630000000000006,2.1973,0.8642825078256143,1.7209999999999996
Ca2SbWO6,OQMD,1,0.489,0.489,0.489,,0.0
Ca2ScAsO6,OQMD,11,3.631,3.344,3.965,0.19842268931844365,0.621
Ca2ScBiO6,OQMD,11,2.405,2.212,2.736,0.20559284564842764,0.524
Ca2ScBrO6,OQMD,11,2.423,1.953,3.004,0.37225638769780456,1.051
Ca2ScCrO6,OQMD,8,0.6925,0.392,0.802,0.14860968772497402,0.41000000000000003
Ca2ScNbO6,JARVIS,1,3.149,3.149,3.149,,0.0
Ca2ScNbO6,MP,1,3.1457,3.1457,3.1457,,0.0
Ca2ScNbO6,OQMD,11,3.203,2.531,3.845,0.3831054922365617,1.314
Ca2ScOsO6,OQMD,2,0.506,0.4039999999999999,0.608,0.14424978336205577,0.20400000000000007
Ca2ScRuO6,OQMD,3,0.4029999999999996,0.401,0.605,0.1172063707028477,0.20399999999999996
Ca2ScSbO6,MP,1,3.6317999999999993,3.6317999999999993,3.6317999999999993,,0.0
Ca2ScSbO6,OQMD,14,4.0225,3.04,4.415,0.35087291459701214,1.375
Ca2ScSeO6,OQMD,1,1.784,1.784,1.784,,0.0
Ca2ScTaO6,JARVIS,1,3.777,3.777,3.777,,0.0
Ca2ScTaO6,MP,1,3.733799999999999,3.733799999999999,3.733799999999999,,0.0
Ca2ScTaO6,OQMD,12,3.7075,3.127,4.45,0.3604057898166086,1.3230000000000004
Ca2ScTeO6,OQMD,1,1.782,1.782,1.782,,0.0
Ca2ScVO6,OQMD,11,1.999,1.364,2.4,0.30369236827002183,1.0359999999999998
Ca2ScWO6,OQMD,1,0.588,0.588,0.588,,0.0
Ca2SiGeO6,OQMD,2,2.6885,2.191,3.186,0.7035712472806149,0.9950000000000001
Ca2SiSnO6,OQMD,11,3.0970000000000004,2.6,3.256,0.2621798480571547,0.6559999999999997
Ca2SiTeO6,OQMD,2,2.5549999999999997,2.4989999999999988,2.611,0.0791959594928945,0.11200000000000143
Ca2SmNbO6,OQMD,2,3.2554999999999996,3.079,3.4319999999999995,0.24960869375885095,0.3529999999999993
Ca2SmSbO6,OQMD,2,3.5599999999999996,3.3909999999999996,3.729,0.23900209204105358,0.3380000000000005
Ca2SmTaO6,OQMD,1,3.691,3.691,3.691,,0.0
Ca2Sn3O7,OQMD,2,1.7809999999999997,1.6239999999999997,1.9379999999999997,0.22203152929257597,0.31400000000000006
Ca2Sn3O8,OQMD,1,2.757,2.757,2.757,,0.0
Ca2SnBiO6,OQMD,1,0.333,0.333,0.333,,0.0
Ca2SnGeO6,OQMD,10,2.3765,1.509,2.957,0.4865918207286267,1.448
Ca2SnPbO6,OQMD,10,1.2645,0.418,1.928,0.5249423354574819,1.51
Ca2SnPdO6,OQMD,8,1.0225,0.746,1.397,0.18422327292097024,0.651
Ca2SnPtO6,OQMD,13,1.3069999999999995,0.212,2.111,0.5958247139416001,1.8990000000000002
Ca2SnSbO6,OQMD,1,0.733,0.733,0.733,,0.0
Ca2SnTeO6,OQMD,10,1.5825,0.935,2.935,0.5944522782453702,2.0
Ca2SnWO6,MP,2,1.7615,1.476,2.047,0.40375797205751873,0.5710000000000002
Ca2SnWO6,OQMD,1,0.4980000000000002,0.4980000000000002,0.4980000000000002,,0.0
Ca2Ta2Al2O9,OQMD,3,1.697,0.766,1.7010000000000005,0.5386715140045928,0.9350000000000005
Ca2Ta2CoO8,MP,1,2.2899,2.2899,2.2899,,0.0
Ca2Ta2CrO8,MP,1,2.336999999999999,2.336999999999999,2.336999999999999,,0.0
Ca2Ta2CuO8,MP,1,0.6813,0.6813,0.6813,,0.0
Ca2Ta2FeO8,MP,1,3.6611000000000002,3.6611000000000002,3.6611000000000002,,0.0
Ca2Ta2MnO8,MP,1,2.929499999999999,2.929499999999999,2.929499999999999,,0.0
Ca2Ta2NiO8,MP,1,1.4678,1.4678,1.4678,,0.0
Ca2Ta2SnO8,MP,1,2.892899999999999,2.892899999999999,2.892899999999999,,0.0
Ca2Ta2VO8,MP,1,1.766599999999999,1.766599999999999,1.766599999999999,,0.0
Ca2Ta2WO8,MP,1,0.181599999999999,0.181599999999999,0.181599999999999,,0.0
Ca2TaAgO6,JARVIS,1,0.662,0.662,0.662,,0.0
Ca2TaAgO6,MP,1,0.44970000000000004,0.44970000000000004,0.44970000000000004,,0.0
Ca2TaAgO6,OQMD,4,0.6125,0.3120000000000003,0.615,0.15068510211696426,0.3029999999999997
Ca2TaAlO6,OQMD,6,4.141,3.293,4.508,0.45794209968801364,1.2149999999999999
Ca2TaAsO6,OQMD,11,1.953,1.472,3.018,0.5609011256248936,1.5459999999999998
Ca2TaAuO6,OQMD,1,1.0939999999999999,1.0939999999999999,1.0939999999999999,,0.0
Ca2TaBO6,OQMD,1,3.7,3.7,3.7,,0.0
Ca2TaBiO6,JARVIS,1,1.854,1.854,1.854,,0.0
Ca2TaBiO6,MP,1,1.7981999999999991,1.7981999999999991,1.7981999999999991,,0.0
Ca2TaBiO6,OQMD,12,2.5005,1.871,3.49,0.49308554639190755,1.6190000000000002
Ca2TaCoO6,MP,1,0.361199999999999,0.361199999999999,0.361199999999999,,0.0
Ca2TaCoO6,OQMD,8,1.2365,0.615,2.258,0.6879318384009525,1.643
Ca2TaCrO6,MP,2,2.7137,2.6351999999999993,2.7922000000000002,0.11101576464628861,0.15700000000000092
Ca2TaCrO6,OQMD,5,2.6429999999999993,2.056,2.669,0.26337463811080986,0.613
Ca2TaCuO6,OQMD,7,0.451,0.302,0.463,0.08359767597589918,0.16100000000000003
Ca2TaFeO6,MP,1,1.2064,1.2064,1.2064,,0.0
Ca2TaFeO6,OQMD,12,1.8885,1.353,2.317,0.3206253359617828,0.9640000000000002
Ca2TaGaO6,OQMD,12,4.1,3.5959999999999996,4.596,0.3150098002323491,1.0000000000000004
Ca2TaInO6,JARVIS,1,3.864,3.864,3.864,,0.0
Ca2TaInO6,OQMD,12,4.034,3.283,4.465,0.27547688678274834,1.182
Ca2TaIrO6,OQMD,12,1.5300000000000002,0.6290000000000004,2.248,0.4225279890316752,1.6189999999999998
Ca2TaMnO6,AFLOW,1,0.4336,0.4336,0.4336,,0.0
Ca2TaMnO6,OQMD,7,0.747,0.3120000000000003,1.381,0.36090092295597714,1.0689999999999997
Ca2TaMoO6,MP,1,1.4283000000000001,1.4283000000000001,1.4283000000000001,,0.0
Ca2TaMoO6,OQMD,3,0.314,0.305,0.929,0.3576967989792473,0.6240000000000001
Ca2TaNb2O8,MP,1,0.19029999999999903,0.19029999999999903,0.19029999999999903,,0.0
Ca2TaNiO6,OQMD,3,1.251,0.461,1.868,0.7052703973181728,1.407
Ca2TaPbO6,OQMD,1,2.379,2.379,2.379,,0.0
Ca2TaPdO6,OQMD,1,0.305,0.305,0.305,,0.0
Ca2TaPtO6,OQMD,2,0.6065,0.31,0.903,0.4193143212436227,0.593
Ca2TaRhO6,OQMD,13,1.344,0.6299999999999999,1.807,0.28075950106077874,1.177
Ca2TaSbO6,JARVIS,1,0.889,0.889,0.889,,0.0
Ca2TaSbO6,MP,1,0.8163,0.8163,0.8163,,0.0
Ca2TaSbO6,OQMD,11,1.665,1.012,2.71,0.5652844979621886,1.698
Ca2TaSnO6,OQMD,1,0.455,0.455,0.455,,0.0
Ca2TaTcO6,OQMD,1,0.34199999999999964,0.34199999999999964,0.34199999999999964,,0.0
Ca2TaTiO6,OQMD,2,0.3005,0.298,0.303,0.0035355339059327407,0.0050000000000000044
Ca2TaTlO6,OQMD,11,2.734,2.087,3.206,0.42338830232477437,1.1189999999999998
Ca2TaVO6,MP,1,0.43149999999999905,0.43149999999999905,0.43149999999999905,,0.0
Ca2TaVO6,OQMD,7,1.068,0.591,1.837,0.4570302688735907,1.246
Ca2TaWO6,MP,2,2.1821,2.1053,2.2589,0.10861160159025367,0.15359999999999996
Ca2TbCoO6,OQMD,1,0.4450000000000003,0.4450000000000003,0.4450000000000003,,0.0
Ca2TbCrO6,OQMD,1,0.7749999999999999,0.7749999999999999,0.7749999999999999,,0.0
Ca2TbNbO6,OQMD,2,3.3539999999999996,3.2489999999999997,3.4589999999999996,0.14849242404917495,0.20999999999999996
Ca2TbRuO6,OQMD,1,0.4389999999999996,0.4389999999999996,0.4389999999999996,,0.0
Ca2TbSbO6,MP,1,3.175799999999999,3.175799999999999,3.175799999999999,,0.0
Ca2TbSbO6,OQMD,3,3.9170000000000003,3.515,3.999,0.25903152961238785,0.484
Ca2TbTaO6,OQMD,1,3.8939999999999997,3.8939999999999997,3.8939999999999997,,0.0
Ca2TcGeO6,OQMD,12,0.6894999999999998,0.348000000000001,0.871,0.1873545294274193,0.522999999999999
Ca2TcIrO6,OQMD,1,0.524999999999999,0.524999999999999,0.524999999999999,,0.0
Ca2TcSbO6,OQMD,2,0.3360000000000003,0.33,0.3420000000000005,0.008485281374238911,0.01200000000000051
Ca2TcSnO6,OQMD,11,0.696000000000001,0.346,0.867,0.20185107021131835,0.521
Ca2TcTeO6,OQMD,6,0.4175,0.335,0.659999999999999,0.1319722192988607,0.324999999999999
Ca2Te3O8,OQMD,1,2.843,2.843,2.843,,0.0
Ca2TePbO6,OQMD,10,2.1870000000000003,1.339,2.62,0.5299755130611644,1.2810000000000001
Ca2TePdO6,OQMD,4,0.6295000000000005,0.312,0.738,0.2035867955770543,0.426
Ca2TePtO6,OQMD,9,0.415,0.209,1.142,0.33649892685977134,0.9329999999999999
Ca2TeRhO6,OQMD,1,0.209,0.209,0.209,,0.0
Ca2TeSeO6,OQMD,2,1.5215000000000003,0.210000000000001,2.8329999999999997,1.8547410870523133,2.622999999999999
Ca2TeWO6,MP,2,0.8788499999999996,0.22280000000000003,1.534899999999999,0.9277948075948683,1.312099999999999
Ca2TeWO6,OQMD,1,1.1709999999999998,1.1709999999999998,1.1709999999999998,,0.0
Ca2Ti(SnO4)2,OQMD,1,2.392,2.392,2.392,,0.0
Ca2Ti2Si2O9,OQMD,2,1.4855,1.431,1.54,0.07707463914933367,0.10899999999999999
Ca2Ti2SnO8,OQMD,1,2.8630000000000004,2.8630000000000004,2.8630000000000004,,0.0
Ca2Ti3O8,OQMD,1,2.673,2.673,2.673,,0.0
Ca2TiAsO6,OQMD,1,1.762,1.762,1.762,,0.0
Ca2TiBiO6,OQMD,1,2.083,2.083,2.083,,0.0
Ca2TiCoO6,OQMD,1,0.835,0.835,0.835,,0.0
Ca2TiCrO6,MP,1,1.1492,1.1492,1.1492,,0.0
Ca2TiCrO6,OQMD,5,0.626,0.209,0.831,0.26690166728591264,0.622
Ca2TiGeO6,OQMD,11,2.885,2.655,3.229,0.17419174388117153,0.5740000000000003
Ca2TiMnO6,MP,2,1.411,0.8750000000000001,1.947,0.7580184694319789,1.072
Ca2TiMnO6,OQMD,14,1.3584999999999998,1.249,1.76,0.1473361447861303,0.5109999999999999
Ca2TiNbO6,OQMD,1,0.278,0.278,0.278,,0.0
Ca2TiNiO6,OQMD,11,0.529,0.419,1.259,0.27910082896199484,0.8399999999999999
Ca2TiPbO6,OQMD,11,2.063,1.659,2.5089999999999995,0.3228564274213425,0.8499999999999994
Ca2TiPdO6,OQMD,12,0.933,0.723,1.644,0.24717143786645268,0.9209999999999999
Ca2TiPtO6,OQMD,11,1.252,0.944,2.083,0.3099204590037433,1.1390000000000002
Ca2TiReO6,OQMD,1,0.313,0.313,0.313,,0.0
Ca2TiSbO6,OQMD,1,1.643,1.643,1.643,,0.0
Ca2TiSeO6,OQMD,1,1.281,1.281,1.281,,0.0
Ca2TiSiO6,AFLOW,1,2.764,2.764,2.764,,0.0
Ca2TiSiO6,JARVIS,1,2.412,2.412,2.412,,0.0
Ca2TiSiO6,MP,1,2.3708,2.3708,2.3708,,0.0
Ca2TiSiO6,OQMD,11,2.651,2.409,2.933,0.17427120974347582,0.524
Ca2TiSnO6,OQMD,11,3.101,2.791,3.209,0.16986668569525606,0.41800000000000015
Ca2TiTcO6,OQMD,1,0.681999999999999,0.681999999999999,0.681999999999999,,0.0
Ca2TiTeO6,OQMD,13,1.0279999999999996,0.829,2.229,0.4966585010514435,1.4000000000000001
Ca2TiVO6,OQMD,8,0.673,0.311000000000001,1.123,0.23024269028260438,0.811999999999999
Ca2TiWO6,MP,1,0.39890000000000003,0.39890000000000003,0.39890000000000003,,0.0
Ca2TlCrO6,OQMD,7,0.62,0.311999999999999,0.93,0.2108541585799917,0.618000000000001
Ca2TlMoO6,OQMD,1,2.196,2.196,2.196,,0.0
Ca2TlReO6,OQMD,6,0.84,0.624,1.4729999999999994,0.3233430067281491,0.8489999999999994
Ca2TlRuO6,OQMD,3,0.417,0.316,0.522,0.10300647228855736,0.20600000000000002
Ca2TlSbO6,OQMD,10,1.2934999999999999,0.625,1.979,0.45490907516411105,1.354
Ca2TlVO6,OQMD,10,1.5140000000000002,0.935,2.257,0.43641595856348886,1.322
Ca2TlWO6,OQMD,1,2.502,2.502,2.502,,0.0
Ca2TmNbO6,OQMD,3,3.1839999999999997,3.015,3.464,0.22677521910473364,0.44899999999999984
Ca2TmRuO6,OQMD,1,0.3540000000000001,0.3540000000000001,0.3540000000000001,,0.0
Ca2TmSbO6,OQMD,4,3.8335,2.795,4.046,0.5790457667576892,1.2510000000000003
Ca2TmTaO6,OQMD,2,4.1115,3.897,4.3260000000000005,0.30334880912902923,0.4290000000000007
Ca2V2PbO8,MP,1,3.2257,3.2257,3.2257,,0.0
Ca2V2PbO8,OQMD,2,3.019,2.99,3.048,0.04101219330881964,0.05799999999999983
Ca2V2Si2O9,OQMD,3,0.734,0.7239999999999993,0.8469999999999995,0.0683105653126464,0.12300000000000022
Ca2V3O8,OQMD,1,1.3439999999999999,1.3439999999999999,1.3439999999999999,,0.0
Ca2VAgO6,OQMD,2,0.414,0.207,0.621,0.2927422074112307,0.41400000000000003
Ca2VAsO6,OQMD,9,1.6959999999999997,0.845,2.9200000000000004,0.5860409778998206,2.075
Ca2VBO6,OQMD,1,1.298,1.298,1.298,,0.0
Ca2VBiO6,AFLOW,1,3.0163,3.0163,3.0163,,0.0
Ca2VBiO6,JARVIS,1,2.73,2.73,2.73,,0.0
Ca2VBiO6,MP,2,1.8692499999999992,0.6405999999999991,3.097899999999999,1.7375734934097034,2.4573
Ca2VBiO6,OQMD,2,1.8835000000000002,0.772,2.995,1.5718983745776953,2.223
Ca2VBrO6,OQMD,1,0.748,0.748,0.748,,0.0
Ca2VCoO6,OQMD,9,1.158,0.314,1.273,0.285490708157804,0.9589999999999999
Ca2VCrO6,OQMD,14,1.201,0.933,1.367,0.17527944721325603,0.43399999999999994
Ca2VCuO6,OQMD,2,0.517,0.311,0.723,0.29132799384885755,0.412
Ca2VFeO6,OQMD,13,0.952999999999999,0.316000000000001,1.567,0.2993659539075448,1.250999999999999
Ca2VGaO6,OQMD,11,2.019,1.563,2.222,0.2406445511537712,0.659
Ca2VGeO6,OQMD,7,1.294,1.169,1.55,0.14163383373030208,0.381
Ca2VInO6,OQMD,12,2.0395000000000003,1.658,2.288,0.1760639518797505,0.6299999999999999
Ca2VIrO6,MP,1,0.4312,0.4312,0.4312,,0.0
Ca2VIrO6,OQMD,9,0.41999999999999993,0.316,0.625999999999999,0.08950279325250106,0.309999999999999
Ca2VMoO6,MP,1,0.6962,0.6962,0.6962,,0.0
Ca2VMoO6,OQMD,1,0.318,0.318,0.318,,0.0
Ca2VNiO6,OQMD,4,1.0545,0.212,1.485,0.6323619743996841,1.2730000000000001
Ca2VOsO6,OQMD,1,0.587,0.587,0.587,,0.0
Ca2VPbO6,OQMD,6,0.829,0.206,0.9430000000000001,0.26447381722960783,0.7370000000000001
Ca2VPdO6,OQMD,2,0.569,0.31400000000000006,0.824,0.3606244584051391,0.5099999999999999
Ca2VPtO6,OQMD,6,0.742,0.529,0.94,0.13637802853343586,0.4109999999999999
Ca2VRhO6,OQMD,10,0.368,0.208,1.043,0.24530561437611748,0.835
Ca2VSbO6,OQMD,10,1.3825,0.7469999999999999,2.569,0.5214055896218306,1.822
Ca2VSeO6,OQMD,1,0.726999999999999,0.726999999999999,0.726999999999999,,0.0
Ca2VSiO6,OQMD,7,1.067,0.637,1.28,0.21832915299524033,0.643
Ca2VSnO6,OQMD,9,1.407,1.2990000000000004,1.507,0.06699067099231043,0.20799999999999952
Ca2VTcO6,OQMD,2,0.432,0.347,0.517,0.12020815280171311,0.17000000000000004
Ca2VTeO6,OQMD,7,0.422,0.307,0.9500000000000002,0.2683126286007922,0.6430000000000002
Ca2VWO6,MP,2,0.9519499999999994,0.882899999999999,1.021,0.0976514464818628,0.1381000000000009
Ca2VWO6,OQMD,2,0.5115,0.51,0.5129999999999999,0.002121320343559566,0.0029999999999998916
Ca2W3O8,OQMD,1,1.1969999999999992,1.1969999999999992,1.1969999999999992,,0.0
Ca2WBrO6,OQMD,1,0.341,0.341,0.341,,0.0
Ca2WCO6,OQMD,2,1.0915,1.0019999999999998,1.181,0.1265721138323922,0.17900000000000027
Ca2WSeO6,OQMD,1,0.341,0.341,0.341,,0.0
Ca2YAsO6,OQMD,10,3.8285,2.75,4.203,0.4290790654931145,1.4530000000000003
Ca2YBiO6,MP,2,1.9322499999999991,1.742399999999999,2.122099999999999,0.2684884448165322,0.37970000000000015
Ca2YBiO6,OQMD,11,2.38,1.166,2.63,0.4176278900474136,1.464
Ca2YBrO6,OQMD,12,2.593,2.252,2.978,0.24203648297500321,0.7260000000000004
Ca2YCrO6,OQMD,7,0.697,0.518,0.87,0.13142678570215433,0.352
Ca2YNbO6,MP,1,3.3203,3.3203,3.3203,,0.0
Ca2YNbO6,OQMD,11,3.304,1.83,3.841,0.5394320750904267,2.011
Ca2YOsO6,OQMD,5,0.402,0.399,0.8,0.17888963077830974,0.401
Ca2YRuO6,OQMD,7,0.522,0.342,0.7050000000000001,0.14619132929796066,0.36300000000000004
Ca2YSbO6,OQMD,13,3.677,2.66,4.197,0.3905251887867453,1.537
Ca2YTaO6,OQMD,11,3.828,2.494,4.562,0.5548603100207867,2.068
Ca2YVO6,OQMD,13,2.071,1.66,2.258,0.1724785754067994,0.5980000000000001
Ca2YWO6,OQMD,1,0.505,0.505,0.505,,0.0
Ca2YbMoO6,OQMD,3,2.175,2.074,2.408,0.17129214809792076,0.3340000000000001
Ca2YbTeO6,OQMD,1,3.653,3.653,3.653,,0.0
Ca2YbWO6,OQMD,3,2.8129999999999997,2.525,2.888,0.19163246071581924,0.363
Ca2ZnCrO6,OQMD,2,0.6940000000000001,0.5430000000000001,0.845,0.21354624791833723,0.3019999999999998
Ca2ZnGe2O7,AFLOW,1,3.2699,3.2699,3.2699,,0.0
Ca2ZnGe2O7,JARVIS,1,3.129,3.129,3.129,,0.0
Ca2ZnGe2O7,MP,1,3.0488,3.0488,3.0488,,0.0
Ca2ZnMoO6,OQMD,11,2.244,1.739,2.269,0.20756015557379537,0.53
Ca2ZnSO6,OQMD,1,1.3860000000000001,1.3860000000000001,1.3860000000000001,,0.0
Ca2ZnSeO6,OQMD,11,1.539,0.547,2.397,0.6142795928417434,1.8499999999999996
Ca2ZnSi2O7,AFLOW,3,4.335,4.3317,4.3429,0.005755287424042063,0.011200000000000543
Ca2ZnSi2O7,MP,1,4.0553,4.0553,4.0553,,0.0
Ca2ZnTeO6,OQMD,10,2.2275,1.793,2.864,0.3539717659801571,1.071
Ca2ZnWO6,OQMD,5,2.841,2.7030000000000003,3.267,0.2232818846212115,0.5639999999999996
Ca2Zr3O8,OQMD,1,3.885,3.885,3.885,,0.0
Ca2ZrBiO6,OQMD,1,1.39,1.39,1.39,,0.0
Ca2ZrBrO6,OQMD,2,0.602,0.6,0.604,0.0028284271247461927,0.0040000000000000036
Ca2ZrCoO6,OQMD,8,1.0099999999999998,0.41100000000000003,1.4049999999999998,0.33380295192566184,0.9939999999999998
Ca2ZrCrO6,OQMD,8,0.809,0.593,2.617,0.6595323018191429,2.024
Ca2ZrGeO6,OQMD,10,4.2445,3.605,4.367,0.26546456135110263,0.762
Ca2ZrMnO6,OQMD,13,1.9860000000000002,1.82,2.22,0.16267330009593636,0.40000000000000013
Ca2ZrNbO6,OQMD,1,0.788,0.788,0.788,,0.0
Ca2ZrNiO6,OQMD,11,1.22,1.002,1.427,0.18004797340506984,0.42500000000000004
Ca2ZrPbO6,OQMD,12,2.778,2.217,3.302,0.35547461870779823,1.085
Ca2ZrPdO6,OQMD,13,1.58,1.213,1.771,0.13960562585093325,0.5579999999999998
Ca2ZrPtO6,OQMD,11,1.979,1.611,2.184,0.22563325028985334,0.5730000000000002
Ca2ZrSbO6,OQMD,1,1.583,1.583,1.583,,0.0
Ca2ZrSeO6,OQMD,2,2.3155,2.24,2.391,0.10677312395916853,0.1509999999999998
Ca2ZrSiO6,OQMD,12,4.1185,3.614,4.465,0.296940293457772,0.851
Ca2ZrSnO6,MP,1,3.5577,3.5577,3.5577,,0.0
Ca2ZrSnO6,OQMD,10,4.070500000000001,3.542,4.421,0.23902256983157233,0.8790000000000004
Ca2ZrTaO6,OQMD,1,0.590000000000001,0.590000000000001,0.590000000000001,,0.0
Ca2ZrTcO6,OQMD,7,0.608000000000001,0.602,1.2249999999999996,0.2330556851504642,0.6229999999999997
Ca2ZrTeO6,OQMD,11,2.008,1.546,3.2369999999999997,0.48488577848996367,1.6909999999999996
Ca2ZrTiO6,MP,1,2.393299999999999,2.393299999999999,2.393299999999999,,0.0
Ca2ZrTiO6,OQMD,14,2.7960000000000003,2.538,3.217,0.2112785256116092,0.6790000000000003
Ca2ZrVO6,OQMD,10,1.209,0.978,1.409,0.13319246725447104,0.43100000000000005
Ca3(SbO4)2,OQMD,1,2.571,2.571,2.571,,0.0
Ca3Ag2(GeO4)3,MP,1,0.20399999999999902,0.20399999999999902,0.20399999999999902,,0.0
Ca3Al2(GeO4)3,MP,1,3.5021,3.5021,3.5021,,0.0
Ca3Al2(SiO4)3,AFLOW,32,4.9993,4.9952,5.0054,0.001767995037213678,0.010200000000000209
Ca3Al2(SiO4)3,JARVIS,1,5.319,5.319,5.319,,0.0
Ca3Al2(SiO4)3,MP,1,5.1373,5.1373,5.1373,,0.0
Ca3As4W3O16,MP,1,0.502599999999999,0.502599999999999,0.502599999999999,,0.0
Ca3BeSb2O9,OQMD,1,1.5860000000000003,1.5860000000000003,1.5860000000000003,,0.0
Ca3BeV2O9,OQMD,1,1.2649999999999997,1.2649999999999997,1.2649999999999997,,0.0
Ca3CdSb2O9,OQMD,1,1.1360000000000001,1.1360000000000001,1.1360000000000001,,0.0
Ca3Co(SeO3)4,MP,1,2.9679,2.9679,2.9679,,0.0
Ca3Co2(GeO4)3,JARVIS,1,0.986,0.986,0.986,,0.0
Ca3Co2(GeO4)3,MP,1,2.112999999999999,2.112999999999999,2.112999999999999,,0.0
Ca3Co2(Si2O7)2,MP,2,1.3096,1.2255,1.3937,0.11893536059557715,0.1681999999999999
Ca3Co2(SiO4)3,MP,1,1.990299999999999,1.990299999999999,1.990299999999999,,0.0
Ca3Co3(AsO4)4,MP,1,2.4163,2.4163,2.4163,,0.0
Ca3Cr2(GeO4)3,MP,1,3.310799999999999,3.310799999999999,3.310799999999999,,0.0
Ca3Cr2(Si2O7)2,MP,1,2.467399999999999,2.467399999999999,2.467399999999999,,0.0
Ca3Cr2(SiO4)3,AFLOW,5,3.1646,3.1634,3.1661,0.0009797958971133186,0.0026999999999999247
Ca3Cr2(SiO4)3,MP,1,3.247699999999999,3.247699999999999,3.247699999999999,,0.0
Ca3Cr2O8,OQMD,1,0.6149999999999998,0.6149999999999998,0.6149999999999998,,0.0
Ca3Cr3(AsO4)4,MP,1,1.8614000000000002,1.8614000000000002,1.8614000000000002,,0.0
Ca3Cr3(PO4)4,AFLOW,1,3.0996,3.0996,3.0996,,0.0
Ca3Cr3(PO4)4,MP,1,3.252199999999999,3.252199999999999,3.252199999999999,,0.0
Ca3Cu2(GeO4)3,MP,1,0.5154000000000001,0.5154000000000001,0.5154000000000001,,0.0
Ca3Cu2(Si2O7)2,MP,1,0.09429999999999901,0.09429999999999901,0.09429999999999901,,0.0
Ca3Cu2(SiO4)3,MP,1,0.38579999999999903,0.38579999999999903,0.38579999999999903,,0.0
Ca3Cu3(AsO4)4,MP,1,0.7189000000000001,0.7189000000000001,0.7189000000000001,,0.0
Ca3Cu3(PO4)4,MP,1,0.6475000000000001,0.6475000000000001,0.6475000000000001,,0.0
Ca3Cu5Si9O26,MP,1,0.0689,0.0689,0.0689,,0.0
Ca3Fe2(GeO4)3,AFLOW,2,2.1653000000000002,2.1651,2.1655,0.00028284271247474484,0.00040000000000040004
Ca3Fe2(GeO4)3,MP,1,2.4715,2.4715,2.4715,,0.0
Ca3Fe2(Si2O7)2,MP,1,2.2344,2.2344,2.2344,,0.0
Ca3Fe2(SiO4)3,AFLOW,33,2.3955,2.3927,2.3975,0.0007769160088764401,0.0047999999999999154
Ca3Fe2(SiO4)3,MP,1,2.6416999999999993,2.6416999999999993,2.6416999999999993,,0.0
Ca3Fe3(AsO4)4,MP,1,2.3749000000000002,2.3749000000000002,2.3749000000000002,,0.0
Ca3Fe3(SbO6)2,MP,1,0.058300000000000005,0.058300000000000005,0.058300000000000005,,0.0
Ca3Fe6(SnO8)2,MP,1,1.541399999999999,1.541399999999999,1.541399999999999,,0.0
Ca3Fe7(SiO4)6,MP,1,2.5679,2.5679,2.5679,,0.0
Ca3Ga2(Ge2O7)2,MP,1,3.0145,3.0145,3.0145,,0.0
Ca3Ga2(GeO4)3,JARVIS,1,3.145,3.145,3.145,,0.0
Ca3Ga2(GeO4)3,MP,1,3.172099999999999,3.172099999999999,3.172099999999999,,0.0
Ca3Ga2(SiO4)3,AFLOW,1,4.3289,4.3289,4.3289,,0.0
Ca3Ga2(SiO4)3,MP,1,4.4117999999999995,4.4117999999999995,4.4117999999999995,,0.0
Ca3Ga2(SnO4)3,MP,2,2.68105,2.6319,2.7302,0.06950859659063766,0.09830000000000005
Ca3Ge2O7,OQMD,1,2.279,2.279,2.279,,0.0
Ca3Ge3(BiO6)2,MP,1,2.981499999999999,2.981499999999999,2.981499999999999,,0.0
Ca3Ge3(MoO6)2,MP,1,1.8503,1.8503,1.8503,,0.0
Ca3Ge3(RhO6)2,MP,1,1.5931000000000002,1.5931000000000002,1.5931000000000002,,0.0
Ca3Ge3(SbO6)2,MP,1,2.254799999999999,2.254799999999999,2.254799999999999,,0.0
Ca3Ge3(WO6)2,MP,1,2.0729,2.0729,2.0729,,0.0
Ca3HfSi2O9,AFLOW,1,4.6827,4.6827,4.6827,,0.0
Ca3HfSi2O9,MP,1,4.7635000000000005,4.7635000000000005,4.7635000000000005,,0.0
Ca3HgSb2O9,OQMD,1,0.20800000000000018,0.20800000000000018,0.20800000000000018,,0.0
Ca3In2(GeO4)3,MP,1,2.6717999999999993,2.6717999999999993,2.6717999999999993,,0.0
Ca3In2(SiO4)3,AFLOW,1,3.7776,3.7776,3.7776,,0.0
Ca3In2(SiO4)3,MP,1,3.8105,3.8105,3.8105,,0.0
Ca3LaAl3MoO12,OQMD,1,0.4939999999999998,0.4939999999999998,0.4939999999999998,,0.0
Ca3LaAlV3O12,OQMD,1,0.9540000000000002,0.9540000000000002,0.9540000000000002,,0.0
Ca3LaCo(MoO4)3,OQMD,1,0.31400000000000006,0.31400000000000006,0.31400000000000006,,0.0
Ca3LaCr3FeO12,OQMD,1,0.6859999999999999,0.6859999999999999,0.6859999999999999,,0.0
Ca3LaCr3MoO12,OQMD,1,0.641,0.641,0.641,,0.0
Ca3LaFe3WO12,OQMD,1,0.34399999999999986,0.34399999999999986,0.34399999999999986,,0.0
Ca3LaMn(FeO4)3,OQMD,1,0.5379999999999998,0.5379999999999998,0.5379999999999998,,0.0
Ca3LaMn3CoO12,OQMD,1,0.5419999999999998,0.5419999999999998,0.5419999999999998,,0.0
Ca3LaMn3FeO12,OQMD,1,0.2799999999999998,0.2799999999999998,0.2799999999999998,,0.0
Ca3LaMn3WO12,OQMD,1,0.3440000000000003,0.3440000000000003,0.3440000000000003,,0.0
Ca3LaMnV3O12,OQMD,1,0.5569999999999999,0.5569999999999999,0.5569999999999999,,0.0
Ca3LaMo(WO4)3,OQMD,1,0.3450000000000002,0.3450000000000002,0.3450000000000002,,0.0
Ca3LaVCr3O12,OQMD,1,0.8440000000000003,0.8440000000000003,0.8440000000000003,,0.0
Ca3LaZr3FeO12,OQMD,1,0.40500000000000025,0.40500000000000025,0.40500000000000025,,0.0
Ca3LaZr3MnO12,OQMD,1,0.6099999999999994,0.6099999999999994,0.6099999999999994,,0.0
Ca3LaZr3VO12,OQMD,1,0.8170000000000002,0.8170000000000002,0.8170000000000002,,0.0
Ca3LaZrMn3O12,OQMD,1,0.4089999999999998,0.4089999999999998,0.4089999999999998,,0.0
Ca3LaZrV3O12,OQMD,1,0.4089999999999998,0.4089999999999998,0.4089999999999998,,0.0
Ca3Lu2(GeO4)3,MP,1,3.2916,3.2916,3.2916,,0.0
Ca3MgAl2V2O12,OQMD,2,1.4535000000000005,1.4000000000000004,1.5070000000000006,0.07566042558696073,0.1070000000000002
Ca3MgAlCr3O12,OQMD,1,1.197,1.197,1.197,,0.0
Ca3MgFe(MoO4)3,OQMD,1,0.32099999999999973,0.32099999999999973,0.32099999999999973,,0.0
Ca3MgMn(CoO4)3,OQMD,1,0.35599999999999987,0.35599999999999987,0.35599999999999987,,0.0
Ca3MgMn3VO12,OQMD,1,0.3520000000000003,0.3520000000000003,0.3520000000000003,,0.0
Ca3MgMnAl3O12,OQMD,1,1.0670000000000002,1.0670000000000002,1.0670000000000002,,0.0
Ca3MgNb2O9,OQMD,1,2.7600000000000002,2.7600000000000002,2.7600000000000002,,0.0
Ca3MgSb2O9,OQMD,1,1.6710000000000003,1.6710000000000003,1.6710000000000003,,0.0
Ca3MgTa2O9,OQMD,1,3.42,3.42,3.42,,0.0
Ca3MgTi(CoO4)3,OQMD,1,0.772,0.772,0.772,,0.0
Ca3MgTi(MoO4)3,OQMD,1,0.484,0.484,0.484,,0.0
Ca3MgTi2Mn2O12,OQMD,2,1.3855000000000004,1.3850000000000002,1.3860000000000006,0.0007071067811867837,0.001000000000000334
Ca3MgTi3CrO12,OQMD,1,1.1210000000000002,1.1210000000000002,1.1210000000000002,,0.0
Ca3MgTi4O12,OQMD,1,1.976,1.976,1.976,,0.0
Ca3MgTiCr3O12,OQMD,1,0.3400000000000003,0.3400000000000003,0.3400000000000003,,0.0
Ca3MgTiV3O12,OQMD,1,0.782,0.782,0.782,,0.0
Ca3MgV(MoO4)3,OQMD,1,0.3240000000000003,0.3240000000000003,0.3240000000000003,,0.0
Ca3MgV2(FeO6)2,OQMD,2,0.7969999999999997,0.7439999999999998,0.8499999999999996,0.07495331880577395,0.10599999999999987
Ca3MgV2Cr2O12,OQMD,2,0.9594999999999998,0.9589999999999996,0.96,0.0007071067811867837,0.001000000000000334
Ca3MgV2O9,OQMD,1,1.5619999999999998,1.5619999999999998,1.5619999999999998,,0.0
Ca3MgVCr3O12,OQMD,1,0.6799999999999997,0.6799999999999997,0.6799999999999997,,0.0
Ca3MgZr2Mn2O12,OQMD,2,2.191,2.191,2.191,0.0,0.0
Ca3MgZr2Ti2O12,OQMD,2,2.7355,2.7350000000000003,2.736,0.0007071067811866267,0.0009999999999998899
Ca3MgZr3CoO12,OQMD,1,1.8470000000000004,1.8470000000000004,1.8470000000000004,,0.0
Ca3MgZr3CrO12,OQMD,1,1.0170000000000001,1.0170000000000001,1.0170000000000001,,0.0
Ca3MgZr3MnO12,OQMD,1,0.40700000000000003,0.40700000000000003,0.40700000000000003,,0.0
Ca3MgZr3MoO12,OQMD,1,0.8220000000000001,0.8220000000000001,0.8220000000000001,,0.0
Ca3MgZr3TiO12,OQMD,1,3.044,3.044,3.044,,0.0
Ca3MgZr3VO12,OQMD,1,2.0309999999999997,2.0309999999999997,2.0309999999999997,,0.0
Ca3MgZr3WO12,OQMD,1,0.6180000000000003,0.6180000000000003,0.6180000000000003,,0.0
Ca3MgZr4O12,OQMD,1,2.398,2.398,2.398,,0.0
Ca3MgZrCr3O12,OQMD,1,0.4089999999999998,0.4089999999999998,0.4089999999999998,,0.0
Ca3MgZrMn3O12,OQMD,1,0.6100000000000001,0.6100000000000001,0.6100000000000001,,0.0
Ca3MgZrTi3O12,OQMD,1,2.4109999999999996,2.4109999999999996,2.4109999999999996,,0.0
Ca3MgZrV3O12,OQMD,1,0.8300000000000001,0.8300000000000001,0.8300000000000001,,0.0
Ca3Mn2(GaO5)2,JARVIS,1,0.34,0.34,0.34,,0.0
Ca3Mn2(GaO5)2,MP,2,0.1754499999999995,0.1267,0.224199999999999,0.06894291116568768,0.097499999999999
Ca3Mn2(GeO4)3,MP,1,1.017,1.017,1.017,,0.0
Ca3Mn2(Si2O7)2,AFLOW,1,1.5328,1.5328,1.5328,,0.0
Ca3Mn2(Si2O7)2,MP,1,1.9055,1.9055,1.9055,,0.0
Ca3Mn2(SiO4)3,MP,1,1.106799999999999,1.106799999999999,1.106799999999999,,0.0
Ca3Mn2O8,OQMD,1,1.443,1.443,1.443,,0.0
Ca3Mn2SbO9,MP,1,0.1004,0.1004,0.1004,,0.0
Ca3Mn2WO9,MP,1,0.32030000000000003,0.32030000000000003,0.32030000000000003,,0.0
Ca3Mn3(AsO4)4,MP,1,2.0539,2.0539,2.0539,,0.0
Ca3MnNb2O9,OQMD,1,1.3920000000000003,1.3920000000000003,1.3920000000000003,,0.0
Ca3MoO6,OQMD,6,2.4785,1.7290000000000005,2.729,0.36270465487317155,0.9999999999999996
Ca3Nb2CdO9,OQMD,1,2.8979999999999997,2.8979999999999997,2.8979999999999997,,0.0
Ca3Nb2CoO9,MP,1,2.1471,2.1471,2.1471,,0.0
Ca3Nb2HgO9,OQMD,1,2.3440000000000003,2.3440000000000003,2.3440000000000003,,0.0
Ca3Nb2O8,OQMD,2,4.3795,4.312,4.447,0.09545941546018377,0.1349999999999998
Ca3Nb2PdO9,OQMD,1,0.8300000000000001,0.8300000000000001,0.8300000000000001,,0.0
Ca3Nb2ZnO9,OQMD,1,2.621,2.621,2.621,,0.0
Ca3Ni2(GeO4)3,MP,1,0.29150000000000004,0.29150000000000004,0.29150000000000004,,0.0
Ca3Ni3(AsO4)4,MP,1,3.0233,3.0233,3.0233,,0.0
Ca3NiAs2O9,OQMD,1,0.32399999999999984,0.32399999999999984,0.32399999999999984,,0.0
Ca3NiSb2O9,OQMD,1,1.58,1.58,1.58,,0.0
Ca3Sc2(GeO4)3,AFLOW,1,3.4351,3.4351,3.4351,,0.0
Ca3Sc2(GeO4)3,MP,1,3.6138,3.6138,3.6138,,0.0
Ca3Sc2(SiO4)3,AFLOW,3,4.2268,4.2265,4.2271,0.00030000000000041105,0.000600000000000378
Ca3Sc2(SiO4)3,MP,1,4.2109,4.2109,4.2109,,0.0
Ca3Si2GeO9,MP,1,4.362999999999999,4.362999999999999,4.362999999999999,,0.0
Ca3Si2SnO9,AFLOW,1,3.0992,3.0992,3.0992,,0.0
Ca3Si2SnO9,JARVIS,1,3.659,3.659,3.659,,0.0
Ca3Si2SnO9,MP,1,3.5852,3.5852,3.5852,,0.0
Ca3Si3(MoO6)2,MP,1,3.077000000000001,3.077000000000001,3.077000000000001,,0.0
Ca3Si3(SbO6)2,MP,1,2.9629000000000003,2.9629000000000003,2.9629000000000003,,0.0
Ca3Si3(WO6)2,MP,1,2.481199999999999,2.481199999999999,2.481199999999999,,0.0
Ca3Si4(MoO7)2,MP,1,0.5236000000000001,0.5236000000000001,0.5236000000000001,,0.0
Ca3Si4(NiO7)2,MP,1,0.46680000000000005,0.46680000000000005,0.46680000000000005,,0.0
Ca3Si4(SbO7)2,MP,1,2.3761,2.3761,2.3761,,0.0
Ca3Si4(SnO7)2,MP,2,2.522949999999999,2.148499999999999,2.8973999999999993,0.5295522684306055,0.7489000000000003
Ca3SmAl(CoO4)3,OQMD,1,0.3340000000000001,0.3340000000000001,0.3340000000000001,,0.0
Ca3SmAl3MoO12,OQMD,1,0.871,0.871,0.871,,0.0
Ca3SmAl3WO12,OQMD,1,1.072,1.072,1.072,,0.0
Ca3SmAlCr3O12,OQMD,5,0.5129999999999999,0.5129999999999999,0.5179999999999998,0.0022360679774997513,0.004999999999999893
Ca3SmFe3MoO12,OQMD,1,0.3460000000000001,0.3460000000000001,0.3460000000000001,,0.0
Ca3SmMn3WO12,OQMD,1,0.528,0.528,0.528,,0.0
Ca3SmMnV3O12,OQMD,1,0.6920000000000002,0.6920000000000002,0.6920000000000002,,0.0
Ca3SmTi(CoO4)3,OQMD,1,0.33000000000000007,0.33000000000000007,0.33000000000000007,,0.0
Ca3SmTi3MnO12,OQMD,1,0.6930000000000001,0.6930000000000001,0.6930000000000001,,0.0
Ca3SmV3CrO12,OQMD,1,0.69,0.69,0.69,,0.0
Ca3SmV3MoO12,OQMD,1,0.3340000000000001,0.3340000000000001,0.3340000000000001,,0.0
Ca3SmZr3AlO12,OQMD,1,0.4179999999999997,0.4179999999999997,0.4179999999999997,,0.0
Ca3SmZr3CrO12,OQMD,1,0.41100000000000003,0.41100000000000003,0.41100000000000003,,0.0
Ca3SmZr3TiO12,OQMD,1,0.821,0.821,0.821,,0.0
Ca3SmZr3VO12,OQMD,1,0.4109999999999998,0.4109999999999998,0.4109999999999998,,0.0
Ca3Sn2O7,OQMD,1,2.642,2.642,2.642,,0.0
Ca3Ta2CdO9,OQMD,1,3.392,3.392,3.392,,0.0
Ca3Ta2O8,OQMD,1,4.261,4.261,4.261,,0.0
Ca3Ta2ZnO9,OQMD,1,3.2530000000000006,3.2530000000000006,3.2530000000000006,,0.0
Ca3TeO6,OQMD,6,3.3839999999999995,2.784,3.687,0.3211500687632913,0.903
Ca3Ti2(Si2O7)2,MP,1,0.0651,0.0651,0.0651,,0.0
Ca3Ti2(SiO4)3,MP,1,0.0693,0.0693,0.0693,,0.0
Ca3Ti2O7,OQMD,1,1.814,1.814,1.814,,0.0
Ca3Ti3(AsO4)4,MP,1,0.1413,0.1413,0.1413,,0.0
Ca3Ti3Cr2O12,MP,1,3.090699999999999,3.090699999999999,3.090699999999999,,0.0
Ca3Ti4PbO12,MP,1,1.686499999999999,1.686499999999999,1.686499999999999,,0.0
Ca3Tm2(GeO4)3,MP,1,3.259,3.259,3.259,,0.0
Ca3V2(Si2O7)2,MP,1,0.144299999999999,0.144299999999999,0.144299999999999,,0.0
Ca3V2(SiO4)3,MP,1,1.8973,1.8973,1.8973,,0.0
Ca3V2CdO9,OQMD,1,1.6740000000000004,1.6740000000000004,1.6740000000000004,,0.0
Ca3V2HgO9,OQMD,1,1.4649999999999999,1.4649999999999999,1.4649999999999999,,0.0
Ca3V2O8,OQMD,2,3.5635,3.549,3.578,0.02050609665440982,0.028999999999999915
Ca3V2ZnO9,OQMD,1,1.678,1.678,1.678,,0.0
Ca3V3(AsO4)4,MP,1,1.0605,1.0605,1.0605,,0.0
Ca3WO6,OQMD,8,3.1450000000000005,2.6710000000000003,3.5839999999999996,0.32527919326546006,0.9129999999999994
Ca3Y2(GeO4)3,AFLOW,1,3.2159,3.2159,3.2159,,0.0
Ca3Y2(GeO4)3,MP,1,3.426599999999999,3.426599999999999,3.426599999999999,,0.0
Ca3Y2(SiO4)3,MP,1,3.800099999999999,3.800099999999999,3.800099999999999,,0.0
Ca3Zn3(TeO6)2,AFLOW,2,2.30315,2.145,2.4613,0.223657874889305,0.3163
Ca3Zn3(TeO6)2,MP,2,2.1553500000000003,2.0072,2.3035,0.20951573926557387,0.2963
Ca3ZnGe5O14,JARVIS,1,2.588,2.588,2.588,,0.0
Ca3ZnGe5O14,MP,1,2.4999000000000002,2.4999000000000002,2.4999000000000002,,0.0
Ca3ZnSb2O9,OQMD,1,1.2489999999999997,1.2489999999999997,1.2489999999999997,,0.0
Ca3Zr2O7,OQMD,1,3.374,3.374,3.374,,0.0
Ca3ZrSi2O9,AFLOW,1,4.4592,4.4592,4.4592,,0.0
Ca3ZrSi2O9,MP,1,4.4939,4.4939,4.4939,,0.0
Ca4Al6CrO16,MP,1,2.8012,2.8012,2.8012,,0.0
Ca4Al6MoO16,JARVIS,1,3.742,3.742,3.742,,0.0
Ca4Al6MoO16,MP,2,3.8095499999999998,3.713,3.9061,0.13654231944712236,0.19309999999999983
Ca4Al6SO16,AFLOW,2,4.5707,4.4678,4.6736,0.14552257556819145,0.20579999999999998
Ca4Al6SO16,JARVIS,2,4.7185,4.523,4.914,0.2764787514439401,0.391
Ca4Al6SO16,MP,5,4.4998000000000005,3.848,4.6874,0.3417104154104759,0.8394000000000004
Ca4Al6WO16,AFLOW,1,3.9742,3.9742,3.9742,,0.0
Ca4Al6WO16,JARVIS,3,1.153,0.37,1.234,0.47716978110521624,0.864
Ca4Al6WO16,MP,5,3.891499999999999,0.974,4.1286,1.3641951814165008,3.1545999999999994
Ca4Co5(TeO6)3,MP,1,1.596799999999999,1.596799999999999,1.596799999999999,,0.0
Ca4Cr5(TeO6)3,MP,1,1.105899999999999,1.105899999999999,1.105899999999999,,0.0
Ca4Fe5(TeO6)3,MP,1,1.2644,1.2644,1.2644,,0.0
Ca4La2Zr4O15,MP,1,3.0637,3.0637,3.0637,,0.0
Ca4Mn3CrO12,MP,1,0.344599999999999,0.344599999999999,0.344599999999999,,0.0
Ca4Mn3SbO12,MP,2,0.48245000000000005,0.24080000000000001,0.7241000000000001,0.3417447073474585,0.48330000000000006
Ca4Ni5(TeO6)3,MP,1,1.8170000000000002,1.8170000000000002,1.8170000000000002,,0.0
Ca4Sb2O9,OQMD,1,1.8689999999999998,1.8689999999999998,1.8689999999999998,,0.0
Ca4Sn5(TeO6)3,MP,1,1.2588,1.2588,1.2588,,0.0
Ca4Te3W5O18,MP,1,0.8018999999999991,0.8018999999999991,0.8018999999999991,,0.0
Ca4Ti3O10,OQMD,1,1.8720000000000003,1.8720000000000003,1.8720000000000003,,0.0
Ca4TiMn3O12,MP,1,0.45929999999999904,0.45929999999999904,0.45929999999999904,,0.0
Ca4V2O9,OQMD,1,1.6650000000000005,1.6650000000000005,1.6650000000000005,,0.0
Ca4V5(TeO6)3,MP,1,0.15200000000000002,0.15200000000000002,0.15200000000000002,,0.0
Ca6Te5N2O21,MP,1,2.715,2.715,2.715,,0.0
Ca6V3Fe7O24,MP,1,1.940099999999999,1.940099999999999,1.940099999999999,,0.0
Ca8Fe5(WO8)3,MP,1,0.08910000000000001,0.08910000000000001,0.08910000000000001,,0.0
Ca8Mn6Al2O23,MP,1,0.24419999999999903,0.24419999999999903,0.24419999999999903,,0.0
Ca8Mn7CrO24,MP,1,0.29709999999999903,0.29709999999999903,0.29709999999999903,,0.0
Ca8Ti3Mn5O24,MP,1,0.5853,0.5853,0.5853,,0.0
Ca8TiMn7O24,MP,1,0.4161,0.4161,0.4161,,0.0
Ca9Si6(WO7)4,MP,1,2.196999999999999,2.196999999999999,2.196999999999999,,0.0
CaAg3(SnO3)4,OQMD,1,1.1420000000000003,1.1420000000000003,1.1420000000000003,,0.0
CaAl12Si4O27,AFLOW,1,5.2441,5.2441,5.2441,,0.0
CaAl12Si4O27,MP,1,5.236199999999999,5.236199999999999,5.236199999999999,,0.0
CaAl2(SiO4)2,AFLOW,4,4.7075,4.6947,4.7108,0.007255974549753084,0.01609999999999978
CaAl2(SiO4)2,JARVIS,1,4.803,4.803,4.803,,0.0
CaAl2(SiO4)2,MP,4,4.814299999999999,4.7227,4.994299999999999,0.13310552204923742,0.2715999999999994
CaAl2As2O7,OQMD,1,4.32,4.32,4.32,,0.0
CaAl2B2O7,AFLOW,1,4.8274,4.8274,4.8274,,0.0
CaAl2B2O7,JARVIS,1,4.901,4.901,4.901,,0.0
CaAl2B2O7,MP,1,4.8228,4.8228,4.8228,,0.0
CaAl2B2O7,OQMD,1,5.031,5.031,5.031,,0.0
CaAl2CoO6,OQMD,1,1.354,1.354,1.354,,0.0
CaAl2CrO6,OQMD,1,1.057,1.057,1.057,,0.0
CaAl2GeO6,OQMD,1,5.078,5.078,5.078,,0.0
CaAl2NiO6,OQMD,1,1.9210000000000003,1.9210000000000003,1.9210000000000003,,0.0
CaAl2PbO6,OQMD,1,2.793,2.793,2.793,,0.0
CaAl2PdO6,OQMD,1,2.1630000000000003,2.1630000000000003,2.1630000000000003,,0.0
CaAl2PtO6,OQMD,1,2.696,2.696,2.696,,0.0
CaAl2ReO6,OQMD,1,1.133,1.133,1.133,,0.0
CaAl2Sb2O7,OQMD,1,3.265,3.265,3.265,,0.0
CaAl2SiO6,JARVIS,3,4.974,4.915,5.007,0.04660829682935576,0.09199999999999964
CaAl2SiO6,MP,7,4.549800000000001,4.291799999999999,4.619100000000001,0.11343559112259881,0.3273000000000019
CaAl2SiO6,OQMD,3,4.968999999999999,4.947,5.775,0.47182341329498867,0.8280000000000003
CaAl2SnO6,OQMD,1,4.234999999999999,4.234999999999999,4.234999999999999,,0.0
CaAl2TeO6,OQMD,1,2.391,2.391,2.391,,0.0
CaAl4Si2O11,MP,1,5.104999999999999,5.104999999999999,5.104999999999999,,0.0
CaAlB3O7,AFLOW,2,5.3863,5.386,5.3866,0.00042426406871125374,0.0005999999999994898
CaAlB3O7,JARVIS,2,5.38,5.38,5.38,0.0,0.0
CaAlB3O7,MP,1,5.376600000000001,5.376600000000001,5.376600000000001,,0.0
CaAlFe3O7,MP,1,1.8298,1.8298,1.8298,,0.0
CaB2TeO6,OQMD,3,3.256,3.244,3.2890000000000006,0.0233023603954623,0.04500000000000037
CaBe3(GeO3)4,OQMD,1,3.205,3.205,3.205,,0.0
CaBe3(SnO3)4,OQMD,1,2.265999999999999,2.265999999999999,2.265999999999999,,0.0
CaCd(TeO3)2,OQMD,1,2.5480000000000005,2.5480000000000005,2.5480000000000005,,0.0
CaCd3(GeO3)4,OQMD,1,1.6899999999999995,1.6899999999999995,1.6899999999999995,,0.0
CaCd3(SnO3)4,OQMD,1,1.3659999999999997,1.3659999999999997,1.3659999999999997,,0.0
CaCe2MnO6,OQMD,1,2.6949999999999994,2.6949999999999994,2.6949999999999994,,0.0
CaCe4(CuO4)3,OQMD,1,0.9090000000000003,0.9090000000000003,0.9090000000000003,,0.0
CaCeHfAuO6,OQMD,1,1.3519999999999999,1.3519999999999999,1.3519999999999999,,0.0
CaCeHfBiO6,OQMD,1,3.109,3.109,3.109,,0.0
CaCeHfCoO6,OQMD,1,1.057,1.057,1.057,,0.0
CaCeHfFeO6,OQMD,1,2.3979999999999997,2.3979999999999997,2.3979999999999997,,0.0
CaCeHfIrO6,OQMD,1,1.8119999999999994,1.8119999999999994,1.8119999999999994,,0.0
CaCeHfMnO6,OQMD,1,1.0550000000000002,1.0550000000000002,1.0550000000000002,,0.0
CaCeHfRhO6,OQMD,1,1.6620000000000008,1.6620000000000008,1.6620000000000008,,0.0
CaCeHfSbO6,OQMD,1,2.7910000000000004,2.7910000000000004,2.7910000000000004,,0.0
CaCeHfTlO6,OQMD,1,2.8229999999999995,2.8229999999999995,2.8229999999999995,,0.0
CaCeMgVO6,OQMD,1,2.2030000000000003,2.2030000000000003,2.2030000000000003,,0.0
CaCeMnVO6,OQMD,1,0.7410000000000005,0.7410000000000005,0.7410000000000005,,0.0
CaCeNbCdO6,OQMD,1,3.421,3.421,3.421,,0.0
CaCeNbCuO6,OQMD,1,1.1920000000000002,1.1920000000000002,1.1920000000000002,,0.0
CaCeNbPtO6,OQMD,1,1.8040000000000003,1.8040000000000003,1.8040000000000003,,0.0
CaCeSc2O6,OQMD,1,0.401,0.401,0.401,,0.0
CaCeTaCdO6,OQMD,1,4.027,4.027,4.027,,0.0
CaCeTaCuO6,OQMD,1,1.2389999999999999,1.2389999999999999,1.2389999999999999,,0.0
CaCeTiAuO6,OQMD,1,1.459,1.459,1.459,,0.0
CaCeTiBiO6,OQMD,1,2.034,2.034,2.034,,0.0
CaCeTiCoO6,OQMD,1,0.8929999999999998,0.8929999999999998,0.8929999999999998,,0.0
CaCeTiFeO6,OQMD,1,1.9320000000000004,1.9320000000000004,1.9320000000000004,,0.0
CaCeTiInO6,OQMD,1,3.222,3.222,3.222,,0.0
CaCeTiIrO6,OQMD,1,1.1849999999999996,1.1849999999999996,1.1849999999999996,,0.0
CaCeTiMnO6,OQMD,1,0.5889999999999995,0.5889999999999995,0.5889999999999995,,0.0
CaCeTiRhO6,OQMD,1,1.1870000000000003,1.1870000000000003,1.1870000000000003,,0.0
CaCeTiSbO6,OQMD,1,1.875,1.875,1.875,,0.0
CaCeTiTlO6,OQMD,1,2.337,2.337,2.337,,0.0
CaCeVCdO6,OQMD,1,2.195,2.195,2.195,,0.0
CaCeVCoO6,OQMD,1,1.3410000000000002,1.3410000000000002,1.3410000000000002,,0.0
CaCeVCuO6,OQMD,1,0.4449999999999994,0.4449999999999994,0.4449999999999994,,0.0
CaCeVFeO6,OQMD,1,1.186,1.186,1.186,,0.0
CaCeVNiO6,OQMD,1,2.0940000000000003,2.0940000000000003,2.0940000000000003,,0.0
CaCeVPtO6,OQMD,1,1.351,1.351,1.351,,0.0
CaCeVZnO6,OQMD,1,2.0770000000000004,2.0770000000000004,2.0770000000000004,,0.0
CaCeZrAuO6,OQMD,1,0.8140000000000001,0.8140000000000001,0.8140000000000001,,0.0
CaCeZrBiO6,OQMD,1,3.04,3.04,3.04,,0.0
CaCeZrCoO6,OQMD,1,1.0219999999999998,1.0219999999999998,1.0219999999999998,,0.0
CaCeZrFeO6,OQMD,1,2.464,2.464,2.464,,0.0
CaCeZrIrO6,OQMD,1,1.6440000000000001,1.6440000000000001,1.6440000000000001,,0.0
CaCeZrMnO6,OQMD,1,1.2270000000000003,1.2270000000000003,1.2270000000000003,,0.0
CaCeZrNiO6,OQMD,1,1.0330000000000004,1.0330000000000004,1.0330000000000004,,0.0
CaCeZrRhO6,OQMD,1,1.6420000000000003,1.6420000000000003,1.6420000000000003,,0.0
CaCeZrRuO6,OQMD,1,1.4339999999999993,1.4339999999999993,1.4339999999999993,,0.0
CaCeZrSbO6,OQMD,1,2.615,2.615,2.615,,0.0
CaCeZrTlO6,OQMD,1,3.055,3.055,3.055,,0.0
CaCo(BO3)2,OQMD,1,0.34399999999999986,0.34399999999999986,0.34399999999999986,,0.0
CaCo(BiO3)2,OQMD,1,0.5709999999999997,0.5709999999999997,0.5709999999999997,,0.0
CaCo(CO3)2,OQMD,1,2.874,2.874,2.874,,0.0
CaCo(GeO3)2,MP,2,1.696,1.2006000000000001,2.1914,0.700601398799631,0.9907999999999997
CaCo(SiO3)2,AFLOW,5,4.0407,4.0194,4.0443,0.010272633547440894,0.0248999999999997
CaCo(SiO3)2,MP,2,2.0741999999999994,1.1736,2.9747999999999992,1.273640734273209,1.8011999999999992
CaCo(SiO3)2,OQMD,1,1.215,1.215,1.215,,0.0
CaCo(TeO3)2,OQMD,1,1.2570000000000001,1.2570000000000001,1.2570000000000001,,0.0
CaCo2(AsO4)2,OQMD,1,2.205,2.205,2.205,,0.0
CaCo2(PO4)2,MP,1,2.5259,2.5259,2.5259,,0.0
CaCo2(PO4)2,OQMD,1,0.234,0.234,0.234,,0.0
CaCo3(CO3)4,OQMD,1,2.643,2.643,2.643,,0.0
CaCo3(GeO3)4,OQMD,1,1.8470000000000004,1.8470000000000004,1.8470000000000004,,0.0
CaCo3(PtO3)4,OQMD,1,0.516,0.516,0.516,,0.0
CaCo3(SiO3)4,OQMD,1,2.817000000000001,2.817000000000001,2.817000000000001,,0.0
CaCo3(SnO3)4,OQMD,1,1.4580000000000002,1.4580000000000002,1.4580000000000002,,0.0
CaCoO3,OQMD,3,0.222,0.21799999999999997,0.547,0.18880413131073168,0.32900000000000007
CaCr(BO3)2,OQMD,1,0.5680000000000001,0.5680000000000001,0.5680000000000001,,0.0
CaCr(GeO3)2,MP,3,0.690399999999999,0.336999999999999,0.9486000000000001,0.3070323978562094,0.611600000000001
CaCr(SiO3)2,MP,1,2.6023,2.6023,2.6023,,0.0
CaCr(SiO3)2,OQMD,1,1.8869999999999996,1.8869999999999996,1.8869999999999996,,0.0
CaCr2(CuO4)2,MP,1,0.46130000000000004,0.46130000000000004,0.46130000000000004,,0.0
CaCr2(PO4)2,AFLOW,1,2.0451,2.0451,2.0451,,0.0
CaCr2(PO4)2,MP,1,2.160599999999999,2.160599999999999,2.160599999999999,,0.0
CaCr2NiO6,OQMD,1,1.133,1.133,1.133,,0.0
CaCr3(CO3)4,OQMD,1,1.101,1.101,1.101,,0.0
CaCr3(GeO3)4,OQMD,1,1.077,1.077,1.077,,0.0
CaCr3(SiO3)4,OQMD,1,3.293,3.293,3.293,,0.0
CaCr3(SnO3)4,OQMD,1,0.923,0.923,0.923,,0.0
CaCrO3,OQMD,3,0.541,0.541,1.198,0.3793191268575841,0.6569999999999999
CaCu(GeO3)2,AFLOW,12,1.71205,1.2007,1.7203,0.25096916311238987,0.5195999999999998
CaCu(SiO3)2,MP,1,0.48280000000000006,0.48280000000000006,0.48280000000000006,,0.0
CaCu(SiO3)2,OQMD,1,0.22599999999999998,0.22599999999999998,0.22599999999999998,,0.0
CaCu2(MoO4)2,MP,1,1.3141,1.3141,1.3141,,0.0
CaCu2(SnO4)2,MP,1,0.5472,0.5472,0.5472,,0.0
CaCu2(WO4)2,MP,1,1.378899999999999,1.378899999999999,1.378899999999999,,0.0
CaCu3(GeO3)4,AFLOW,2,1.7196500000000001,1.7149,1.7244,0.006717514421272168,0.009499999999999842
CaCu3(GeO3)4,JARVIS,1,0.823,0.823,0.823,,0.0
CaCu3(GeO3)4,MP,1,0.7027999999999991,0.7027999999999991,0.7027999999999991,,0.0
CaCu3(GeO3)4,OQMD,1,1.2960000000000003,1.2960000000000003,1.2960000000000003,,0.0
CaCu3(MoO3)4,MP,1,0.0994,0.0994,0.0994,,0.0
CaCu3(PtO3)4,AFLOW,1,0.6152,0.6152,0.6152,,0.0
CaCu3(PtO3)4,OQMD,1,0.595,0.595,0.595,,0.0
CaCu3(SnO3)4,AFLOW,2,0.71275,0.7126,0.7129,0.00021213203435594088,0.00029999999999996696
CaCu3(SnO3)4,JARVIS,2,0.727,0.727,0.727,0.0,0.0
CaCu3(SnO3)4,MP,1,0.39970000000000006,0.39970000000000006,0.39970000000000006,,0.0
CaDy2MnO6,OQMD,1,2.521,2.521,2.521,,0.0
CaDyHfAuO6,OQMD,1,1.3920000000000003,1.3920000000000003,1.3920000000000003,,0.0
CaDyHfBiO6,OQMD,1,3.314,3.314,3.314,,0.0
CaDyHfCoO6,OQMD,1,2.365,2.365,2.365,,0.0
CaDyHfFeO6,OQMD,1,2.3989999999999996,2.3989999999999996,2.3989999999999996,,0.0
CaDyHfIrO6,OQMD,1,1.9809999999999999,1.9809999999999999,1.9809999999999999,,0.0
CaDyHfMnO6,OQMD,1,0.7050000000000001,0.7050000000000001,0.7050000000000001,,0.0
CaDyHfNiO6,OQMD,1,0.9950000000000001,0.9950000000000001,0.9950000000000001,,0.0
CaDyHfRhO6,OQMD,1,1.5669999999999993,1.5669999999999993,1.5669999999999993,,0.0
CaDyHfSbO6,OQMD,1,3.0109999999999992,3.0109999999999992,3.0109999999999992,,0.0
CaDyHfTlO6,OQMD,1,2.786,2.786,2.786,,0.0
CaDyMgVO6,OQMD,1,2.3699999999999997,2.3699999999999997,2.3699999999999997,,0.0
CaDyMnVO6,OQMD,1,0.5670000000000002,0.5670000000000002,0.5670000000000002,,0.0
CaDyNbCdO6,OQMD,1,3.3609999999999998,3.3609999999999998,3.3609999999999998,,0.0
CaDyNbCuO6,OQMD,1,0.8769999999999998,0.8769999999999998,0.8769999999999998,,0.0
CaDyNbPtO6,OQMD,1,1.0389999999999997,1.0389999999999997,1.0389999999999997,,0.0
CaDyTaCdO6,OQMD,1,4.101999999999999,4.101999999999999,4.101999999999999,,0.0
CaDyTaCuO6,OQMD,1,1.262,1.262,1.262,,0.0
CaDyTiBiO6,OQMD,1,2.2299999999999995,2.2299999999999995,2.2299999999999995,,0.0
CaDyTiCoO6,OQMD,1,1.912,1.912,1.912,,0.0
CaDyTiFeO6,OQMD,1,1.928,1.928,1.928,,0.0
CaDyTiIrO6,OQMD,1,1.1340000000000003,1.1340000000000003,1.1340000000000003,,0.0
CaDyTiMnO6,OQMD,1,0.3400000000000003,0.3400000000000003,0.3400000000000003,,0.0
CaDyTiNiO6,OQMD,1,0.8070000000000004,0.8070000000000004,0.8070000000000004,,0.0
CaDyTiRhO6,OQMD,1,1.1339999999999995,1.1339999999999995,1.1339999999999995,,0.0
CaDyTiSbO6,OQMD,1,1.859,1.859,1.859,,0.0
CaDyTiTlO6,OQMD,1,2.4430000000000005,2.4430000000000005,2.4430000000000005,,0.0
CaDyVCdO6,OQMD,1,2.122,2.122,2.122,,0.0
CaDyVCoO6,OQMD,1,1.376,1.376,1.376,,0.0
CaDyVCuO6,OQMD,1,0.5659999999999998,0.5659999999999998,0.5659999999999998,,0.0
CaDyVFeO6,OQMD,1,1.2509999999999994,1.2509999999999994,1.2509999999999994,,0.0
CaDyVNiO6,OQMD,1,2.0740000000000003,2.0740000000000003,2.0740000000000003,,0.0
CaDyVPtO6,OQMD,1,1.2640000000000002,1.2640000000000002,1.2640000000000002,,0.0
CaDyVZnO6,OQMD,1,2.1500000000000004,2.1500000000000004,2.1500000000000004,,0.0
CaDyZrAuO6,OQMD,1,1.6450000000000005,1.6450000000000005,1.6450000000000005,,0.0
CaDyZrBiO6,OQMD,1,3.269,3.269,3.269,,0.0
CaDyZrCoO6,OQMD,1,1.246,1.246,1.246,,0.0
CaDyZrFeO6,OQMD,1,2.2709999999999995,2.2709999999999995,2.2709999999999995,,0.0
CaDyZrIrO6,OQMD,1,1.662,1.662,1.662,,0.0
CaDyZrMnO6,OQMD,1,0.6199999999999997,0.6199999999999997,0.6199999999999997,,0.0
CaDyZrNiO6,OQMD,1,1.044,1.044,1.044,,0.0
CaDyZrRhO6,OQMD,1,1.4539999999999997,1.4539999999999997,1.4539999999999997,,0.0
CaDyZrSbO6,OQMD,1,2.84,2.84,2.84,,0.0
CaDyZrTlO6,OQMD,1,2.88,2.88,2.88,,0.0
CaEr2MnO6,OQMD,1,2.5999999999999996,2.5999999999999996,2.5999999999999996,,0.0
CaEr4Zr4O14,MP,2,0.3520999999999995,0.19179999999999903,0.5124000000000001,0.22669843404840787,0.32060000000000105
CaErHfBiO6,OQMD,1,3.3569999999999993,3.3569999999999993,3.3569999999999993,,0.0
CaErHfCoO6,OQMD,1,2.2430000000000003,2.2430000000000003,2.2430000000000003,,0.0
CaErHfFeO6,OQMD,1,2.263,2.263,2.263,,0.0
CaErHfIrO6,OQMD,1,1.9889999999999999,1.9889999999999999,1.9889999999999999,,0.0
CaErHfMnO6,OQMD,1,0.7080000000000002,0.7080000000000002,0.7080000000000002,,0.0
CaErHfNiO6,OQMD,1,1.1400000000000001,1.1400000000000001,1.1400000000000001,,0.0
CaErHfRhO6,OQMD,1,1.5739999999999998,1.5739999999999998,1.5739999999999998,,0.0
CaErHfSbO6,OQMD,1,3.157,3.157,3.157,,0.0
CaErHfTlO6,OQMD,1,2.805,2.805,2.805,,0.0
CaErMgVO6,OQMD,1,2.2249999999999996,2.2249999999999996,2.2249999999999996,,0.0
CaErMnVO6,OQMD,1,0.7050000000000001,0.7050000000000001,0.7050000000000001,,0.0
CaErNbCdO6,OQMD,1,3.376,3.376,3.376,,0.0
CaErNbCuO6,OQMD,1,1.0329999999999995,1.0329999999999995,1.0329999999999995,,0.0
CaErNbPtO6,OQMD,1,1.354,1.354,1.354,,0.0
CaErTaCdO6,OQMD,1,4.114000000000001,4.114000000000001,4.114000000000001,,0.0
CaErTaCuO6,OQMD,1,1.5819999999999999,1.5819999999999999,1.5819999999999999,,0.0
CaErTiAuO6,OQMD,1,0.6960000000000002,0.6960000000000002,0.6960000000000002,,0.0
CaErTiBiO6,OQMD,1,2.293,2.293,2.293,,0.0
CaErTiCoO6,OQMD,1,1.7569999999999997,1.7569999999999997,1.7569999999999997,,0.0
CaErTiFeO6,OQMD,1,2.006,2.006,2.006,,0.0
CaErTiIrO6,OQMD,1,1.1790000000000003,1.1790000000000003,1.1790000000000003,,0.0
CaErTiMnO6,OQMD,1,0.3520000000000003,0.3520000000000003,0.3520000000000003,,0.0
CaErTiNiO6,OQMD,1,0.8380000000000001,0.8380000000000001,0.8380000000000001,,0.0
CaErTiRhO6,OQMD,1,1.1829999999999998,1.1829999999999998,1.1829999999999998,,0.0
CaErTiSbO6,OQMD,1,1.9340000000000002,1.9340000000000002,1.9340000000000002,,0.0
CaErTiTlO6,OQMD,1,2.4200000000000004,2.4200000000000004,2.4200000000000004,,0.0
CaErVCdO6,OQMD,1,2.0909999999999997,2.0909999999999997,2.0909999999999997,,0.0
CaErVCoO6,OQMD,1,1.4290000000000003,1.4290000000000003,1.4290000000000003,,0.0
CaErVCuO6,OQMD,1,0.5860000000000003,0.5860000000000003,0.5860000000000003,,0.0
CaErVFeO6,OQMD,1,1.2960000000000003,1.2960000000000003,1.2960000000000003,,0.0
CaErVNiO6,OQMD,1,2.0380000000000003,2.0380000000000003,2.0380000000000003,,0.0
CaErVPtO6,OQMD,1,1.311,1.311,1.311,,0.0
CaErVZnO6,OQMD,1,2.111,2.111,2.111,,0.0
CaErZrAuO6,OQMD,1,1.6510000000000002,1.6510000000000002,1.6510000000000002,,0.0
CaErZrBiO6,OQMD,1,3.284,3.284,3.284,,0.0
CaErZrCoO6,OQMD,1,2.2700000000000005,2.2700000000000005,2.2700000000000005,,0.0
CaErZrFeO6,OQMD,1,2.488,2.488,2.488,,0.0
CaErZrIrO6,OQMD,1,1.8810000000000002,1.8810000000000002,1.8810000000000002,,0.0
CaErZrMnO6,OQMD,1,0.8280000000000003,0.8280000000000003,0.8280000000000003,,0.0
CaErZrNiO6,OQMD,1,1.262,1.262,1.262,,0.0
CaErZrRhO6,OQMD,1,1.678,1.678,1.678,,0.0
CaErZrSbO6,OQMD,1,2.8449999999999998,2.8449999999999998,2.8449999999999998,,0.0
CaErZrTlO6,OQMD,1,3.105,3.105,3.105,,0.0
CaEu2MoO6,OQMD,5,2.167,1.9040000000000004,2.3970000000000002,0.21182020677924,0.4929999999999999
CaEu2TeO6,OQMD,5,3.734,3.63,3.998,0.1444306061747303,0.3680000000000003
CaEu2V2O8,OQMD,2,3.72,3.7170000000000005,3.723,0.004242640687118818,0.005999999999999339
CaEu2WO6,MP,1,0.6178,0.6178,0.6178,,0.0
CaEu2WO6,OQMD,6,3.1775,3.044,3.2680000000000002,0.08865382112464174,0.2240000000000002
CaEu3Sb2O9,OQMD,1,2.0889999999999995,2.0889999999999995,2.0889999999999995,,0.0
CaEu3V2O9,OQMD,1,1.7910000000000004,1.7910000000000004,1.7910000000000004,,0.0
CaEuCr2O6,OQMD,1,0.555,0.555,0.555,,0.0
CaEuHf2O6,OQMD,2,4.0945,3.819,4.37,0.3896158364337878,0.5510000000000002
CaEuTi2O6,OQMD,1,1.922,1.922,1.922,,0.0
CaEuZr2O6,OQMD,2,3.601,3.493,3.709,0.15273506473629442,0.2160000000000002
CaFe(CO3)2,OQMD,1,2.995,2.995,2.995,,0.0
CaFe(GeO3)2,AFLOW,1,1.2116,1.2116,1.2116,,0.0
CaFe(GeO3)2,MP,3,1.8711000000000002,1.6032000000000002,2.132199999999999,0.26450728408369606,0.528999999999999
CaFe(GeO3)2,OQMD,1,1.4999999999999996,1.4999999999999996,1.4999999999999996,,0.0
CaFe(SiO3)2,AFLOW,25,2.8214,2.8083,2.8344,0.006203157797982158,0.026100000000000012
CaFe(SiO3)2,JARVIS,1,0.17,0.17,0.17,,0.0
CaFe(SiO3)2,MP,2,3.642499999999999,3.594799999999999,3.6902,0.06745798692519721,0.09540000000000104
CaFe(SiO3)2,OQMD,1,3.05,3.05,3.05,,0.0
CaFe(TeO3)2,OQMD,1,2.0869999999999997,2.0869999999999997,2.0869999999999997,,0.0
CaFe2(PO4)2,MP,1,3.807199999999999,3.807199999999999,3.807199999999999,,0.0
CaFe3(CO3)4,OQMD,1,2.8880000000000003,2.8880000000000003,2.8880000000000003,,0.0
CaFe3(GeO3)4,OQMD,1,1.7199999999999998,1.7199999999999998,1.7199999999999998,,0.0
CaFe3(PtO3)4,OQMD,1,0.49299999999999944,0.49299999999999944,0.49299999999999944,,0.0
CaFe3(SeO3)4,OQMD,1,0.21399999999999952,0.21399999999999952,0.21399999999999952,,0.0
CaFe3(SiO3)4,MP,1,2.9331,2.9331,2.9331,,0.0
CaFe3(SiO3)4,OQMD,1,3.7989999999999995,3.7989999999999995,3.7989999999999995,,0.0
CaFe3(SnO3)4,OQMD,1,0.9430000000000005,0.9430000000000005,0.9430000000000005,,0.0
CaFe3(TeO3)4,OQMD,1,0.32099999999999973,0.32099999999999973,0.32099999999999973,,0.0
CaFe3Si2O9,MP,3,1.5845,1.150599999999999,1.8425,0.3496566935342919,0.6919000000000011
CaGa2As2O7,OQMD,1,3.924,3.924,3.924,,0.0
CaGa2B2O7,OQMD,1,4.107,4.107,4.107,,0.0
CaGa2SnO6,OQMD,1,3.49,3.49,3.49,,0.0
CaGd2MnO6,OQMD,1,2.56,2.56,2.56,,0.0
CaGdHfBiO6,OQMD,1,3.2619999999999996,3.2619999999999996,3.2619999999999996,,0.0
CaGdHfCoO6,OQMD,1,2.325,2.325,2.325,,0.0
CaGdHfFeO6,OQMD,1,2.351,2.351,2.351,,0.0
CaGdHfIrO6,OQMD,1,1.8049999999999997,1.8049999999999997,1.8049999999999997,,0.0
CaGdHfMnO6,OQMD,1,0.6920000000000002,0.6920000000000002,0.6920000000000002,,0.0
CaGdHfNiO6,OQMD,1,0.9750000000000001,0.9750000000000001,0.9750000000000001,,0.0
CaGdHfRhO6,OQMD,1,1.6710000000000003,1.6710000000000003,1.6710000000000003,,0.0
CaGdHfSbO6,OQMD,1,2.846,2.846,2.846,,0.0
CaGdHfTlO6,OQMD,1,2.872,2.872,2.872,,0.0
CaGdMgVO6,OQMD,1,2.2520000000000002,2.2520000000000002,2.2520000000000002,,0.0
CaGdMnVO6,OQMD,1,0.6499999999999995,0.6499999999999995,0.6499999999999995,,0.0
CaGdNbCdO6,OQMD,1,3.467,3.467,3.467,,0.0
CaGdNbCuO6,OQMD,1,0.8679999999999994,0.8679999999999994,0.8679999999999994,,0.0
CaGdNbPtO6,OQMD,1,1.1640000000000006,1.1640000000000006,1.1640000000000006,,0.0
CaGdTaCdO6,OQMD,1,4.023999999999999,4.023999999999999,4.023999999999999,,0.0
CaGdTaCuO6,OQMD,1,1.3959999999999995,1.3959999999999995,1.3959999999999995,,0.0
CaGdTiAuO6,OQMD,1,1.169,1.169,1.169,,0.0
CaGdTiBiO6,OQMD,1,2.202,2.202,2.202,,0.0
CaGdTiCoO6,OQMD,1,1.0790000000000002,1.0790000000000002,1.0790000000000002,,0.0
CaGdTiFeO6,OQMD,1,1.9450000000000003,1.9450000000000003,1.9450000000000003,,0.0
CaGdTiIrO6,OQMD,1,1.194,1.194,1.194,,0.0
CaGdTiMnO6,OQMD,1,0.4300000000000006,0.4300000000000006,0.4300000000000006,,0.0
CaGdTiNiO6,OQMD,1,0.7689999999999997,0.7689999999999997,0.7689999999999997,,0.0
CaGdTiRhO6,OQMD,1,1.0810000000000004,1.0810000000000004,1.0810000000000004,,0.0
CaGdTiSbO6,OQMD,1,1.891,1.891,1.891,,0.0
CaGdTiTlO6,OQMD,1,2.342,2.342,2.342,,0.0
CaGdVCdO6,OQMD,1,2.026,2.026,2.026,,0.0
CaGdVCoO6,OQMD,1,1.4189999999999996,1.4189999999999996,1.4189999999999996,,0.0
CaGdVCuO6,OQMD,1,0.536,0.536,0.536,,0.0
CaGdVFeO6,OQMD,1,1.2950000000000008,1.2950000000000008,1.2950000000000008,,0.0
CaGdVNiO6,OQMD,1,2.083,2.083,2.083,,0.0
CaGdVPtO6,OQMD,1,1.2060000000000004,1.2060000000000004,1.2060000000000004,,0.0
CaGdVZnO6,OQMD,1,2.151,2.151,2.151,,0.0
CaGdZrBiO6,OQMD,1,3.239,3.239,3.239,,0.0
CaGdZrCoO6,OQMD,1,1.23,1.23,1.23,,0.0
CaGdZrFeO6,OQMD,1,2.45,2.45,2.45,,0.0
CaGdZrIrO6,OQMD,1,1.8449999999999998,1.8449999999999998,1.8449999999999998,,0.0
CaGdZrMnO6,OQMD,1,0.8179999999999996,0.8179999999999996,0.8179999999999996,,0.0
CaGdZrNiO6,OQMD,1,1.0339999999999998,1.0339999999999998,1.0339999999999998,,0.0
CaGdZrRhO6,OQMD,1,1.6419999999999995,1.6419999999999995,1.6419999999999995,,0.0
CaGdZrSbO6,OQMD,1,2.822,2.822,2.822,,0.0
CaGdZrTlO6,OQMD,1,2.8449999999999998,2.8449999999999998,2.8449999999999998,,0.0
CaGe(BO3)2,OQMD,3,4.778,4.776,4.8149999999999995,0.021962088546705515,0.0389999999999997
CaGe2WO6,MP,2,1.8029999999999995,1.4485000000000001,2.157499999999999,0.5013387078612613,0.7089999999999987
CaGe3Sb2O9,OQMD,1,1.6280000000000001,1.6280000000000001,1.6280000000000001,,0.0
CaGe4(PdO4)3,OQMD,1,0.9270000000000005,0.9270000000000005,0.9270000000000005,,0.0
CaGe4(PtO4)3,OQMD,1,0.2729999999999997,0.2729999999999997,0.2729999999999997,,0.0
CaGeO3,OQMD,10,2.1875,1.9459999999999997,4.055,0.8215081591533681,2.109
CaHf(BO3)2,OQMD,1,5.195,5.195,5.195,,0.0
CaHf4(CuO4)3,OQMD,1,1.318,1.318,1.318,,0.0
CaHf4(FeO4)3,OQMD,1,2.957,2.957,2.957,,0.0
CaHfAl2O6,OQMD,1,5.189,5.189,5.189,,0.0
CaHfO3,OQMD,14,4.285,0.268,5.346,1.3686292251899181,5.078
CaHfScBiO6,OQMD,1,3.4910000000000005,3.4910000000000005,3.4910000000000005,,0.0
CaHfScCoO6,OQMD,1,2.263,2.263,2.263,,0.0
CaHfScFeO6,OQMD,1,2.08,2.08,2.08,,0.0
CaHfScIrO6,OQMD,1,2.0889999999999995,2.0889999999999995,2.0889999999999995,,0.0
CaHfScMnO6,OQMD,1,0.8320000000000007,0.8320000000000007,0.8320000000000007,,0.0
CaHfScNiO6,OQMD,1,1.2670000000000003,1.2670000000000003,1.2670000000000003,,0.0
CaHfScRhO6,OQMD,1,1.6749999999999998,1.6749999999999998,1.6749999999999998,,0.0
CaHfScSbO6,OQMD,1,3.0329999999999995,3.0329999999999995,3.0329999999999995,,0.0
CaHfScTlO6,OQMD,1,2.8810000000000002,2.8810000000000002,2.8810000000000002,,0.0
CaHg(TeO3)2,OQMD,1,1.943,1.943,1.943,,0.0
CaHg3(GeO3)4,OQMD,1,0.6450000000000005,0.6450000000000005,0.6450000000000005,,0.0
CaHo(MoO3)2,MP,1,1.3182,1.3182,1.3182,,0.0
CaHo(WO3)2,MP,1,2.114899999999999,2.114899999999999,2.114899999999999,,0.0
CaHo2MnO6,OQMD,1,2.554,2.554,2.554,,0.0
CaHoHfBiO6,OQMD,1,3.3260000000000005,3.3260000000000005,3.3260000000000005,,0.0
CaHoHfCoO6,OQMD,1,2.24,2.24,2.24,,0.0
CaHoHfFeO6,OQMD,1,2.4000000000000004,2.4000000000000004,2.4000000000000004,,0.0
CaHoHfIrO6,OQMD,1,1.9869999999999992,1.9869999999999992,1.9869999999999992,,0.0
CaHoHfMnO6,OQMD,1,0.7050000000000001,0.7050000000000001,0.7050000000000001,,0.0
CaHoHfNiO6,OQMD,1,1.1390000000000002,1.1390000000000002,1.1390000000000002,,0.0
CaHoHfRhO6,OQMD,1,1.7149999999999999,1.7149999999999999,1.7149999999999999,,0.0
CaHoHfSbO6,OQMD,1,3.0120000000000005,3.0120000000000005,3.0120000000000005,,0.0
CaHoHfTlO6,OQMD,1,2.791,2.791,2.791,,0.0
CaHoMgVO6,OQMD,1,2.3049999999999997,2.3049999999999997,2.3049999999999997,,0.0
CaHoMnVO6,OQMD,1,0.577,0.577,0.577,,0.0
CaHoNbCdO6,OQMD,1,3.5119999999999996,3.5119999999999996,3.5119999999999996,,0.0
CaHoNbCuO6,OQMD,1,0.8799999999999999,0.8799999999999999,0.8799999999999999,,0.0
CaHoNbPtO6,OQMD,1,1.1949999999999994,1.1949999999999994,1.1949999999999994,,0.0
CaHoTaCdO6,OQMD,1,4.106,4.106,4.106,,0.0
CaHoTiAuO6,OQMD,1,0.45500000000000007,0.45500000000000007,0.45500000000000007,,0.0
CaHoTiBiO6,OQMD,1,2.2570000000000006,2.2570000000000006,2.2570000000000006,,0.0
CaHoTiCoO6,OQMD,1,1.838,1.838,1.838,,0.0
CaHoTiFeO6,OQMD,1,1.9650000000000003,1.9650000000000003,1.9650000000000003,,0.0
CaHoTiIrO6,OQMD,1,1.1550000000000002,1.1550000000000002,1.1550000000000002,,0.0
CaHoTiMnO6,OQMD,1,0.34600000000000053,0.34600000000000053,0.34600000000000053,,0.0
CaHoTiNiO6,OQMD,1,0.8209999999999997,0.8209999999999997,0.8209999999999997,,0.0
CaHoTiRhO6,OQMD,1,1.1589999999999998,1.1589999999999998,1.1589999999999998,,0.0
CaHoTiSbO6,OQMD,1,1.8970000000000002,1.8970000000000002,1.8970000000000002,,0.0
CaHoTiTlO6,OQMD,1,2.4909999999999997,2.4909999999999997,2.4909999999999997,,0.0
CaHoV2O6,MP,1,1.1093,1.1093,1.1093,,0.0
CaHoVCdO6,OQMD,1,2.1609999999999996,2.1609999999999996,2.1609999999999996,,0.0
CaHoVCoO6,OQMD,1,1.4020000000000001,1.4020000000000001,1.4020000000000001,,0.0
CaHoVCuO6,OQMD,1,0.577,0.577,0.577,,0.0
CaHoVFeO6,OQMD,1,1.2730000000000006,1.2730000000000006,1.2730000000000006,,0.0
CaHoVNiO6,OQMD,1,2.1100000000000003,2.1100000000000003,2.1100000000000003,,0.0
CaHoVPtO6,OQMD,1,1.29,1.29,1.29,,0.0
CaHoVZnO6,OQMD,1,2.187,2.187,2.187,,0.0
CaHoZrAuO6,OQMD,1,1.8530000000000002,1.8530000000000002,1.8530000000000002,,0.0
CaHoZrBiO6,OQMD,1,3.2729999999999997,3.2729999999999997,3.2729999999999997,,0.0
CaHoZrCoO6,OQMD,1,1.2479999999999998,1.2479999999999998,1.2479999999999998,,0.0
CaHoZrFeO6,OQMD,1,2.49,2.49,2.49,,0.0
CaHoZrIrO6,OQMD,1,1.665,1.665,1.665,,0.0
CaHoZrMnO6,OQMD,1,0.8289999999999997,0.8289999999999997,0.8289999999999997,,0.0
CaHoZrNiO6,OQMD,1,1.2559999999999998,1.2559999999999998,1.2559999999999998,,0.0
CaHoZrRhO6,OQMD,1,1.4590000000000005,1.4590000000000005,1.4590000000000005,,0.0
CaHoZrSbO6,OQMD,1,2.846,2.846,2.846,,0.0
CaHoZrTlO6,OQMD,1,3.095,3.095,3.095,,0.0
CaIn2SnO6,OQMD,1,2.4589999999999996,2.4589999999999996,2.4589999999999996,,0.0
CaLa2CoO6,MP,3,0.7228000000000001,0.10540000000000001,1.4128999999999992,0.6540867704925187,1.3074999999999992
CaLa2CoO6,OQMD,1,1.4329999999999998,1.4329999999999998,1.4329999999999998,,0.0
CaLa2CrO6,OQMD,1,1.2460000000000004,1.2460000000000004,1.2460000000000004,,0.0
CaLa2GeO6,OQMD,1,4.438000000000001,4.438000000000001,4.438000000000001,,0.0
CaLa2HfO6,OQMD,2,4.484500000000001,4.4510000000000005,4.518000000000001,0.0473761543394988,0.06700000000000017
CaLa2MnO6,MP,1,2.347200000000001,2.347200000000001,2.347200000000001,,0.0
CaLa2MnO6,OQMD,1,2.4909999999999997,2.4909999999999997,2.4909999999999997,,0.0
CaLa2MoO6,MP,1,1.4188,1.4188,1.4188,,0.0
CaLa2NbO6,OQMD,1,0.5340000000000007,0.5340000000000007,0.5340000000000007,,0.0
CaLa2ReO6,OQMD,2,0.6595000000000004,0.6550000000000011,0.6639999999999997,0.006363961030677913,0.008999999999998565
CaLa2RuO6,OQMD,1,0.4029999999999996,0.4029999999999996,0.4029999999999996,,0.0
CaLa2SnO6,JARVIS,1,4.326,4.326,4.326,,0.0
CaLa2SnO6,MP,1,3.892799999999999,3.892799999999999,3.892799999999999,,0.0
CaLa2SnO6,OQMD,1,4.275,4.275,4.275,,0.0
CaLa2TaO6,OQMD,1,0.2889999999999997,0.2889999999999997,0.2889999999999997,,0.0
CaLa2TeO6,OQMD,2,2.343,2.2139999999999995,2.4720000000000004,0.1824335495461299,0.2580000000000009
CaLa2TiO6,MP,1,3.1705,3.1705,3.1705,,0.0
CaLa2TiO6,OQMD,2,3.1925,3.1149999999999993,3.2700000000000005,0.10960155108391567,0.15500000000000114
CaLa2VO6,MP,1,1.785899999999999,1.785899999999999,1.785899999999999,,0.0
CaLa2VO6,OQMD,2,1.7330000000000005,1.7020000000000008,1.7640000000000002,0.043840620433565514,0.06199999999999939
CaLa2WO6,MP,1,2.0397,2.0397,2.0397,,0.0
CaLa2ZrO6,MP,1,2.2496,2.2496,2.2496,,0.0
CaLa2ZrO6,OQMD,1,4.458,4.458,4.458,,0.0
CaLa3Al3MoO12,OQMD,1,0.3070000000000004,0.3070000000000004,0.3070000000000004,,0.0
CaLa3AlV3O12,OQMD,1,0.5270000000000001,0.5270000000000001,0.5270000000000001,,0.0
CaLa3Cr(FeO4)3,OQMD,1,1.1880000000000002,1.1880000000000002,1.1880000000000002,,0.0
CaLa3Cr3WO12,OQMD,1,0.6719999999999997,0.6719999999999997,0.6719999999999997,,0.0
CaLa3Mn(FeO4)3,OQMD,1,0.6619999999999999,0.6619999999999999,0.6619999999999999,,0.0
CaLa3Ti3CoO12,OQMD,1,0.26200000000000045,0.26200000000000045,0.26200000000000045,,0.0
CaLa3Ti3FeO12,OQMD,1,0.26700000000000035,0.26700000000000035,0.26700000000000035,,0.0
CaLa3V(FeO4)3,OQMD,1,0.2639999999999998,0.2639999999999998,0.2639999999999998,,0.0
CaLa3V3MoO12,OQMD,1,0.30400000000000027,0.30400000000000027,0.30400000000000027,,0.0
CaLa3V3WO12,OQMD,1,0.3250000000000002,0.3250000000000002,0.3250000000000002,,0.0
CaLa3Zr3AlO12,OQMD,1,1.2049999999999992,1.2049999999999992,1.2049999999999992,,0.0
CaLa3Zr3CoO12,OQMD,1,1.3869999999999996,1.3869999999999996,1.3869999999999996,,0.0
CaLa3Zr3CrO12,OQMD,1,0.3980000000000006,0.3980000000000006,0.3980000000000006,,0.0
CaLa3Zr3VO12,OQMD,1,0.39999999999999947,0.39999999999999947,0.39999999999999947,,0.0
CaLa3ZrCr3O12,OQMD,1,0.9979999999999993,0.9979999999999993,0.9979999999999993,,0.0
CaLaAl3O7,JARVIS,1,4.438,4.438,4.438,,0.0
CaLaAl3O7,MP,2,4.3934999999999995,4.3925,4.3945,0.0014142135623732533,0.0019999999999997797
CaLaCr2O6,MP,1,0.744899999999999,0.744899999999999,0.744899999999999,,0.0
CaLaGa3O7,JARVIS,1,3.411,3.411,3.411,,0.0
CaLaGa3O7,MP,1,3.2684,3.2684,3.2684,,0.0
CaLaHfAuO6,OQMD,1,1.9060000000000001,1.9060000000000001,1.9060000000000001,,0.0
CaLaHfBiO6,OQMD,1,3.1000000000000005,3.1000000000000005,3.1000000000000005,,0.0
CaLaHfCoO6,OQMD,1,0.9639999999999995,0.9639999999999995,0.9639999999999995,,0.0
CaLaHfFeO6,OQMD,1,2.3249999999999993,2.3249999999999993,2.3249999999999993,,0.0
CaLaHfIrO6,OQMD,1,1.9239999999999995,1.9239999999999995,1.9239999999999995,,0.0
CaLaHfMnO6,OQMD,1,1.0970000000000004,1.0970000000000004,1.0970000000000004,,0.0
CaLaHfNiO6,OQMD,1,1.38,1.38,1.38,,0.0
CaLaHfRhO6,OQMD,1,1.5119999999999996,1.5119999999999996,1.5119999999999996,,0.0
CaLaHfSbO6,OQMD,1,2.8100000000000005,2.8100000000000005,2.8100000000000005,,0.0
CaLaHfTlO6,OQMD,1,2.8450000000000006,2.8450000000000006,2.8450000000000006,,0.0
CaLaMgVO6,OQMD,1,2.221,2.221,2.221,,0.0
CaLaMnVO6,OQMD,1,0.8150000000000004,0.8150000000000004,0.8150000000000004,,0.0
CaLaNbCdO6,OQMD,1,3.348,3.348,3.348,,0.0
CaLaNbCuO6,OQMD,1,1.2600000000000007,1.2600000000000007,1.2600000000000007,,0.0
CaLaNbPtO6,OQMD,1,1.8280000000000003,1.8280000000000003,1.8280000000000003,,0.0
CaLaTaCdO6,OQMD,1,4.026999999999999,4.026999999999999,4.026999999999999,,0.0
CaLaTaCuO6,OQMD,1,1.3470000000000004,1.3470000000000004,1.3470000000000004,,0.0
CaLaTiAuO6,OQMD,1,1.4369999999999998,1.4369999999999998,1.4369999999999998,,0.0
CaLaTiBiO6,OQMD,1,2.1000000000000005,2.1000000000000005,2.1000000000000005,,0.0
CaLaTiCoO6,OQMD,1,0.9460000000000006,0.9460000000000006,0.9460000000000006,,0.0
CaLaTiFeO6,OQMD,1,1.8890000000000002,1.8890000000000002,1.8890000000000002,,0.0
CaLaTiIrO6,OQMD,1,1.0860000000000003,1.0860000000000003,1.0860000000000003,,0.0
CaLaTiMnO6,OQMD,1,0.6699999999999999,0.6699999999999999,0.6699999999999999,,0.0
CaLaTiRhO6,OQMD,1,1.2149999999999999,1.2149999999999999,1.2149999999999999,,0.0
CaLaTiSbO6,OQMD,1,1.8279999999999994,1.8279999999999994,1.8279999999999994,,0.0
CaLaTiTlO6,OQMD,1,2.253,2.253,2.253,,0.0
CaLaVCdO6,OQMD,1,1.9579999999999997,1.9579999999999997,1.9579999999999997,,0.0
CaLaVCoO6,OQMD,1,1.362,1.362,1.362,,0.0
CaLaVCuO6,OQMD,1,0.6550000000000002,0.6550000000000002,0.6550000000000002,,0.0
CaLaVFeO6,OQMD,1,0.9429999999999996,0.9429999999999996,0.9429999999999996,,0.0
CaLaVNiO6,OQMD,1,1.9160000000000004,1.9160000000000004,1.9160000000000004,,0.0
CaLaVPtO6,OQMD,1,1.2299999999999995,1.2299999999999995,1.2299999999999995,,0.0
CaLaVZnO6,OQMD,1,2.091,2.091,2.091,,0.0
CaLaZrBiO6,OQMD,1,2.9450000000000003,2.9450000000000003,2.9450000000000003,,0.0
CaLaZrCoO6,OQMD,1,0.9959999999999996,0.9959999999999996,0.9959999999999996,,0.0
CaLaZrFeO6,OQMD,1,2.197,2.197,2.197,,0.0
CaLaZrIrO6,OQMD,1,1.7990000000000004,1.7990000000000004,1.7990000000000004,,0.0
CaLaZrMnO6,OQMD,1,1.1950000000000003,1.1950000000000003,1.1950000000000003,,0.0
CaLaZrNiO6,OQMD,1,1.2039999999999997,1.2039999999999997,1.2039999999999997,,0.0
CaLaZrRhO6,OQMD,1,1.4000000000000004,1.4000000000000004,1.4000000000000004,,0.0
CaLaZrSbO6,OQMD,1,2.3389999999999995,2.3389999999999995,2.3389999999999995,,0.0
CaLaZrTlO6,OQMD,1,2.774,2.774,2.774,,0.0
CaLu2SnO6,OQMD,1,3.702,3.702,3.702,,0.0
CaLuHfAuO6,OQMD,1,1.5390000000000001,1.5390000000000001,1.5390000000000001,,0.0
CaLuHfBiO6,OQMD,1,3.436,3.436,3.436,,0.0
CaLuHfCoO6,OQMD,1,2.37,2.37,2.37,,0.0
CaLuHfFeO6,OQMD,1,2.5500000000000003,2.5500000000000003,2.5500000000000003,,0.0
CaLuHfIrO6,OQMD,1,1.9820000000000002,1.9820000000000002,1.9820000000000002,,0.0
CaLuHfMnO6,OQMD,1,0.8479999999999999,0.8479999999999999,0.8479999999999999,,0.0
CaLuHfRhO6,OQMD,1,1.702,1.702,1.702,,0.0
CaLuHfSbO6,OQMD,1,3.1609999999999996,3.1609999999999996,3.1609999999999996,,0.0
CaLuHfTlO6,OQMD,1,2.797,2.797,2.797,,0.0
CaLuMgVO6,OQMD,1,2.2169999999999996,2.2169999999999996,2.2169999999999996,,0.0
CaLuMnVO6,OQMD,1,0.742,0.742,0.742,,0.0
CaLuNbCdO6,OQMD,1,3.3790000000000004,3.3790000000000004,3.3790000000000004,,0.0
CaLuNbCuO6,OQMD,1,1.0330000000000004,1.0330000000000004,1.0330000000000004,,0.0
CaLuTaCdO6,OQMD,1,4.095,4.095,4.095,,0.0
CaLuTaCuO6,OQMD,1,1.585,1.585,1.585,,0.0
CaLuTaPdO6,OQMD,1,0.31400000000000006,0.31400000000000006,0.31400000000000006,,0.0
CaLuTiAuO6,OQMD,1,0.48999999999999977,0.48999999999999977,0.48999999999999977,,0.0
CaLuTiBiO6,OQMD,1,2.2809999999999997,2.2809999999999997,2.2809999999999997,,0.0
CaLuTiCoO6,OQMD,1,1.8490000000000002,1.8490000000000002,1.8490000000000002,,0.0
CaLuTiFeO6,OQMD,1,1.984,1.984,1.984,,0.0
CaLuTiIrO6,OQMD,1,1.2400000000000002,1.2400000000000002,1.2400000000000002,,0.0
CaLuTiMnO6,OQMD,1,0.37100000000000044,0.37100000000000044,0.37100000000000044,,0.0
CaLuTiNiO6,OQMD,1,0.8719999999999999,0.8719999999999999,0.8719999999999999,,0.0
CaLuTiRhO6,OQMD,1,1.1180000000000003,1.1180000000000003,1.1180000000000003,,0.0
CaLuTiSbO6,OQMD,1,1.9219999999999997,1.9219999999999997,1.9219999999999997,,0.0
CaLuTiTlO6,OQMD,1,2.3109999999999995,2.3109999999999995,2.3109999999999995,,0.0
CaLuVCdO6,OQMD,1,2.073,2.073,2.073,,0.0
CaLuVCoO6,OQMD,1,1.488,1.488,1.488,,0.0
CaLuVCuO6,OQMD,1,0.6180000000000003,0.6180000000000003,0.6180000000000003,,0.0
CaLuVFeO6,OQMD,1,1.242,1.242,1.242,,0.0
CaLuVNiO6,OQMD,1,2.119,2.119,2.119,,0.0
CaLuVPtO6,OQMD,1,1.2460000000000004,1.2460000000000004,1.2460000000000004,,0.0
CaLuVZnO6,OQMD,1,2.2190000000000003,2.2190000000000003,2.2190000000000003,,0.0
CaLuZrAuO6,OQMD,1,1.653,1.653,1.653,,0.0
CaLuZrBiO6,OQMD,1,3.274,3.274,3.274,,0.0
CaLuZrCoO6,OQMD,1,2.267,2.267,2.267,,0.0
CaLuZrFeO6,OQMD,1,2.4819999999999998,2.4819999999999998,2.4819999999999998,,0.0
CaLuZrIrO6,OQMD,1,1.8679999999999994,1.8679999999999994,1.8679999999999994,,0.0
CaLuZrMnO6,OQMD,1,0.827,0.827,0.827,,0.0
CaLuZrNiO6,OQMD,1,1.0479999999999996,1.0479999999999996,1.0479999999999996,,0.0
CaLuZrRhO6,OQMD,1,1.4539999999999997,1.4539999999999997,1.4539999999999997,,0.0
CaLuZrSbO6,OQMD,1,2.8449999999999998,2.8449999999999998,2.8449999999999998,,0.0
CaLuZrTlO6,OQMD,1,2.8799999999999994,2.8799999999999994,2.8799999999999994,,0.0
CaMg(GeO3)2,OQMD,1,3.436,3.436,3.436,,0.0
CaMg(ReO3)2,OQMD,1,1.601,1.601,1.601,,0.0
CaMg(SnO3)2,OQMD,1,2.3390000000000004,2.3390000000000004,2.3390000000000004,,0.0
CaMg(TeO3)2,OQMD,1,3.4110000000000005,3.4110000000000005,3.4110000000000005,,0.0
CaMg3(GeO3)4,OQMD,1,3.312,3.312,3.312,,0.0
CaMg3(SnO3)4,OQMD,1,2.5920000000000005,2.5920000000000005,2.5920000000000005,,0.0
CaMg3Al2V2O12,OQMD,2,1.4785,1.4780000000000006,1.4789999999999992,0.0007071067811855276,0.0009999999999985576
CaMg3AlCr3O12,OQMD,1,0.4490000000000003,0.4490000000000003,0.4490000000000003,,0.0
CaMg3AlV3O12,OQMD,1,1.104,1.104,1.104,,0.0
CaMg3Cr3CoO12,OQMD,1,0.45699999999999985,0.45699999999999985,0.45699999999999985,,0.0
CaMg3Cr3FeO12,OQMD,1,0.45699999999999985,0.45699999999999985,0.45699999999999985,,0.0
CaMg3Cr3MoO12,OQMD,1,0.3290000000000002,0.3290000000000002,0.3290000000000002,,0.0
CaMg3Mn3MoO12,OQMD,1,0.5299999999999998,0.5299999999999998,0.5299999999999998,,0.0
CaMg3Mn4O12,OQMD,1,0.6759999999999997,0.6759999999999997,0.6759999999999997,,0.0
CaMg3MnAl3O12,OQMD,1,0.4889999999999999,0.4889999999999999,0.4889999999999999,,0.0
CaMg3Sb2O9,OQMD,1,1.0439999999999996,1.0439999999999996,1.0439999999999996,,0.0
CaMg3Ti2Mn2O12,OQMD,2,1.5139999999999998,1.5139999999999998,1.5139999999999998,0.0,0.0
CaMg3Ti3CoO12,OQMD,1,0.607,0.607,0.607,,0.0
CaMg3Ti3CrO12,OQMD,1,0.906,0.906,0.906,,0.0
CaMg3Ti3MnO12,OQMD,1,0.794,0.794,0.794,,0.0
CaMg3Ti3VO12,OQMD,1,2.1489999999999996,2.1489999999999996,2.1489999999999996,,0.0
CaMg3Ti4O12,OQMD,2,2.2250000000000005,1.9850000000000003,2.4650000000000003,0.33941125496954294,0.48
CaMg3TiCr3O12,OQMD,1,0.34499999999999975,0.34499999999999975,0.34499999999999975,,0.0
CaMg3V2(FeO6)2,OQMD,2,0.8129999999999997,0.758,0.8679999999999994,0.07778174593051983,0.10999999999999943
CaMg3V2Cr2O12,OQMD,2,0.8115000000000001,0.7570000000000006,0.8659999999999997,0.07707463914933305,0.1089999999999991
CaMg3V3CoO12,OQMD,1,0.6879999999999997,0.6879999999999997,0.6879999999999997,,0.0
CaMg3V4O12,OQMD,1,0.21999999999999975,0.21999999999999975,0.21999999999999975,,0.0
CaMg3VCr3O12,OQMD,1,0.3420000000000001,0.3420000000000001,0.3420000000000001,,0.0
CaMg3Zr2Mn2O12,OQMD,2,2.0685000000000002,2.0680000000000005,2.0690000000000004,0.0007071067811866267,0.0009999999999998899
CaMg3Zr2Ti2O12,OQMD,2,1.7714999999999999,1.7709999999999995,1.7720000000000002,0.0007071067811870977,0.001000000000000778
CaMg3Zr3CoO12,OQMD,1,1.6740000000000004,1.6740000000000004,1.6740000000000004,,0.0
CaMg3Zr3CrO12,OQMD,1,0.8240000000000001,0.8240000000000001,0.8240000000000001,,0.0
CaMg3Zr3MnO12,OQMD,1,0.8230000000000001,0.8230000000000001,0.8230000000000001,,0.0
CaMg3Zr3MoO12,OQMD,1,0.42100000000000026,0.42100000000000026,0.42100000000000026,,0.0
CaMg3Zr3TiO12,OQMD,1,2.681,2.681,2.681,,0.0
CaMg3Zr3VO12,OQMD,1,2.2630000000000003,2.2630000000000003,2.2630000000000003,,0.0
CaMg3Zr3WO12,OQMD,1,1.2889999999999997,1.2889999999999997,1.2889999999999997,,0.0
CaMg3Zr4O12,OQMD,1,1.245,1.245,1.245,,0.0
CaMg3ZrTi3O12,OQMD,1,2.836,2.836,2.836,,0.0
CaMgMn2O6,OQMD,1,0.21300000000000008,0.21300000000000008,0.21300000000000008,,0.0
CaMgScVO6,OQMD,1,2.2409999999999997,2.2409999999999997,2.2409999999999997,,0.0
CaMgTi2O6,OQMD,1,3.678,3.678,3.678,,0.0
CaMn(BO3)2,OQMD,2,1.887,1.825,1.9489999999999998,0.08768124086713174,0.12399999999999989
CaMn(CO3)2,OQMD,2,3.9325,3.899,3.966,0.0473761543394988,0.06700000000000017
CaMn(GeO3)2,JARVIS,3,0.379,0.24,0.379,0.08025168741735798,0.139
CaMn(GeO3)2,MP,2,1.5998999999999999,1.4055,1.7943,0.2749231165253298,0.38880000000000003
CaMn(GeO3)2,OQMD,1,1.5880000000000005,1.5880000000000005,1.5880000000000005,,0.0
CaMn(SiO3)2,AFLOW,9,3.3074,3.3011,3.3154,0.0046203655459040975,0.01429999999999998
CaMn(SiO3)2,JARVIS,1,1.814,1.814,1.814,,0.0
CaMn(SiO3)2,MP,2,3.02555,2.8319,3.2192,0.27386245635354967,0.38729999999999976
CaMn(SiO3)2,OQMD,1,3.357,3.357,3.357,,0.0
CaMn(TeO3)2,OQMD,1,2.7220000000000004,2.7220000000000004,2.7220000000000004,,0.0
CaMn2(PO4)2,MP,1,3.3819,3.3819,3.3819,,0.0
CaMn3(CO3)4,OQMD,1,3.5669999999999997,3.5669999999999997,3.5669999999999997,,0.0
CaMn3(GeO3)4,OQMD,1,1.1960000000000006,1.1960000000000006,1.1960000000000006,,0.0
CaMn3(SnO3)4,OQMD,1,0.7069999999999999,0.7069999999999999,0.7069999999999999,,0.0
CaMn3V4O12,MP,3,0.415099999999999,0.17199999999999901,0.5004999999999991,0.17044208204939687,0.3285
CaMn4(CuO4)3,JARVIS,2,0.052,0.052,0.052,0.0,0.0
CaMn4(FeO4)3,OQMD,2,0.5594999999999999,0.4969999999999999,0.6219999999999999,0.08838834764831845,0.125
CaMn4(SiO3)5,AFLOW,1,2.9405,2.9405,2.9405,,0.0
CaMn4(SiO3)5,MP,1,3.2266,3.2266,3.2266,,0.0
CaMn4O8,OQMD,1,0.5449999999999999,0.5449999999999999,0.5449999999999999,,0.0
CaMn6SiO12,MP,1,0.5927,0.5927,0.5927,,0.0
CaMnAl2O6,OQMD,1,2.6449999999999996,2.6449999999999996,2.6449999999999996,,0.0
CaMnO3,OQMD,20,0.6999999999999998,0.2120000000000002,1.996,0.6510817395526827,1.7839999999999998
CaMnTl2O6,OQMD,1,1.4420000000000002,1.4420000000000002,1.4420000000000002,,0.0
CaMo(PbO3)2,OQMD,5,1.4660000000000002,1.298,1.803,0.23988476400138484,0.5049999999999999
CaNb2(GeO3)3,OQMD,1,1.6029999999999998,1.6029999999999998,1.6029999999999998,,0.0
CaNb2(SnO3)3,OQMD,1,2.259,2.259,2.259,,0.0
CaNbO3,OQMD,1,0.593,0.593,0.593,,0.0
CaNd2CoO6,OQMD,1,1.492,1.492,1.492,,0.0
CaNd2MnO6,OQMD,1,2.7209999999999996,2.7209999999999996,2.7209999999999996,,0.0
CaNd2ReO6,OQMD,2,0.8490000000000002,0.6820000000000004,1.016,0.23617366491630662,0.33399999999999963
CaNd2TeO6,OQMD,4,2.4250000000000003,0.6969999999999992,2.503,0.8796827079502403,1.806000000000001
CaNdAl3O7,JARVIS,1,4.35,4.35,4.35,,0.0
CaNdAl3O7,MP,1,4.2799,4.2799,4.2799,,0.0
CaNdGa3O7,MP,2,3.2176,3.2042,3.231,0.01895046173579927,0.026799999999999713
CaNdHfBiO6,OQMD,1,3.21,3.21,3.21,,0.0
CaNdHfCoO6,OQMD,1,2.256,2.256,2.256,,0.0
CaNdHfFeO6,OQMD,1,2.4419999999999997,2.4419999999999997,2.4419999999999997,,0.0
CaNdHfIrO6,OQMD,1,1.9849999999999994,1.9849999999999994,1.9849999999999994,,0.0
CaNdHfMnO6,OQMD,1,0.6509999999999998,0.6509999999999998,0.6509999999999998,,0.0
CaNdHfNiO6,OQMD,1,1.0139999999999998,1.0139999999999998,1.0139999999999998,,0.0
CaNdHfRhO6,OQMD,1,1.6659999999999995,1.6659999999999995,1.6659999999999995,,0.0
CaNdHfSbO6,OQMD,1,2.697,2.697,2.697,,0.0
CaNdHfTlO6,OQMD,1,2.911,2.911,2.911,,0.0
CaNdMgVO6,OQMD,1,2.242,2.242,2.242,,0.0
CaNdMnVO6,OQMD,1,0.8029999999999999,0.8029999999999999,0.8029999999999999,,0.0
CaNdNbCdO6,OQMD,1,3.5450000000000004,3.5450000000000004,3.5450000000000004,,0.0
CaNdNbCuO6,OQMD,1,1.29,1.29,1.29,,0.0
CaNdNbPtO6,OQMD,1,1.7929999999999997,1.7929999999999997,1.7929999999999997,,0.0
CaNdTaCdO6,OQMD,1,4.214,4.214,4.214,,0.0
CaNdTaCuO6,OQMD,1,1.2999999999999998,1.2999999999999998,1.2999999999999998,,0.0
CaNdTaPdO6,OQMD,1,0.32399999999999984,0.32399999999999984,0.32399999999999984,,0.0
CaNdTiAuO6,OQMD,1,1.4260000000000002,1.4260000000000002,1.4260000000000002,,0.0
CaNdTiBiO6,OQMD,1,2.2030000000000003,2.2030000000000003,2.2030000000000003,,0.0
CaNdTiCoO6,OQMD,1,0.9649999999999999,0.9649999999999999,0.9649999999999999,,0.0
CaNdTiFeO6,OQMD,1,1.932,1.932,1.932,,0.0
CaNdTiIrO6,OQMD,1,1.2859999999999996,1.2859999999999996,1.2859999999999996,,0.0
CaNdTiMnO6,OQMD,1,0.641,0.641,0.641,,0.0
CaNdTiRhO6,OQMD,1,1.1270000000000007,1.1270000000000007,1.1270000000000007,,0.0
CaNdTiSbO6,OQMD,1,1.8740000000000006,1.8740000000000006,1.8740000000000006,,0.0
CaNdTiTlO6,OQMD,1,2.38,2.38,2.38,,0.0
CaNdVCdO6,OQMD,1,2.065,2.065,2.065,,0.0
CaNdVCoO6,OQMD,1,1.2919999999999998,1.2919999999999998,1.2919999999999998,,0.0
CaNdVCuO6,OQMD,1,0.48199999999999976,0.48199999999999976,0.48199999999999976,,0.0
CaNdVFeO6,OQMD,1,1.2890000000000006,1.2890000000000006,1.2890000000000006,,0.0
CaNdVNiO6,OQMD,1,2.1079999999999997,2.1079999999999997,2.1079999999999997,,0.0
CaNdVPtO6,OQMD,1,1.303,1.303,1.303,,0.0
CaNdVZnO6,OQMD,1,2.244,2.244,2.244,,0.0
CaNdZrAuO6,OQMD,1,1.8480000000000003,1.8480000000000003,1.8480000000000003,,0.0
CaNdZrBiO6,OQMD,1,3.056,3.056,3.056,,0.0
CaNdZrCoO6,OQMD,1,1.0350000000000001,1.0350000000000001,1.0350000000000001,,0.0
CaNdZrFeO6,OQMD,1,2.484,2.484,2.484,,0.0
CaNdZrIrO6,OQMD,1,1.6509999999999998,1.6509999999999998,1.6509999999999998,,0.0
CaNdZrMnO6,OQMD,1,0.8240000000000003,0.8240000000000003,0.8240000000000003,,0.0
CaNdZrRhO6,OQMD,1,1.6579999999999995,1.6579999999999995,1.6579999999999995,,0.0
CaNdZrRuO6,OQMD,1,1.4449999999999994,1.4449999999999994,1.4449999999999994,,0.0
CaNdZrSbO6,OQMD,1,2.635,2.635,2.635,,0.0
CaNdZrTlO6,OQMD,1,3.0760000000000005,3.0760000000000005,3.0760000000000005,,0.0
CaNi(CO3)2,OQMD,1,3.826,3.826,3.826,,0.0
CaNi(GeO3)2,MP,2,2.6744000000000003,2.6157,2.7331000000000003,0.0830143361113008,0.11740000000000039
CaNi(GeO3)2,OQMD,1,3.0140000000000002,3.0140000000000002,3.0140000000000002,,0.0
CaNi(TeO3)2,OQMD,1,3.107,3.107,3.107,,0.0
CaNi2(AsO4)2,OQMD,1,3.091,3.091,3.091,,0.0
CaNi2(PO4)2,MP,1,3.1073,3.1073,3.1073,,0.0
CaNi2(PO4)2,OQMD,1,3.968,3.968,3.968,,0.0
CaNi3(CO3)4,OQMD,1,3.5919999999999996,3.5919999999999996,3.5919999999999996,,0.0
CaNi3(PtO3)4,OQMD,1,0.649,0.649,0.649,,0.0
CaNi3(SnO3)4,OQMD,1,2.0860000000000003,2.0860000000000003,2.0860000000000003,,0.0
CaPb2WO6,OQMD,6,2.277,2.107,2.6080000000000005,0.2259413640748414,0.5010000000000003
CaPmHfCoO6,OQMD,1,2.339,2.339,2.339,,0.0
CaPmHfFeO6,OQMD,1,2.5309999999999997,2.5309999999999997,2.5309999999999997,,0.0
CaPmHfIrO6,OQMD,1,1.883,1.883,1.883,,0.0
CaPmHfMnO6,OQMD,1,0.6749999999999998,0.6749999999999998,0.6749999999999998,,0.0
CaPmHfNiO6,OQMD,1,0.875,0.875,0.875,,0.0
CaPmHfRhO6,OQMD,1,1.721,1.721,1.721,,0.0
CaPmHfTlO6,OQMD,1,3.0149999999999997,3.0149999999999997,3.0149999999999997,,0.0
CaPmMnVO6,OQMD,1,0.6659999999999995,0.6659999999999995,0.6659999999999995,,0.0
CaPmNbCdO6,OQMD,1,3.5080000000000005,3.5080000000000005,3.5080000000000005,,0.0
CaPmNbCuO6,OQMD,1,0.8349999999999995,0.8349999999999995,0.8349999999999995,,0.0
CaPmNbPtO6,OQMD,1,1.351,1.351,1.351,,0.0
CaPmTaCdO6,OQMD,1,4.036,4.036,4.036,,0.0
CaPmTaCuO6,OQMD,1,1.347,1.347,1.347,,0.0
CaPmTiAuO6,OQMD,1,1.4799999999999995,1.4799999999999995,1.4799999999999995,,0.0
CaPmTiBiO6,OQMD,1,2.1209999999999996,2.1209999999999996,2.1209999999999996,,0.0
CaPmTiCoO6,OQMD,1,0.9999999999999996,0.9999999999999996,0.9999999999999996,,0.0
CaPmTiFeO6,OQMD,1,2.005,2.005,2.005,,0.0
CaPmTiIrO6,OQMD,1,1.1660000000000004,1.1660000000000004,1.1660000000000004,,0.0
CaPmTiMnO6,OQMD,1,0.665,0.665,0.665,,0.0
CaPmTiRhO6,OQMD,1,1.1660000000000004,1.1660000000000004,1.1660000000000004,,0.0
CaPmTiTlO6,OQMD,1,2.467,2.467,2.467,,0.0
CaPmVCdO6,OQMD,1,2.142,2.142,2.142,,0.0
CaPmVCoO6,OQMD,1,1.3390000000000004,1.3390000000000004,1.3390000000000004,,0.0
CaPmVCuO6,OQMD,1,0.49999999999999956,0.49999999999999956,0.49999999999999956,,0.0
CaPmVPtO6,OQMD,1,1.3500000000000005,1.3500000000000005,1.3500000000000005,,0.0
CaPmZrAuO6,OQMD,1,0.8209999999999997,0.8209999999999997,0.8209999999999997,,0.0
CaPmZrBiO6,OQMD,1,3.0569999999999995,3.0569999999999995,3.0569999999999995,,0.0
CaPmZrCoO6,OQMD,1,1.0350000000000001,1.0350000000000001,1.0350000000000001,,0.0
CaPmZrFeO6,OQMD,1,2.4850000000000003,2.4850000000000003,2.4850000000000003,,0.0
CaPmZrIrO6,OQMD,1,1.6550000000000002,1.6550000000000002,1.6550000000000002,,0.0
CaPmZrMnO6,OQMD,1,0.8239999999999998,0.8239999999999998,0.8239999999999998,,0.0
CaPmZrRhO6,OQMD,1,1.6580000000000004,1.6580000000000004,1.6580000000000004,,0.0
CaPmZrTlO6,OQMD,1,2.868,2.868,2.868,,0.0
CaPr(MoO3)2,MP,1,1.2495,1.2495,1.2495,,0.0
CaPr(WO3)2,MP,1,1.4144,1.4144,1.4144,,0.0
CaPr2Mn3O9,MP,1,0.31359999999999905,0.31359999999999905,0.31359999999999905,,0.0
CaPr2MnO6,OQMD,1,2.6290000000000004,2.6290000000000004,2.6290000000000004,,0.0
CaPrAl3O7,JARVIS,1,4.34,4.34,4.34,,0.0
CaPrAl3O7,MP,1,4.2872,4.2872,4.2872,,0.0
CaPrHfBiO6,OQMD,1,3.093,3.093,3.093,,0.0
CaPrHfCoO6,OQMD,1,2.328,2.328,2.328,,0.0
CaPrHfFeO6,OQMD,1,2.51,2.51,2.51,,0.0
CaPrHfIrO6,OQMD,1,1.9110000000000005,1.9110000000000005,1.9110000000000005,,0.0
CaPrHfMnO6,OQMD,1,1.1049999999999995,1.1049999999999995,1.1049999999999995,,0.0
CaPrHfRhO6,OQMD,1,1.6059999999999999,1.6059999999999999,1.6059999999999999,,0.0
CaPrHfSbO6,OQMD,1,2.91,2.91,2.91,,0.0
CaPrHfTlO6,OQMD,1,2.9579999999999997,2.9579999999999997,2.9579999999999997,,0.0
CaPrMgVO6,OQMD,1,2.3190000000000004,2.3190000000000004,2.3190000000000004,,0.0
CaPrMnVO6,OQMD,1,0.774,0.774,0.774,,0.0
CaPrNbCdO6,OQMD,1,3.4210000000000003,3.4210000000000003,3.4210000000000003,,0.0
CaPrNbCuO6,OQMD,1,1.0890000000000004,1.0890000000000004,1.0890000000000004,,0.0
CaPrNbPtO6,OQMD,1,1.7299999999999995,1.7299999999999995,1.7299999999999995,,0.0
CaPrTaCdO6,OQMD,1,4.075000000000001,4.075000000000001,4.075000000000001,,0.0
CaPrTaCuO6,OQMD,1,1.2559999999999998,1.2559999999999998,1.2559999999999998,,0.0
CaPrTiAuO6,OQMD,1,1.375,1.375,1.375,,0.0
CaPrTiBiO6,OQMD,1,1.9719999999999995,1.9719999999999995,1.9719999999999995,,0.0
CaPrTiCoO6,OQMD,1,1.0860000000000003,1.0860000000000003,1.0860000000000003,,0.0
CaPrTiFeO6,OQMD,1,1.8600000000000003,1.8600000000000003,1.8600000000000003,,0.0
CaPrTiIrO6,OQMD,1,1.2400000000000002,1.2400000000000002,1.2400000000000002,,0.0
CaPrTiMnO6,OQMD,1,0.7739999999999996,0.7739999999999996,0.7739999999999996,,0.0
CaPrTiRhO6,OQMD,1,1.085,1.085,1.085,,0.0
CaPrTiSbO6,OQMD,1,1.955,1.955,1.955,,0.0
CaPrTiTlO6,OQMD,1,2.4430000000000005,2.4430000000000005,2.4430000000000005,,0.0
CaPrVCdO6,OQMD,1,2.149,2.149,2.149,,0.0
CaPrVCoO6,OQMD,1,1.3979999999999997,1.3979999999999997,1.3979999999999997,,0.0
CaPrVCuO6,OQMD,1,0.46499999999999986,0.46499999999999986,0.46499999999999986,,0.0
CaPrVFeO6,OQMD,1,1.242,1.242,1.242,,0.0
CaPrVNiO6,OQMD,1,2.0300000000000002,2.0300000000000002,2.0300000000000002,,0.0
CaPrVPtO6,OQMD,1,1.2559999999999993,1.2559999999999993,1.2559999999999993,,0.0
CaPrVZnO6,OQMD,1,2.1619999999999995,2.1619999999999995,2.1619999999999995,,0.0
CaPrZrAuO6,OQMD,1,0.8220000000000001,0.8220000000000001,0.8220000000000001,,0.0
CaPrZrBiO6,OQMD,1,3.0550000000000006,3.0550000000000006,3.0550000000000006,,0.0
CaPrZrCoO6,OQMD,1,1.0339999999999998,1.0339999999999998,1.0339999999999998,,0.0
CaPrZrFeO6,OQMD,1,2.2750000000000004,2.2750000000000004,2.2750000000000004,,0.0
CaPrZrIrO6,OQMD,1,1.8579999999999997,1.8579999999999997,1.8579999999999997,,0.0
CaPrZrMnO6,OQMD,1,0.6180000000000003,0.6180000000000003,0.6180000000000003,,0.0
CaPrZrRhO6,OQMD,1,1.4530000000000003,1.4530000000000003,1.4530000000000003,,0.0
CaPrZrRuO6,OQMD,1,1.4459999999999997,1.4459999999999997,1.4459999999999997,,0.0
CaPrZrSbO6,OQMD,1,2.633,2.633,2.633,,0.0
CaPrZrTlO6,OQMD,1,2.8659999999999997,2.8659999999999997,2.8659999999999997,,0.0
CaRe(BO3)2,OQMD,1,1.2270000000000003,1.2270000000000003,1.2270000000000003,,0.0
CaReO3,OQMD,3,0.539,0.21300000000000008,0.649,0.22674214429611447,0.43599999999999994
CaSb2(PbO3)3,OQMD,1,1.835,1.835,1.835,,0.0
CaSc4(Si2O7)2,MP,2,0.33334999999999904,0.16819999999999902,0.49849999999999905,0.23355736982591668,0.33030000000000004
CaScMnVO6,OQMD,1,1.2320000000000002,1.2320000000000002,1.2320000000000002,,0.0
CaScNbCdO6,OQMD,1,3.296,3.296,3.296,,0.0
CaScNbCuO6,OQMD,1,1.029,1.029,1.029,,0.0
CaScNbPtO6,OQMD,1,1.859,1.859,1.859,,0.0
CaScTaCdO6,OQMD,1,4.128,4.128,4.128,,0.0
CaScTaCuO6,OQMD,1,1.4419999999999997,1.4419999999999997,1.4419999999999997,,0.0
CaScTaPtO6,OQMD,1,2.291,2.291,2.291,,0.0
CaScTiAsO6,OQMD,1,2.4089999999999994,2.4089999999999994,2.4089999999999994,,0.0
CaScTiAuO6,OQMD,1,1.8199999999999998,1.8199999999999998,1.8199999999999998,,0.0
CaScTiBiO6,OQMD,1,2.409,2.409,2.409,,0.0
CaScTiCoO6,OQMD,1,2.0110000000000006,2.0110000000000006,2.0110000000000006,,0.0
CaScTiFeO6,OQMD,1,2.0500000000000003,2.0500000000000003,2.0500000000000003,,0.0
CaScTiIrO6,OQMD,1,1.2330000000000005,1.2330000000000005,1.2330000000000005,,0.0
CaScTiMnO6,OQMD,1,0.4090000000000007,0.4090000000000007,0.4090000000000007,,0.0
CaScTiRhO6,OQMD,1,1.2329999999999997,1.2329999999999997,1.2329999999999997,,0.0
CaScTiSbO6,OQMD,1,1.9930000000000003,1.9930000000000003,1.9930000000000003,,0.0
CaScTiTlO6,OQMD,1,2.433,2.433,2.433,,0.0
CaScVCdO6,OQMD,1,2.23,2.23,2.23,,0.0
CaScVCoO6,OQMD,1,1.2360000000000007,1.2360000000000007,1.2360000000000007,,0.0
CaScVCuO6,OQMD,1,0.6150000000000002,0.6150000000000002,0.6150000000000002,,0.0
CaScVFeO6,OQMD,1,1.4369999999999994,1.4369999999999994,1.4369999999999994,,0.0
CaScVNiO6,OQMD,1,2.074,2.074,2.074,,0.0
CaScVPtO6,OQMD,1,1.2530000000000001,1.2530000000000001,1.2530000000000001,,0.0
CaScVZnO6,OQMD,1,2.2449999999999997,2.2449999999999997,2.2449999999999997,,0.0
CaSi2NiO6,AFLOW,5,3.9843,1.2131,3.9868,1.2395091346980869,2.7737
CaSi2NiO6,JARVIS,1,1.291,1.291,1.291,,0.0
CaSi2NiO6,MP,2,4.13985,3.757,4.5227,0.5414316623545394,0.7657000000000003
CaSi2NiO6,OQMD,1,4.666,4.666,4.666,,0.0
CaSi2PdO6,OQMD,1,0.5430000000000001,0.5430000000000001,0.5430000000000001,,0.0
CaSi4(NiO4)3,OQMD,1,3.556,3.556,3.556,,0.0
CaSm2MnO6,OQMD,2,2.723,2.718,2.7279999999999998,0.007071067811865324,0.009999999999999787
CaSm2ReO6,OQMD,1,0.9060000000000006,0.9060000000000006,0.9060000000000006,,0.0
CaSm2TeO6,OQMD,1,2.6579999999999995,2.6579999999999995,2.6579999999999995,,0.0
CaSm2TiO6,OQMD,1,3.392,3.392,3.392,,0.0
CaSm3Al(CoO4)3,OQMD,1,1.255,1.255,1.255,,0.0
CaSm3AlV3O12,OQMD,1,1.028,1.028,1.028,,0.0
CaSm3Co(WO4)3,OQMD,1,0.3690000000000002,0.3690000000000002,0.3690000000000002,,0.0
CaSm3Cr3CoO12,OQMD,1,0.5610000000000004,0.5610000000000004,0.5610000000000004,,0.0
CaSm3Cr3FeO12,OQMD,1,0.34899999999999975,0.34899999999999975,0.34899999999999975,,0.0
CaSm3Cr3MoO12,OQMD,1,0.3560000000000003,0.3560000000000003,0.3560000000000003,,0.0
CaSm3Mn(CoO4)3,OQMD,1,1.274,1.274,1.274,,0.0
CaSm3Mn3MoO12,OQMD,1,0.35699999999999976,0.35699999999999976,0.35699999999999976,,0.0
CaSm3Ti3AlO12,OQMD,1,0.3450000000000002,0.3450000000000002,0.3450000000000002,,0.0
CaSm3Ti3CoO12,OQMD,1,0.9060000000000001,0.9060000000000001,0.9060000000000001,,0.0
CaSm3Ti3MoO12,OQMD,1,0.3500000000000001,0.3500000000000001,0.3500000000000001,,0.0
CaSm3TiMn3O12,OQMD,1,0.6910000000000001,0.6910000000000001,0.6910000000000001,,0.0
CaSm3TiV3O12,OQMD,1,0.8900000000000001,0.8900000000000001,0.8900000000000001,,0.0
CaSm3V(FeO4)3,OQMD,1,1.2780000000000005,1.2780000000000005,1.2780000000000005,,0.0
CaSm3V3CrO12,OQMD,1,0.8779999999999997,0.8779999999999997,0.8779999999999997,,0.0
CaSm3V3FeO12,OQMD,1,0.7050000000000001,0.7050000000000001,0.7050000000000001,,0.0
CaSm3Zr3AlO12,OQMD,1,0.6399999999999997,0.6399999999999997,0.6399999999999997,,0.0
CaSm3Zr3CoO12,OQMD,1,1.682,1.682,1.682,,0.0
CaSm3Zr3CrO12,OQMD,1,0.6519999999999992,0.6519999999999992,0.6519999999999992,,0.0
CaSm3Zr3FeO12,OQMD,1,1.5230000000000001,1.5230000000000001,1.5230000000000001,,0.0
CaSm3Zr3MnO12,OQMD,1,0.6520000000000001,0.6520000000000001,0.6520000000000001,,0.0
CaSm3Zr3VO12,OQMD,1,0.6520000000000001,0.6520000000000001,0.6520000000000001,,0.0
CaSm3ZrCr3O12,OQMD,1,0.43000000000000016,0.43000000000000016,0.43000000000000016,,0.0
CaSm3ZrMn3O12,OQMD,1,1.0590000000000002,1.0590000000000002,1.0590000000000002,,0.0
CaSm4(Mo2O7)2,MP,2,1.341949999999999,1.258499999999999,1.4253999999999991,0.11801612178003482,0.16690000000000005
CaSmAl3O7,JARVIS,1,4.447,4.447,4.447,,0.0
CaSmAl3O7,MP,1,4.2347,4.2347,4.2347,,0.0
CaSmGa3O7,MP,1,3.1912,3.1912,3.1912,,0.0
CaSmHfBiO6,OQMD,1,3.263,3.263,3.263,,0.0
CaSmHfCoO6,OQMD,1,1.068,1.068,1.068,,0.0
CaSmHfFeO6,OQMD,1,2.442,2.442,2.442,,0.0
CaSmHfIrO6,OQMD,1,1.936,1.936,1.936,,0.0
CaSmHfMnO6,OQMD,1,0.7000000000000002,0.7000000000000002,0.7000000000000002,,0.0
CaSmHfNiO6,OQMD,1,0.9009999999999998,0.9009999999999998,0.9009999999999998,,0.0
CaSmHfRhO6,OQMD,1,1.6020000000000003,1.6020000000000003,1.6020000000000003,,0.0
CaSmHfSbO6,OQMD,1,2.891,2.891,2.891,,0.0
CaSmHfTlO6,OQMD,1,2.946,2.946,2.946,,0.0
CaSmMgVO6,OQMD,1,2.231,2.231,2.231,,0.0
CaSmMnVO6,OQMD,1,0.6879999999999997,0.6879999999999997,0.6879999999999997,,0.0
CaSmNbCdO6,OQMD,1,3.458,3.458,3.458,,0.0
CaSmNbCuO6,OQMD,1,0.863,0.863,0.863,,0.0
CaSmTaCdO6,OQMD,1,4.1770000000000005,4.1770000000000005,4.1770000000000005,,0.0
CaSmTaCuO6,OQMD,1,1.218,1.218,1.218,,0.0
CaSmTiAuO6,OQMD,1,1.3600000000000003,1.3600000000000003,1.3600000000000003,,0.0
CaSmTiBiO6,OQMD,1,2.194,2.194,2.194,,0.0
CaSmTiCoO6,OQMD,1,1.206,1.206,1.206,,0.0
CaSmTiFeO6,OQMD,1,2.068,2.068,2.068,,0.0
CaSmTiIrO6,OQMD,1,1.2039999999999997,1.2039999999999997,1.2039999999999997,,0.0
CaSmTiMnO6,OQMD,1,0.6869999999999994,0.6869999999999994,0.6869999999999994,,0.0
CaSmTiNiO6,OQMD,1,0.8680000000000003,0.8680000000000003,0.8680000000000003,,0.0
CaSmTiRhO6,OQMD,1,1.2049999999999992,1.2049999999999992,1.2049999999999992,,0.0
CaSmTiSbO6,OQMD,1,2.0089999999999995,2.0089999999999995,2.0089999999999995,,0.0
CaSmTiTlO6,OQMD,1,2.38,2.38,2.38,,0.0
CaSmVCdO6,OQMD,1,2.046,2.046,2.046,,0.0
CaSmVCoO6,OQMD,1,1.3819999999999997,1.3819999999999997,1.3819999999999997,,0.0
CaSmVCuO6,OQMD,1,0.516,0.516,0.516,,0.0
CaSmVFeO6,OQMD,1,1.2069999999999999,1.2069999999999999,1.2069999999999999,,0.0
CaSmVNiO6,OQMD,1,2.0900000000000003,2.0900000000000003,2.0900000000000003,,0.0
CaSmVPtO6,OQMD,1,1.3940000000000001,1.3940000000000001,1.3940000000000001,,0.0
CaSmVZnO6,OQMD,1,2.2329999999999997,2.2329999999999997,2.2329999999999997,,0.0
CaSmZrAuO6,OQMD,1,0.823,0.823,0.823,,0.0
CaSmZrBiO6,OQMD,1,3.058,3.058,3.058,,0.0
CaSmZrCoO6,OQMD,1,1.036,1.036,1.036,,0.0
CaSmZrFeO6,OQMD,1,2.4859999999999998,2.4859999999999998,2.4859999999999998,,0.0
CaSmZrIrO6,OQMD,1,1.8600000000000003,1.8600000000000003,1.8600000000000003,,0.0
CaSmZrMnO6,OQMD,1,0.8250000000000002,0.8250000000000002,0.8250000000000002,,0.0
CaSmZrNiO6,OQMD,1,0.835,0.835,0.835,,0.0
CaSmZrRhO6,OQMD,1,1.657,1.657,1.657,,0.0
CaSmZrTlO6,OQMD,1,3.0789999999999997,3.0789999999999997,3.0789999999999997,,0.0
CaSn(BO3)2,AFLOW,2,3.1763,3.1742,3.1784,0.0029698484809834867,0.0041999999999999815
CaSn(BO3)2,JARVIS,1,3.979,3.979,3.979,,0.0
CaSn(BO3)2,MP,1,3.7069,3.7069,3.7069,,0.0
CaSn(GeO3)2,JARVIS,1,1.702,1.702,1.702,,0.0
CaSn(GeO3)2,MP,2,1.8254999999999995,1.780299999999999,1.8707,0.06392245301926447,0.09040000000000092
CaSn2MoO6,OQMD,1,1.6369999999999996,1.6369999999999996,1.6369999999999996,,0.0
CaSn2TeO6,OQMD,1,2.3339999999999996,2.3339999999999996,2.3339999999999996,,0.0
CaSn2WO6,OQMD,2,1.3115000000000006,1.2280000000000006,1.3950000000000005,0.11808683245815331,0.16699999999999982
CaSn3Sb2O9,OQMD,1,1.2879999999999994,1.2879999999999994,1.2879999999999994,,0.0
CaSn4(HgO4)3,OQMD,1,0.34199999999999964,0.34199999999999964,0.34199999999999964,,0.0
CaSn4(PdO4)3,OQMD,1,1.032,1.032,1.032,,0.0
CaSn4(PtO4)3,OQMD,1,0.7320000000000002,0.7320000000000002,0.7320000000000002,,0.0
CaSnO3,OQMD,20,2.5780000000000003,0.318000000000001,3.263,0.7317488424459943,2.944999999999999
CaTa2(CuO4)2,MP,1,0.48550000000000004,0.48550000000000004,0.48550000000000004,,0.0
CaTb2MnO6,OQMD,1,2.487,2.487,2.487,,0.0
CaTb2NiO6,OQMD,1,0.4710000000000001,0.4710000000000001,0.4710000000000001,,0.0
CaTbHfAuO6,OQMD,1,1.529,1.529,1.529,,0.0
CaTbHfBiO6,OQMD,1,3.3120000000000003,3.3120000000000003,3.3120000000000003,,0.0
CaTbHfCoO6,OQMD,1,2.2229999999999994,2.2229999999999994,2.2229999999999994,,0.0
CaTbHfFeO6,OQMD,1,2.5370000000000004,2.5370000000000004,2.5370000000000004,,0.0
CaTbHfIrO6,OQMD,1,1.9779999999999998,1.9779999999999998,1.9779999999999998,,0.0
CaTbHfMnO6,OQMD,1,0.7039999999999997,0.7039999999999997,0.7039999999999997,,0.0
CaTbHfNiO6,OQMD,1,0.9940000000000002,0.9940000000000002,0.9940000000000002,,0.0
CaTbHfRhO6,OQMD,1,1.569,1.569,1.569,,0.0
CaTbHfSbO6,OQMD,1,2.8689999999999998,2.8689999999999998,2.8689999999999998,,0.0
CaTbHfTlO6,OQMD,1,2.926,2.926,2.926,,0.0
CaTbMgVO6,OQMD,1,2.221,2.221,2.221,,0.0
CaTbMnVO6,OQMD,1,0.6669999999999998,0.6669999999999998,0.6669999999999998,,0.0
CaTbNbCdO6,OQMD,1,3.5070000000000006,3.5070000000000006,3.5070000000000006,,0.0
CaTbNbCuO6,OQMD,1,0.8760000000000003,0.8760000000000003,0.8760000000000003,,0.0
CaTbNbPtO6,OQMD,1,1.0350000000000001,1.0350000000000001,1.0350000000000001,,0.0
CaTbTaCdO6,OQMD,1,4.095000000000001,4.095000000000001,4.095000000000001,,0.0
CaTbTaCuO6,OQMD,1,1.2609999999999997,1.2609999999999997,1.2609999999999997,,0.0
CaTbTiBiO6,OQMD,1,2.2239999999999993,2.2239999999999993,2.2239999999999993,,0.0
CaTbTiCoO6,OQMD,1,1.0059999999999998,1.0059999999999998,1.0059999999999998,,0.0
CaTbTiFeO6,OQMD,1,1.8949999999999996,1.8949999999999996,1.8949999999999996,,0.0
CaTbTiIrO6,OQMD,1,1.1159999999999997,1.1159999999999997,1.1159999999999997,,0.0
CaTbTiMnO6,OQMD,1,0.33299999999999974,0.33299999999999974,0.33299999999999974,,0.0
CaTbTiNiO6,OQMD,1,0.794,0.794,0.794,,0.0
CaTbTiRhO6,OQMD,1,1.1150000000000002,1.1150000000000002,1.1150000000000002,,0.0
CaTbTiSbO6,OQMD,1,1.9329999999999998,1.9329999999999998,1.9329999999999998,,0.0
CaTbTiTlO6,OQMD,1,2.403,2.403,2.403,,0.0
CaTbVCdO6,OQMD,1,2.0829999999999997,2.0829999999999997,2.0829999999999997,,0.0
CaTbVCoO6,OQMD,1,1.3510000000000004,1.3510000000000004,1.3510000000000004,,0.0
CaTbVCuO6,OQMD,1,0.5550000000000002,0.5550000000000002,0.5550000000000002,,0.0
CaTbVFeO6,OQMD,1,1.2309999999999999,1.2309999999999999,1.2309999999999999,,0.0
CaTbVNiO6,OQMD,1,2.0380000000000003,2.0380000000000003,2.0380000000000003,,0.0
CaTbVPtO6,OQMD,1,1.2439999999999998,1.2439999999999998,1.2439999999999998,,0.0
CaTbVZnO6,OQMD,1,2.111,2.111,2.111,,0.0
CaTbZrBiO6,OQMD,1,3.2669999999999995,3.2669999999999995,3.2669999999999995,,0.0
CaTbZrCoO6,OQMD,1,1.2430000000000003,1.2430000000000003,1.2430000000000003,,0.0
CaTbZrFeO6,OQMD,1,2.2690000000000006,2.2690000000000006,2.2690000000000006,,0.0
CaTbZrIrO6,OQMD,1,1.867,1.867,1.867,,0.0
CaTbZrMnO6,OQMD,1,0.6200000000000001,0.6200000000000001,0.6200000000000001,,0.0
CaTbZrNiO6,OQMD,1,1.0430000000000001,1.0430000000000001,1.0430000000000001,,0.0
CaTbZrRhO6,OQMD,1,1.452,1.452,1.452,,0.0
CaTbZrSbO6,OQMD,1,2.8389999999999995,2.8389999999999995,2.8389999999999995,,0.0
CaTbZrTlO6,OQMD,1,3.0829999999999997,3.0829999999999997,3.0829999999999997,,0.0
CaTe(PbO3)2,OQMD,5,2.721,2.615,3.026,0.15814961270897876,0.4109999999999996
CaTeO3,OQMD,14,0.7195000000000001,0.20599999999999952,3.384,1.2640642393086283,3.1780000000000004
CaTi(BO3)2,OQMD,2,2.99,2.97,3.0100000000000007,0.028284271247462398,0.04000000000000048
CaTi(GeO3)2,MP,2,1.8575499999999994,1.554599999999999,2.1605,0.42843599872092963,0.6059000000000008
CaTi2(CuO4)2,MP,1,0.5975,0.5975,0.5975,,0.0
CaTi2FeO6,AFLOW,1,1.6566,1.6566,1.6566,,0.0
CaTi2FeO6,MP,1,1.3812,1.3812,1.3812,,0.0
CaTi2MnO6,MP,1,1.5799999999999992,1.5799999999999992,1.5799999999999992,,0.0
CaTi2NiO6,OQMD,1,3.256,3.256,3.256,,0.0
CaTi2PbO6,MP,2,2.1159499999999998,2.0012,2.2307,0.16228100628231268,0.22950000000000026
CaTi3V4O12,OQMD,1,0.8860000000000001,0.8860000000000001,0.8860000000000001,,0.0
CaTi4(CO4)3,OQMD,1,0.41800000000000015,0.41800000000000015,0.41800000000000015,,0.0
CaTi4(CoO4)3,OQMD,1,1.495,1.495,1.495,,0.0
CaTi4(CuO4)3,AFLOW,15,1.2233,1.2226,1.2245,0.00046393759843108847,0.0019000000000000128
CaTi4(CuO4)3,OQMD,1,0.891,0.891,0.891,,0.0
CaTi4(FeO4)3,AFLOW,1,2.0071,2.0071,2.0071,,0.0
CaTi4(FeO4)3,MP,1,1.6248,1.6248,1.6248,,0.0
CaTi4(FeO4)3,OQMD,1,1.347,1.347,1.347,,0.0
CaTi4(HgO4)3,OQMD,1,1.6590000000000003,1.6590000000000003,1.6590000000000003,,0.0
CaTi4(NiO4)3,OQMD,1,2.0509999999999997,2.0509999999999997,2.0509999999999997,,0.0
CaTi4(PbO4)3,OQMD,1,1.4619999999999997,1.4619999999999997,1.4619999999999997,,0.0
CaTi4(PdO4)3,JARVIS,1,0.519,0.519,0.519,,0.0
CaTi4(PdO4)3,MP,1,0.5335000000000001,0.5335000000000001,0.5335000000000001,,0.0
CaTi4(PdO4)3,OQMD,3,0.52,0.5180000000000002,0.6230000000000002,0.06005275458572521,0.10499999999999998
CaTi4(PtO4)3,OQMD,1,0.7110000000000003,0.7110000000000003,0.7110000000000003,,0.0
CaTi4(SnO4)3,OQMD,1,0.5180000000000007,0.5180000000000007,0.5180000000000007,,0.0
CaTi4Be3O12,OQMD,1,2.1059999999999994,2.1059999999999994,2.1059999999999994,,0.0
CaTi4Cd3O12,OQMD,1,2.171,2.171,2.171,,0.0
CaTi4Mn3O12,OQMD,1,0.8829999999999996,0.8829999999999996,0.8829999999999996,,0.0
CaTi4V3O12,OQMD,1,0.2110000000000003,0.2110000000000003,0.2110000000000003,,0.0
CaTi4Zn3O12,OQMD,1,2.0549999999999997,2.0549999999999997,2.0549999999999997,,0.0
CaTiAl2O6,OQMD,1,3.268,3.268,3.268,,0.0
CaTiO3,OQMD,20,2.3195,1.8749999999999996,3.512,0.4870931068459521,1.6370000000000005
CaTm2MnO6,OQMD,1,2.574,2.574,2.574,,0.0
CaTm3V4O12,OQMD,1,0.7649999999999997,0.7649999999999997,0.7649999999999997,,0.0
CaTmHfAuO6,OQMD,1,1.5330000000000004,1.5330000000000004,1.5330000000000004,,0.0
CaTmHfBiO6,OQMD,1,3.3179999999999996,3.3179999999999996,3.3179999999999996,,0.0
CaTmHfCoO6,OQMD,1,2.379,2.379,2.379,,0.0
CaTmHfFeO6,OQMD,1,2.406,2.406,2.406,,0.0
CaTmHfIrO6,OQMD,1,1.8520000000000003,1.8520000000000003,1.8520000000000003,,0.0
CaTmHfMnO6,OQMD,1,0.7069999999999994,0.7069999999999994,0.7069999999999994,,0.0
CaTmHfNiO6,OQMD,1,1.141,1.141,1.141,,0.0
CaTmHfRhO6,OQMD,1,1.5760000000000005,1.5760000000000005,1.5760000000000005,,0.0
CaTmHfSbO6,OQMD,1,3.1559999999999997,3.1559999999999997,3.1559999999999997,,0.0
CaTmHfTlO6,OQMD,1,2.8040000000000003,2.8040000000000003,2.8040000000000003,,0.0
CaTmMgVO6,OQMD,1,2.388,2.388,2.388,,0.0
CaTmMnVO6,OQMD,1,0.7190000000000003,0.7190000000000003,0.7190000000000003,,0.0
CaTmNbCdO6,OQMD,1,3.3659999999999997,3.3659999999999997,3.3659999999999997,,0.0
CaTmNbCuO6,OQMD,1,0.8770000000000002,0.8770000000000002,0.8770000000000002,,0.0
CaTmNbPtO6,OQMD,1,1.1950000000000003,1.1950000000000003,1.1950000000000003,,0.0
CaTmTaCdO6,OQMD,1,3.969,3.969,3.969,,0.0
CaTmTaCuO6,OQMD,1,1.584,1.584,1.584,,0.0
CaTmTiAuO6,OQMD,1,0.5899999999999999,0.5899999999999999,0.5899999999999999,,0.0
CaTmTiBiO6,OQMD,1,2.218,2.218,2.218,,0.0
CaTmTiCoO6,OQMD,1,1.7849999999999997,1.7849999999999997,1.7849999999999997,,0.0
CaTmTiFeO6,OQMD,1,1.9219999999999997,1.9219999999999997,1.9219999999999997,,0.0
CaTmTiIrO6,OQMD,1,1.0819999999999999,1.0819999999999999,1.0819999999999999,,0.0
CaTmTiMnO6,OQMD,1,0.47900000000000054,0.47900000000000054,0.47900000000000054,,0.0
CaTmTiNiO6,OQMD,1,0.7329999999999997,0.7329999999999997,0.7329999999999997,,0.0
CaTmTiRhO6,OQMD,1,1.0840000000000005,1.0840000000000005,1.0840000000000005,,0.0
CaTmTiSbO6,OQMD,1,1.971,1.971,1.971,,0.0
CaTmTiTlO6,OQMD,1,2.472,2.472,2.472,,0.0
CaTmVCdO6,OQMD,1,2.1270000000000002,2.1270000000000002,2.1270000000000002,,0.0
CaTmVCoO6,OQMD,1,1.456,1.456,1.456,,0.0
CaTmVCuO6,OQMD,1,0.4790000000000001,0.4790000000000001,0.4790000000000001,,0.0
CaTmVFeO6,OQMD,1,1.2010000000000005,1.2010000000000005,1.2010000000000005,,0.0
CaTmVNiO6,OQMD,1,1.9480000000000004,1.9480000000000004,1.9480000000000004,,0.0
CaTmVPtO6,OQMD,1,1.3369999999999997,1.3369999999999997,1.3369999999999997,,0.0
CaTmVZnO6,OQMD,1,2.1510000000000002,2.1510000000000002,2.1510000000000002,,0.0
CaTmZrAuO6,OQMD,1,1.8550000000000004,1.8550000000000004,1.8550000000000004,,0.0
CaTmZrBiO6,OQMD,1,3.2780000000000005,3.2780000000000005,3.2780000000000005,,0.0
CaTmZrCoO6,OQMD,1,2.262,2.262,2.262,,0.0
CaTmZrFeO6,OQMD,1,2.2800000000000002,2.2800000000000002,2.2800000000000002,,0.0
CaTmZrIrO6,OQMD,1,1.8760000000000003,1.8760000000000003,1.8760000000000003,,0.0
CaTmZrMnO6,OQMD,1,0.8300000000000001,0.8300000000000001,0.8300000000000001,,0.0
CaTmZrRhO6,OQMD,1,1.6669999999999998,1.6669999999999998,1.6669999999999998,,0.0
CaTmZrSbO6,OQMD,1,3.0490000000000004,3.0490000000000004,3.0490000000000004,,0.0
CaTmZrTlO6,OQMD,1,2.8900000000000006,2.8900000000000006,2.8900000000000006,,0.0
CaV(CO3)2,OQMD,1,2.825,2.825,2.825,,0.0
CaV(GeO3)2,MP,1,0.43769999999999903,0.43769999999999903,0.43769999999999903,,0.0
CaV(SiO3)2,MP,2,1.8088499999999996,1.4277,2.189999999999999,0.5390274992985045,0.7622999999999991
CaV(SiO3)2,OQMD,1,2.226,2.226,2.226,,0.0
CaV(TeO3)2,OQMD,1,1.3609999999999998,1.3609999999999998,1.3609999999999998,,0.0
CaV2(CuO4)2,MP,1,0.21660000000000001,0.21660000000000001,0.21660000000000001,,0.0
CaV2(NiO4)2,OQMD,1,2.851,2.851,2.851,,0.0
CaV2(PO4)2,MP,1,2.0737,2.0737,2.0737,,0.0
CaV2(SnO3)3,OQMD,1,1.5940000000000003,1.5940000000000003,1.5940000000000003,,0.0
CaV3(CO3)4,OQMD,1,2.551,2.551,2.551,,0.0
CaV3(SnO3)4,OQMD,1,0.2240000000000002,0.2240000000000002,0.2240000000000002,,0.0
CaV4(CoO4)3,MP,1,0.7233,0.7233,0.7233,,0.0
CaV4Zn3O12,OQMD,1,0.22299999999999986,0.22299999999999986,0.22299999999999986,,0.0
CaVO3,OQMD,9,0.5179999999999998,0.207,1.649,0.5258745361564656,1.442
CaWO3,OQMD,2,0.6824999999999999,0.5099999999999998,0.855,0.24395183950935903,0.3450000000000002
CaY2MnO6,OQMD,1,2.591,2.591,2.591,,0.0
CaY2NiO6,OQMD,1,1.6839999999999997,1.6839999999999997,1.6839999999999997,,0.0
CaY5(MoO6)2,MP,4,1.8647999999999996,0.17869999999999903,1.9019,0.8496786392513352,1.723200000000001
CaYAl3O7,JARVIS,1,4.304,4.304,4.304,,0.0
CaYAl3O7,MP,2,4.239249999999999,4.202299999999999,4.276199999999999,0.052255191129685914,0.07390000000000008
CaYGa3O7,JARVIS,1,3.169,3.169,3.169,,0.0
CaYGa3O7,MP,1,3.1464,3.1464,3.1464,,0.0
CaYHfAuO6,OQMD,1,1.432,1.432,1.432,,0.0
CaYHfBiO6,OQMD,1,3.364,3.364,3.364,,0.0
CaYHfCoO6,OQMD,1,2.3149999999999995,2.3149999999999995,2.3149999999999995,,0.0
CaYHfFeO6,OQMD,1,2.3369999999999997,2.3369999999999997,2.3369999999999997,,0.0
CaYHfIrO6,OQMD,1,1.9869999999999992,1.9869999999999992,1.9869999999999992,,0.0
CaYHfMnO6,OQMD,1,0.8990000000000005,0.8990000000000005,0.8990000000000005,,0.0
CaYHfNiO6,OQMD,1,0.9130000000000003,0.9130000000000003,0.9130000000000003,,0.0
CaYHfRhO6,OQMD,1,1.811,1.811,1.811,,0.0
CaYHfSbO6,OQMD,1,3.1659999999999995,3.1659999999999995,3.1659999999999995,,0.0
CaYHfTlO6,OQMD,1,2.851,2.851,2.851,,0.0
CaYMgVO6,OQMD,1,2.291,2.291,2.291,,0.0
CaYMn2O6,MP,1,0.42799999999999905,0.42799999999999905,0.42799999999999905,,0.0
CaYMnVO6,OQMD,1,0.8879999999999999,0.8879999999999999,0.8879999999999999,,0.0
CaYNbCdO6,OQMD,1,3.56,3.56,3.56,,0.0
CaYNbCuO6,OQMD,1,0.8909999999999996,0.8909999999999996,0.8909999999999996,,0.0
CaYNbPtO6,OQMD,1,1.08,1.08,1.08,,0.0
CaYTaCdO6,OQMD,1,4.285000000000001,4.285000000000001,4.285000000000001,,0.0
CaYTaCuO6,OQMD,1,1.4299999999999997,1.4299999999999997,1.4299999999999997,,0.0
CaYTiAsO6,OQMD,1,2.4280000000000004,2.4280000000000004,2.4280000000000004,,0.0
CaYTiAuO6,OQMD,1,1.2289999999999996,1.2289999999999996,1.2289999999999996,,0.0
CaYTiBiO6,OQMD,1,2.266,2.266,2.266,,0.0
CaYTiCoO6,OQMD,1,1.9369999999999998,1.9369999999999998,1.9369999999999998,,0.0
CaYTiFeO6,OQMD,1,1.9569999999999999,1.9569999999999999,1.9569999999999999,,0.0
CaYTiIrO6,OQMD,1,1.2430000000000003,1.2430000000000003,1.2430000000000003,,0.0
CaYTiMnO6,OQMD,1,0.5300000000000002,0.5300000000000002,0.5300000000000002,,0.0
CaYTiNiO6,OQMD,1,0.895,0.895,0.895,,0.0
CaYTiRhO6,OQMD,1,1.245,1.245,1.245,,0.0
CaYTiSbO6,OQMD,1,2.077,2.077,2.077,,0.0
CaYTiTlO6,OQMD,1,2.4569999999999994,2.4569999999999994,2.4569999999999994,,0.0
CaYVCdO6,OQMD,1,2.1090000000000004,2.1090000000000004,2.1090000000000004,,0.0
CaYVCoO6,OQMD,1,1.4249999999999998,1.4249999999999998,1.4249999999999998,,0.0
CaYVCuO6,OQMD,1,0.7109999999999994,0.7109999999999994,0.7109999999999994,,0.0
CaYVFeO6,OQMD,1,1.2439999999999998,1.2439999999999998,1.2439999999999998,,0.0
CaYVNiO6,OQMD,1,1.9699999999999998,1.9699999999999998,1.9699999999999998,,0.0
CaYVPtO6,OQMD,1,1.4370000000000003,1.4370000000000003,1.4370000000000003,,0.0
CaYVZnO6,OQMD,1,2.125,2.125,2.125,,0.0
CaYZrAuO6,OQMD,1,1.6329999999999996,1.6329999999999996,1.6329999999999996,,0.0
CaYZrBiO6,OQMD,1,3.2430000000000003,3.2430000000000003,3.2430000000000003,,0.0
CaYZrCoO6,OQMD,1,1.2319999999999998,1.2319999999999998,1.2319999999999998,,0.0
CaYZrFeO6,OQMD,1,2.472,2.472,2.472,,0.0
CaYZrIrO6,OQMD,1,1.6440000000000001,1.6440000000000001,1.6440000000000001,,0.0
CaYZrMnO6,OQMD,1,0.6149999999999998,0.6149999999999998,0.6149999999999998,,0.0
CaYZrNiO6,OQMD,1,1.036,1.036,1.036,,0.0
CaYZrRhO6,OQMD,1,1.649,1.649,1.649,,0.0
CaYZrSbO6,OQMD,1,2.8210000000000006,2.8210000000000006,2.8210000000000006,,0.0
CaYZrTlO6,OQMD,1,3.055,3.055,3.055,,0.0
CaYb3Mn4O12,JARVIS,1,0.527,0.527,0.527,,0.0
CaYb3Ti4O12,OQMD,1,2.2199999999999998,2.2199999999999998,2.2199999999999998,,0.0
CaYbCr2O6,OQMD,1,0.568000000000001,0.568000000000001,0.568000000000001,,0.0
CaYbHf2O6,OQMD,2,4.0969999999999995,3.885,4.309,0.2998132752230967,0.4240000000000004
CaYbMn2O6,OQMD,1,0.218,0.218,0.218,,0.0
CaYbTi2O6,OQMD,2,2.143,1.98,2.306,0.2305168106668147,0.32600000000000007
CaYbZr2O6,OQMD,2,3.5675,3.467,3.668,0.14212846301849627,0.20100000000000007
CaZn(CO3)2,MP,1,3.9421,3.9421,3.9421,,0.0
CaZn(CO3)2,OQMD,3,4.165,4.119,4.269,0.07684616667949955,0.15000000000000036
CaZn(GeO3)2,AFLOW,1,2.7041,2.7041,2.7041,,0.0
CaZn(GeO3)2,MP,1,2.4804,2.4804,2.4804,,0.0
CaZn(GeO3)2,OQMD,1,2.676,2.676,2.676,,0.0
CaZn(SiO3)2,AFLOW,8,4.48945,4.4861,4.4907,0.001451046420444642,0.0045999999999999375
CaZn(SiO3)2,JARVIS,1,4.402,4.402,4.402,,0.0
CaZn(SiO3)2,MP,1,4.056599999999999,4.056599999999999,4.056599999999999,,0.0
CaZn(SiO3)2,OQMD,1,4.389,4.389,4.389,,0.0
CaZn(TeO3)2,OQMD,1,2.5140000000000002,2.5140000000000002,2.5140000000000002,,0.0
CaZn2(PO4)2,AFLOW,1,4.3175,4.3175,4.3175,,0.0
CaZn2(PO4)2,MP,1,3.787199999999999,3.787199999999999,3.787199999999999,,0.0
CaZn3(CO3)4,OQMD,1,4.128,4.128,4.128,,0.0
CaZn3(GeO3)4,OQMD,1,2.0949999999999998,2.0949999999999998,2.0949999999999998,,0.0
CaZn3(PbO3)4,OQMD,1,0.2240000000000002,0.2240000000000002,0.2240000000000002,,0.0
CaZn3(PtO3)4,OQMD,1,0.35800000000000054,0.35800000000000054,0.35800000000000054,,0.0
CaZn3(SiO3)4,OQMD,1,4.380999999999999,4.380999999999999,4.380999999999999,,0.0
CaZn3(SnO3)4,OQMD,1,1.513,1.513,1.513,,0.0
CaZnSi3O8,AFLOW,1,4.388,4.388,4.388,,0.0
CaZnSi3O8,MP,1,4.3077,4.3077,4.3077,,0.0
CaZr(BO3)2,OQMD,2,4.556,4.553,4.559,0.004242640687119446,0.006000000000000227
CaZr2PbO6,MP,1,3.131399999999999,3.131399999999999,3.131399999999999,,0.0
CaZr4(CuO4)3,OQMD,1,1.4730000000000003,1.4730000000000003,1.4730000000000003,,0.0
CaZr4(FeO4)3,OQMD,1,2.794,2.794,2.794,,0.0
CaZr4(PbO4)3,MP,1,3.246699999999999,3.246699999999999,3.246699999999999,,0.0
CaZrAl2O6,OQMD,1,4.7989999999999995,4.7989999999999995,4.7989999999999995,,0.0
CaZrO3,OQMD,19,3.7150000000000003,0.598,4.954000000000001,0.9798684062501717,4.356000000000001
CaZrScAuO6,OQMD,1,2.0520000000000005,2.0520000000000005,2.0520000000000005,,0.0
CaZrScBiO6,OQMD,1,3.467,3.467,3.467,,0.0
CaZrScCoO6,OQMD,1,1.2520000000000002,1.2520000000000002,1.2520000000000002,,0.0
CaZrScFeO6,OQMD,1,2.2980000000000005,2.2980000000000005,2.2980000000000005,,0.0
CaZrScIrO6,OQMD,1,1.8759999999999994,1.8759999999999994,1.8759999999999994,,0.0
CaZrScMnO6,OQMD,1,0.8280000000000003,0.8280000000000003,0.8280000000000003,,0.0
CaZrScNiO6,OQMD,1,1.468,1.468,1.468,,0.0
CaZrScRhO6,OQMD,1,1.6690000000000005,1.6690000000000005,1.6690000000000005,,0.0
CaZrScSbO6,OQMD,1,2.824,2.824,2.824,,0.0
CaZrScTlO6,OQMD,1,2.8779999999999997,2.8779999999999997,2.8779999999999997,,0.0
Cd2BiSbO6,OQMD,2,1.1170000000000002,0.882,1.3520000000000003,0.3323401871576775,0.4700000000000003
CdGe(BiO3)2,AFLOW,1,1.9139,1.9139,1.9139,,0.0
CdGe(BiO3)2,JARVIS,1,1.928,1.928,1.928,,0.0
CdGe(BiO3)2,MP,2,2.0307499999999994,1.9126999999999992,2.148799999999999,0.16694791103814402,0.23609999999999998
CeV2BiO6,OQMD,1,0.891,0.891,0.891,,0.0
CeY(GaO3)2,OQMD,1,3.151,3.151,3.151,,0.0
CeYCr2O6,OQMD,1,1.735,1.735,1.735,,0.0
Co2BiAsO6,OQMD,2,2.1795,2.0909999999999997,2.268,0.1251579002700188,0.17700000000000005
Co2BiPO6,OQMD,1,2.37,2.37,2.37,,0.0
Co3Cu3(TeO6)2,MP,1,0.44570000000000004,0.44570000000000004,0.44570000000000004,,0.0
Co8Te(AsO8)2,AFLOW,1,1.2226,1.2226,1.2226,,0.0
Co8Te(AsO8)2,MP,1,0.8668,0.8668,0.8668,,0.0
Co9Te5(PbO5)6,MP,1,1.3596,1.3596,1.3596,,0.0
CoBi2PbO6,OQMD,2,1.5519999999999996,1.3089999999999993,1.795,0.34365389565666254,0.48600000000000065
CoBi2PdO6,OQMD,1,0.6370000000000005,0.6370000000000005,0.6370000000000005,,0.0
CoBi2PtO6,OQMD,1,1.138,1.138,1.138,,0.0
CoBiO3,OQMD,9,0.441,0.25900000000000034,0.556,0.08854816642809595,0.2969999999999997
CoGe(BiO3)2,OQMD,2,2.4130000000000003,2.224,2.6020000000000003,0.26728636328851507,0.3780000000000001
CoHg(BiO3)2,OQMD,1,0.3689999999999998,0.3689999999999998,0.3689999999999998,,0.0
CoNi(BiO3)2,OQMD,1,0.657,0.657,0.657,,0.0
CoTe(PbO3)2,AFLOW,1,1.6076,1.6076,1.6076,,0.0
CoTe(PbO3)2,MP,3,1.6060999999999992,0.8319999999999991,1.7931,0.5095607618331697,0.9611000000000008
CoTe(PbO3)2,OQMD,5,1.733,1.484,1.8479999999999999,0.13879733426834967,0.3639999999999999
Cr2BiAsO6,OQMD,1,0.8280000000000003,0.8280000000000003,0.8280000000000003,,0.0
Cr2BiPO6,OQMD,1,1.1119999999999992,1.1119999999999992,1.1119999999999992,,0.0
CrBi(PbO3)2,OQMD,1,0.354,0.354,0.354,,0.0
CrBiO3,OQMD,14,1.5609999999999997,0.37600000000000033,2.5549999999999997,0.5412495108238279,2.1789999999999994
CrCd2BiO6,OQMD,3,0.600000000000001,0.597,0.607,0.005131601439446748,0.010000000000000009
CrCo(BiO3)2,OQMD,2,0.7080000000000002,0.5190000000000001,0.8970000000000002,0.26728636328851507,0.3780000000000001
CrFe(BiO3)2,AFLOW,1,1.812,1.812,1.812,,0.0
CrFe(BiO3)2,OQMD,1,1.923,1.923,1.923,,0.0
CrGa(BiO3)2,MP,1,2.0429,2.0429,2.0429,,0.0
CrNi(BiO3)2,OQMD,1,0.25700000000000056,0.25700000000000056,0.25700000000000056,,0.0
Cs2BaV4O11,OQMD,2,1.675,1.31,2.04,0.5161879502661797,0.73
Cs2CaTa2O7,OQMD,1,2.299,2.299,2.299,,0.0
Cs2CaV2O7,MP,1,3.4021,3.4021,3.4021,,0.0
Cs2SrTa2O7,OQMD,1,2.185,2.185,2.185,,0.0
Cs5Bi(MoO4)4,MP,3,3.5996,3.5355,3.7104,0.08848301155212417,0.17490000000000006
CsBa2ReO6,OQMD,10,1.908,1.728,2.235,0.17936170779244442,0.5069999999999999
CsCa2ReO6,OQMD,11,1.783,1.242,2.407,0.4349285207730326,1.165
CsCeVBiO6,OQMD,1,2.3679999999999994,2.3679999999999994,2.3679999999999994,,0.0
CsDyNbBiO6,OQMD,1,3.3660000000000005,3.3660000000000005,3.3660000000000005,,0.0
CsDyTaBiO6,OQMD,1,3.767,3.767,3.767,,0.0
CsDyVBiO6,OQMD,1,2.3040000000000003,2.3040000000000003,2.3040000000000003,,0.0
CsErNbBiO6,OQMD,1,3.3949999999999996,3.3949999999999996,3.3949999999999996,,0.0
CsErTaBiO6,OQMD,1,3.482,3.482,3.482,,0.0
CsErVBiO6,OQMD,1,2.355,2.355,2.355,,0.0
CsEuBiMoO6,OQMD,1,2.3339999999999996,2.3339999999999996,2.3339999999999996,,0.0
CsEuBiWO6,OQMD,1,3.1860000000000004,3.1860000000000004,3.1860000000000004,,0.0
CsGdNbBiO6,OQMD,1,3.3010000000000006,3.3010000000000006,3.3010000000000006,,0.0
CsGdTiTeO6,OQMD,1,3.089,3.089,3.089,,0.0
CsGdVBiO6,OQMD,1,2.3579999999999997,2.3579999999999997,2.3579999999999997,,0.0
CsGdVInO6,OQMD,1,2.1480000000000006,2.1480000000000006,2.1480000000000006,,0.0
CsGdVSbO6,OQMD,1,2.013,2.013,2.013,,0.0
CsHoNbBiO6,OQMD,1,3.378,3.378,3.378,,0.0
CsHoTaBiO6,OQMD,1,3.785,3.785,3.785,,0.0
CsHoVBiO6,OQMD,1,2.315,2.315,2.315,,0.0
CsLaHfTeO6,OQMD,1,3.938999999999999,3.938999999999999,3.938999999999999,,0.0
CsLaTiTeO6,OQMD,1,3.0589999999999993,3.0589999999999993,3.0589999999999993,,0.0
CsLaVBiO6,OQMD,1,2.362,2.362,2.362,,0.0
CsLaVInO6,OQMD,1,1.96,1.96,1.96,,0.0
CsLaVSbO6,OQMD,1,1.9560000000000004,1.9560000000000004,1.9560000000000004,,0.0
CsLaZrCrO6,OQMD,1,0.8019999999999996,0.8019999999999996,0.8019999999999996,,0.0
CsLaZrMnO6,OQMD,1,1.4190000000000005,1.4190000000000005,1.4190000000000005,,0.0
CsLaZrTeO6,OQMD,1,3.8990000000000005,3.8990000000000005,3.8990000000000005,,0.0
CsLuNbBiO6,OQMD,1,3.4010000000000002,3.4010000000000002,3.4010000000000002,,0.0
CsLuTaBiO6,OQMD,1,3.6340000000000003,3.6340000000000003,3.6340000000000003,,0.0
CsLuVBiO6,OQMD,1,2.455,2.455,2.455,,0.0
CsNdHfMnO6,OQMD,1,1.3609999999999998,1.3609999999999998,1.3609999999999998,,0.0
CsNdHfTeO6,OQMD,1,3.738,3.738,3.738,,0.0
CsNdTiTeO6,OQMD,1,3.0439999999999996,3.0439999999999996,3.0439999999999996,,0.0
CsNdVBiO6,OQMD,1,2.409,2.409,2.409,,0.0
CsNdVInO6,OQMD,1,2.1270000000000002,2.1270000000000002,2.1270000000000002,,0.0
CsNdVSbO6,OQMD,1,2.083,2.083,2.083,,0.0
CsNdZrMnO6,OQMD,1,1.488,1.488,1.488,,0.0
CsNdZrTeO6,OQMD,1,3.663,3.663,3.663,,0.0
CsPrHfTeO6,OQMD,1,3.9219999999999997,3.9219999999999997,3.9219999999999997,,0.0
CsPrTiTeO6,OQMD,1,3.238,3.238,3.238,,0.0
CsPrVBiO6,OQMD,1,2.3240000000000003,2.3240000000000003,2.3240000000000003,,0.0
CsPrVInO6,OQMD,1,2.057,2.057,2.057,,0.0
CsPrVSbO6,OQMD,1,2.006,2.006,2.006,,0.0
CsPrZrTeO6,OQMD,1,3.6580000000000004,3.6580000000000004,3.6580000000000004,,0.0
CsScNbBiO6,OQMD,1,3.263,3.263,3.263,,0.0
CsScVBiO6,OQMD,1,2.613,2.613,2.613,,0.0
CsSmHfTeO6,OQMD,1,3.823,3.823,3.823,,0.0
CsSmNbBiO6,OQMD,1,3.281,3.281,3.281,,0.0
CsSmTiTeO6,OQMD,1,3.088,3.088,3.088,,0.0
CsSmVBiO6,OQMD,1,2.411,2.411,2.411,,0.0
CsSmVInO6,OQMD,1,2.248,2.248,2.248,,0.0
CsSmZrTeO6,OQMD,1,3.461,3.461,3.461,,0.0
CsSr2ReO6,OQMD,9,1.963,1.501,2.369,0.3389280077604159,0.8680000000000003
CsTbNbBiO6,OQMD,1,3.215,3.215,3.215,,0.0
CsTbTaBiO6,OQMD,1,3.6140000000000003,3.6140000000000003,3.6140000000000003,,0.0
CsTbVBiO6,OQMD,1,2.409,2.409,2.409,,0.0
CsTmNbBiO6,OQMD,1,3.225,3.225,3.225,,0.0
CsTmTaBiO6,OQMD,1,3.627,3.627,3.627,,0.0
CsTmVBiO6,OQMD,1,2.381,2.381,2.381,,0.0
CsYAlVO6,OQMD,1,2.295,2.295,2.295,,0.0
CsYCdMoO6,OQMD,1,2.5040000000000004,2.5040000000000004,2.5040000000000004,,0.0
CsYCdWO6,OQMD,1,3.059,3.059,3.059,,0.0
CsYNbFeO6,OQMD,1,2.172,2.172,2.172,,0.0
CsYNbTlO6,OQMD,1,1.787,1.787,1.787,,0.0
CsYPtWO6,OQMD,1,1.8199999999999998,1.8199999999999998,1.8199999999999998,,0.0
CsYScVO6,OQMD,1,2.446,2.446,2.446,,0.0
CsYTaAuO6,OQMD,1,1.625,1.625,1.625,,0.0
CsYTaCoO6,OQMD,1,1.286,1.286,1.286,,0.0
CsYTaFeO6,OQMD,1,2.387,2.387,2.387,,0.0
CsYTaMnO6,OQMD,1,0.7389999999999999,0.7389999999999999,0.7389999999999999,,0.0
CsYTiGeO6,OQMD,1,2.869,2.869,2.869,,0.0
CsYTiPtO6,OQMD,1,1.4780000000000002,1.4780000000000002,1.4780000000000002,,0.0
CsYTiSnO6,OQMD,1,2.71,2.71,2.71,,0.0
CsYTiTcO6,OQMD,1,0.36600000000000055,0.36600000000000055,0.36600000000000055,,0.0
CsYTlVO6,OQMD,1,1.4100000000000006,1.4100000000000006,1.4100000000000006,,0.0
CsYVAsO6,OQMD,1,2.308,2.308,2.308,,0.0
CsYVBiO6,OQMD,1,2.2969999999999997,2.2969999999999997,2.2969999999999997,,0.0
CsYVCrO6,OQMD,1,1.423,1.423,1.423,,0.0
CsYVFeO6,OQMD,1,1.9659999999999997,1.9659999999999997,1.9659999999999997,,0.0
CsYVGaO6,OQMD,1,2.49,2.49,2.49,,0.0
CsYVNiO6,OQMD,1,0.363,0.363,0.363,,0.0
CsYVRhO6,OQMD,1,0.5429999999999997,0.5429999999999997,0.5429999999999997,,0.0
CsYVSbO6,OQMD,1,1.9370000000000003,1.9370000000000003,1.9370000000000003,,0.0
CsYbBiWO6,OQMD,1,3.1300000000000003,3.1300000000000003,3.1300000000000003,,0.0
Cu2BiPO6,AFLOW,1,0.7147,0.7147,0.7147,,0.0
Cu2NiTeO6,MP,1,0.2721,0.2721,0.2721,,0.0
Cu3Hg2(Te3O8)2,MP,1,0.215199999999999,0.215199999999999,0.215199999999999,,0.0
CuRe(PbO3)2,OQMD,3,0.404,0.2190000000000003,0.5279999999999996,0.15550026795260907,0.3089999999999993
DyCo(BiO3)2,OQMD,1,0.766,0.766,0.766,,0.0
DyFe5Bi4O15,MP,1,1.7930000000000001,1.7930000000000001,1.7930000000000001,,0.0
DyMn2BiO6,OQMD,1,0.254,0.254,0.254,,0.0
DyNi(BiO3)2,OQMD,1,1.4060000000000006,1.4060000000000006,1.4060000000000006,,0.0
DySn2BiO6,OQMD,1,1.5139999999999998,1.5139999999999998,1.5139999999999998,,0.0
DyY(CoO3)2,OQMD,1,0.816000000000001,0.816000000000001,0.816000000000001,,0.0
DyY(GaO3)2,OQMD,1,2.988,2.988,2.988,,0.0
DyYCr2O6,OQMD,1,1.698,1.698,1.698,,0.0
Er2VBiO6,OQMD,1,1.9880000000000004,1.9880000000000004,1.9880000000000004,,0.0
ErMn2BiO6,OQMD,1,0.3879999999999999,0.3879999999999999,0.3879999999999999,,0.0
Eu2CrBiO6,OQMD,1,1.0439999999999996,1.0439999999999996,1.0439999999999996,,0.0
Eu2GaBiO6,OQMD,2,0.706,0.2530000000000001,1.1589999999999998,0.6406387437550118,0.9059999999999997
Eu2NbBiO6,MP,2,0.46264999999999956,0.12279999999999901,0.8025000000000001,0.4806204791724971,0.6797000000000011
Eu2NbBiO6,OQMD,1,1.952,1.952,1.952,,0.0
Eu2ScBiO6,OQMD,1,2.509,2.509,2.509,,0.0
Eu2TaBiO6,OQMD,1,2.433,2.433,2.433,,0.0
Eu2VBiO6,OQMD,2,1.9635000000000002,0.8620000000000001,3.0650000000000004,1.5577562389539645,2.2030000000000003
Eu2YNbO6,MP,1,0.2671,0.2671,0.2671,,0.0
Eu2YNbO6,OQMD,5,3.3280000000000003,3.2409999999999997,3.538,0.12803437038545562,0.29700000000000015
Eu2YRuO6,OQMD,2,0.38050000000000006,0.375,0.3860000000000001,0.007778174593052108,0.01100000000000012
Eu2YTaO6,MP,1,0.5364,0.5364,0.5364,,0.0
Eu2YTaO6,OQMD,5,3.942,3.6790000000000003,4.151,0.1830273203650207,0.47199999999999953
Eu2YVO6,OQMD,1,2.0380000000000003,2.0380000000000003,2.0380000000000003,,0.0
Fe2BiAsO6,OQMD,1,1.8230000000000004,1.8230000000000004,1.8230000000000004,,0.0
Fe3Co(BiO3)4,MP,1,0.7248000000000001,0.7248000000000001,0.7248000000000001,,0.0
Fe3Co(BiO3)4,OQMD,1,1.4219999999999997,1.4219999999999997,1.4219999999999997,,0.0
Fe3Te3ClO10,MP,1,1.9995999999999992,1.9995999999999992,1.9995999999999992,,0.0
Fe4Co(BiO3)5,MP,3,1.3264,1.081999999999999,1.4885000000000002,0.20463382744144135,0.4065000000000012
FeBi(PbO3)2,OQMD,1,0.235,0.235,0.235,,0.0
FeBiO3,OQMD,10,1.412,0.3929999999999998,1.5390000000000006,0.33648544627599514,1.1460000000000008
FeCo(BiO3)2,MP,1,0.5354999999999991,0.5354999999999991,0.5354999999999991,,0.0
FeTe3BrO7,AFLOW,1,1.7729,1.7729,1.7729,,0.0
FeTe3BrO7,MP,1,1.0909,1.0909,1.0909,,0.0
FeTe3ClO7,AFLOW,1,2.0779,2.0779,2.0779,,0.0
FeTe3ClO7,MP,1,2.2711,2.2711,2.2711,,0.0
Ga2Fe2Bi2O9,AFLOW,1,1.7606,1.7606,1.7606,,0.0
Ga2Fe2Bi2O9,MP,1,1.741,1.741,1.741,,0.0
GaBi(PbO3)2,OQMD,1,0.472,0.472,0.472,,0.0
GaBiO3,OQMD,11,2.612,1.4419999999999993,3.168,0.6297612823342452,1.7260000000000009
GaFe(BiO3)2,MP,1,1.6718000000000002,1.6718000000000002,1.6718000000000002,,0.0
Gd3Y(FeO3)4,MP,1,1.5032,1.5032,1.5032,,0.0
GdFe2BiO6,MP,1,1.317599999999999,1.317599999999999,1.317599999999999,,0.0
GdFe4(BiO4)3,MP,1,1.6060999999999992,1.6060999999999992,1.6060999999999992,,0.0
GdGe2SbO6,OQMD,1,3.138,3.138,3.138,,0.0
GdY(CoO3)2,OQMD,1,0.793,0.793,0.793,,0.0
GdY(FeO3)2,MP,1,1.583099999999999,1.583099999999999,1.583099999999999,,0.0
GdY(GaO3)2,OQMD,1,3.105,3.105,3.105,,0.0
GdY3(FeO3)4,MP,1,0.38260000000000005,0.38260000000000005,0.38260000000000005,,0.0
GdYCr2O6,OQMD,1,1.702,1.702,1.702,,0.0
Ge2BiAsO6,OQMD,1,1.9690000000000003,1.9690000000000003,1.9690000000000003,,0.0
Ge2TePbO6,OQMD,1,2.232,2.232,2.232,,0.0
GeTe(PbO3)2,OQMD,5,1.060999999999999,0.4759999999999991,1.1749999999999998,0.2903971418592135,0.6990000000000007
HfBiO3,OQMD,1,0.286,0.286,0.286,,0.0
HfGe(PbO3)2,OQMD,3,2.8499999999999996,2.823,3.157,0.18553256677288044,0.3340000000000001
HfMn(PbO3)2,OQMD,3,1.072,1.069,1.3759999999999994,0.1763868853779476,0.3069999999999995
HfTe(PbO3)2,OQMD,3,1.6109999999999998,0.2999999999999998,1.877,0.8442359464825774,1.5770000000000002
Hg2BiSbO6,OQMD,2,0.9205000000000001,0.227,1.614,0.9807571055057415,1.387
Ho2VBiO6,OQMD,1,2.0759999999999996,2.0759999999999996,2.0759999999999996,,0.0
HoMn2BiO6,OQMD,1,0.242,0.242,0.242,,0.0
K2BaNb2O7,OQMD,2,1.55,1.48,1.62,0.09899494936611673,0.14000000000000012
K2BaTa2O7,OQMD,1,2.227,2.227,2.227,,0.0
K2CaNb2O7,OQMD,1,1.456,1.456,1.456,,0.0
K2CaTa2O7,OQMD,1,2.204,2.204,2.204,,0.0
K2MnV2O7,AFLOW,1,2.4432,2.4432,2.4432,,0.0
K2MnV2O7,MP,1,2.41,2.41,2.41,,0.0
K2SrNb2O7,OQMD,1,1.531,1.531,1.531,,0.0
K2SrSb2O7,OQMD,1,0.748,0.748,0.748,,0.0
K2SrTa2O7,AFLOW,1,2.3325,2.3325,2.3325,,0.0
K2SrTa2O7,JARVIS,1,2.117,2.117,2.117,,0.0
K2SrTa2O7,MP,1,2.0748,2.0748,2.0748,,0.0
K2SrTa2O7,OQMD,1,2.229,2.229,2.229,,0.0
K2SrV2O7,OQMD,1,0.4670000000000001,0.4670000000000001,0.4670000000000001,,0.0
K2SrV3O9,MP,1,2.214299999999999,2.214299999999999,2.214299999999999,,0.0
K2YReO6,OQMD,1,1.6480000000000001,1.6480000000000001,1.6480000000000001,,0.0
K2ZrGe2O7,AFLOW,1,3.8387,3.8387,3.8387,,0.0
K2ZrGe2O7,MP,1,3.9148,3.9148,3.9148,,0.0
K2ZrV2O8,OQMD,1,3.726,3.726,3.726,,0.0
K3V3(BiO6)2,MP,1,2.9426,2.9426,2.9426,,0.0
K4Ca(WO4)3,JARVIS,1,0.445,0.445,0.445,,0.0
K4Ca(WO4)3,MP,1,2.4664,2.4664,2.4664,,0.0
K4CaV6O16,MP,1,0.526999999999999,0.526999999999999,0.526999999999999,,0.0
KBa2ReO6,OQMD,10,2.0755,1.899,2.211,0.09999666661110919,0.31199999999999983
KBa4(SbO4)3,OQMD,1,2.2870000000000004,2.2870000000000004,2.2870000000000004,,0.0
KBaBiTeO6,OQMD,1,1.6100000000000003,1.6100000000000003,1.6100000000000003,,0.0
KCa10V7O28,MP,1,3.8048,3.8048,3.8048,,0.0
KCa2ReO6,OQMD,11,1.884,1.62,2.488,0.28155832594524877,0.8679999999999999
KCeHfMnO6,OQMD,1,1.7440000000000002,1.7440000000000002,1.7440000000000002,,0.0
KCeHfTeO6,OQMD,1,3.3009999999999997,3.3009999999999997,3.3009999999999997,,0.0
KCeMnVO6,OQMD,1,0.4660000000000002,0.4660000000000002,0.4660000000000002,,0.0
KCeNbBiO6,OQMD,1,3.0010000000000003,3.0010000000000003,3.0010000000000003,,0.0
KCeTiTeO6,OQMD,1,2.9679999999999995,2.9679999999999995,2.9679999999999995,,0.0
KCeVBiO6,OQMD,1,2.234,2.234,2.234,,0.0
KCeVInO6,OQMD,1,2.133,2.133,2.133,,0.0
KCeVSbO6,OQMD,1,1.7860000000000005,1.7860000000000005,1.7860000000000005,,0.0
KCeZrMnO6,OQMD,1,1.904,1.904,1.904,,0.0
KCeZrTeO6,OQMD,1,3.0780000000000003,3.0780000000000003,3.0780000000000003,,0.0
KCr2InO6,OQMD,1,1.2440000000000002,1.2440000000000002,1.2440000000000002,,0.0
KDyHfMnO6,OQMD,1,1.9,1.9,1.9,,0.0
KDyHfTeO6,OQMD,1,3.3810000000000002,3.3810000000000002,3.3810000000000002,,0.0
KDyNbBiO6,OQMD,1,3.238,3.238,3.238,,0.0
KDyTiTeO6,OQMD,1,2.972,2.972,2.972,,0.0
KDyVBiO6,OQMD,1,2.2020000000000004,2.2020000000000004,2.2020000000000004,,0.0
KDyVInO6,OQMD,1,2.201,2.201,2.201,,0.0
KDyZrCrO6,OQMD,1,1.262,1.262,1.262,,0.0
KDyZrMnO6,OQMD,1,1.903,1.903,1.903,,0.0
KDyZrTeO6,OQMD,1,3.499,3.499,3.499,,0.0
KErHfMnO6,OQMD,1,1.9020000000000001,1.9020000000000001,1.9020000000000001,,0.0
KErHfTeO6,OQMD,1,3.519,3.519,3.519,,0.0
KErNbBiO6,OQMD,1,3.127,3.127,3.127,,0.0
KErTaBiO6,OQMD,1,3.669,3.669,3.669,,0.0
KErTiTeO6,OQMD,1,2.9799999999999995,2.9799999999999995,2.9799999999999995,,0.0
KErVBiO6,OQMD,1,2.226,2.226,2.226,,0.0
KErVInO6,OQMD,1,2.2089999999999996,2.2089999999999996,2.2089999999999996,,0.0
KErVSbO6,OQMD,1,1.7749999999999995,1.7749999999999995,1.7749999999999995,,0.0
KErZrCrO6,OQMD,1,1.267,1.267,1.267,,0.0
KErZrMnO6,OQMD,1,1.9049999999999998,1.9049999999999998,1.9049999999999998,,0.0
KErZrTeO6,OQMD,1,3.5169999999999995,3.5169999999999995,3.5169999999999995,,0.0
KEuBiMoO6,OQMD,1,2.191,2.191,2.191,,0.0
KEuBiWO6,OQMD,1,2.6749999999999994,2.6749999999999994,2.6749999999999994,,0.0
KEuNbTeO6,OQMD,1,2.8160000000000003,2.8160000000000003,2.8160000000000003,,0.0
KEuTaTeO6,OQMD,1,3.504,3.504,3.504,,0.0
KEuVTeO6,OQMD,1,2.07,2.07,2.07,,0.0
KGdHfMnO6,OQMD,1,1.8560000000000003,1.8560000000000003,1.8560000000000003,,0.0
KGdHfTeO6,OQMD,1,3.4640000000000004,3.4640000000000004,3.4640000000000004,,0.0
KGdNbBiO6,OQMD,1,3.0449999999999995,3.0449999999999995,3.0449999999999995,,0.0
KGdTiTeO6,OQMD,1,2.896,2.896,2.896,,0.0
KGdVBiO6,OQMD,1,2.1599999999999997,2.1599999999999997,2.1599999999999997,,0.0
KGdVInO6,OQMD,1,2.282,2.282,2.282,,0.0
KGdVSbO6,OQMD,1,1.8689999999999998,1.8689999999999998,1.8689999999999998,,0.0
KGdZrCrO6,OQMD,1,1.251,1.251,1.251,,0.0
KGdZrMnO6,OQMD,1,1.8710000000000004,1.8710000000000004,1.8710000000000004,,0.0
KGdZrTeO6,OQMD,1,3.46,3.46,3.46,,0.0
KHf2BiO6,MP,1,0.861499999999999,0.861499999999999,0.861499999999999,,0.0
KHfScTeO6,OQMD,1,3.3329999999999997,3.3329999999999997,3.3329999999999997,,0.0
KHoHfMnO6,OQMD,1,1.9030000000000005,1.9030000000000005,1.9030000000000005,,0.0
KHoHfTeO6,OQMD,1,3.5229999999999997,3.5229999999999997,3.5229999999999997,,0.0
KHoNbBiO6,OQMD,1,3.2509999999999994,3.2509999999999994,3.2509999999999994,,0.0
KHoTaBiO6,OQMD,1,3.6589999999999994,3.6589999999999994,3.6589999999999994,,0.0
KHoTiTeO6,OQMD,1,2.981,2.981,2.981,,0.0
KHoVBiO6,OQMD,1,2.2119999999999997,2.2119999999999997,2.2119999999999997,,0.0
KHoVInO6,OQMD,1,2.211,2.211,2.211,,0.0
KHoVSbO6,OQMD,1,1.9089999999999998,1.9089999999999998,1.9089999999999998,,0.0
KHoZrCrO6,OQMD,1,1.0539999999999998,1.0539999999999998,1.0539999999999998,,0.0
KHoZrMnO6,OQMD,1,1.9059999999999997,1.9059999999999997,1.9059999999999997,,0.0
KHoZrTeO6,OQMD,1,3.508,3.508,3.508,,0.0
KIn(GeO3)2,JARVIS,2,2.471,2.471,2.471,0.0,0.0
KIn(GeO3)2,MP,1,2.3143000000000002,2.3143000000000002,2.3143000000000002,,0.0
KIn(GeO3)2,OQMD,1,2.753,2.753,2.753,,0.0
KLaHfTeO6,OQMD,1,3.2189999999999994,3.2189999999999994,3.2189999999999994,,0.0
KLaNbBiO6,OQMD,1,3.029,3.029,3.029,,0.0
KLaTiTeO6,OQMD,1,2.9140000000000006,2.9140000000000006,2.9140000000000006,,0.0
KLaVBiO6,OQMD,1,2.1049999999999995,2.1049999999999995,2.1049999999999995,,0.0
KLaVInO6,OQMD,1,2.0869999999999997,2.0869999999999997,2.0869999999999997,,0.0
KLaVSbO6,OQMD,1,1.6959999999999997,1.6959999999999997,1.6959999999999997,,0.0
KLaZrCrO6,OQMD,1,1.3950000000000005,1.3950000000000005,1.3950000000000005,,0.0
KLaZrMnO6,OQMD,1,2.016,2.016,2.016,,0.0
KLaZrTeO6,OQMD,1,3.13,3.13,3.13,,0.0
KLuHfMnO6,OQMD,1,1.9020000000000001,1.9020000000000001,1.9020000000000001,,0.0
KLuNbBiO6,OQMD,1,3.127,3.127,3.127,,0.0
KLuTaBiO6,OQMD,1,3.6670000000000003,3.6670000000000003,3.6670000000000003,,0.0
KLuTiTeO6,OQMD,1,2.955,2.955,2.955,,0.0
KLuVBiO6,OQMD,1,2.2089999999999996,2.2089999999999996,2.2089999999999996,,0.0
KLuVInO6,OQMD,1,2.1830000000000003,2.1830000000000003,2.1830000000000003,,0.0
KLuVSbO6,OQMD,1,1.7679999999999993,1.7679999999999993,1.7679999999999993,,0.0
KLuZrCrO6,OQMD,1,1.049,1.049,1.049,,0.0
KLuZrMnO6,OQMD,1,1.903,1.903,1.903,,0.0
KNdHfTeO6,OQMD,1,3.427,3.427,3.427,,0.0
KNdNbBiO6,OQMD,1,3.2380000000000004,3.2380000000000004,3.2380000000000004,,0.0
KNdTiTeO6,OQMD,1,2.8979999999999997,2.8979999999999997,2.8979999999999997,,0.0
KNdVBiO6,OQMD,1,2.262,2.262,2.262,,0.0
KNdVInO6,OQMD,1,2.14,2.14,2.14,,0.0
KNdVSbO6,OQMD,1,1.7720000000000002,1.7720000000000002,1.7720000000000002,,0.0
KNdZrCrO6,OQMD,1,1.2630000000000003,1.2630000000000003,1.2630000000000003,,0.0
KNdZrMnO6,OQMD,1,1.9120000000000004,1.9120000000000004,1.9120000000000004,,0.0
KNdZrTeO6,OQMD,1,3.3070000000000004,3.3070000000000004,3.3070000000000004,,0.0
KPmHfTeO6,OQMD,1,3.389,3.389,3.389,,0.0
KPmNbBiO6,OQMD,1,3.0180000000000002,3.0180000000000002,3.0180000000000002,,0.0
KPmTiTeO6,OQMD,1,3.0050000000000003,3.0050000000000003,3.0050000000000003,,0.0
KPmVInO6,OQMD,1,2.215,2.215,2.215,,0.0
KPmZrCrO6,OQMD,1,1.262,1.262,1.262,,0.0
KPmZrMnO6,OQMD,1,1.912,1.912,1.912,,0.0
KPmZrTeO6,OQMD,1,3.2989999999999995,3.2989999999999995,3.2989999999999995,,0.0
KPrHfMnO6,OQMD,1,1.8180000000000005,1.8180000000000005,1.8180000000000005,,0.0
KPrHfTeO6,OQMD,1,3.312,3.312,3.312,,0.0
KPrNbBiO6,OQMD,1,3.1239999999999997,3.1239999999999997,3.1239999999999997,,0.0
KPrTiTeO6,OQMD,1,2.945,2.945,2.945,,0.0
KPrVBiO6,OQMD,1,2.181,2.181,2.181,,0.0
KPrVInO6,OQMD,1,2.2359999999999998,2.2359999999999998,2.2359999999999998,,0.0
KPrVSbO6,OQMD,1,1.7079999999999997,1.7079999999999997,1.7079999999999997,,0.0
KPrZrCrO6,OQMD,1,1.263,1.263,1.263,,0.0
KPrZrMnO6,OQMD,1,1.9160000000000004,1.9160000000000004,1.9160000000000004,,0.0
KPrZrTeO6,OQMD,1,3.3030000000000004,3.3030000000000004,3.3030000000000004,,0.0
KScNbBiO6,OQMD,1,3.2889999999999997,3.2889999999999997,3.2889999999999997,,0.0
KScTiTeO6,OQMD,1,2.8150000000000004,2.8150000000000004,2.8150000000000004,,0.0
KScVBiO6,OQMD,1,2.4170000000000003,2.4170000000000003,2.4170000000000003,,0.0
KSmHfMnO6,OQMD,1,1.8199999999999998,1.8199999999999998,1.8199999999999998,,0.0
KSmHfTeO6,OQMD,1,3.496,3.496,3.496,,0.0
KSmNbBiO6,OQMD,1,3.1210000000000004,3.1210000000000004,3.1210000000000004,,0.0
KSmTiTeO6,OQMD,1,2.9360000000000004,2.9360000000000004,2.9360000000000004,,0.0
KSmVBiO6,OQMD,1,2.2510000000000003,2.2510000000000003,2.2510000000000003,,0.0
KSmVInO6,OQMD,1,2.2889999999999997,2.2889999999999997,2.2889999999999997,,0.0
KSmVSbO6,OQMD,1,1.73,1.73,1.73,,0.0
KSmZrCrO6,OQMD,1,1.262,1.262,1.262,,0.0
KSmZrMnO6,OQMD,1,1.9129999999999998,1.9129999999999998,1.9129999999999998,,0.0
KSmZrTeO6,OQMD,1,3.2969999999999997,3.2969999999999997,3.2969999999999997,,0.0
KSr2ReO6,OQMD,9,1.983,1.819,2.24,0.12020237564670302,0.42100000000000026
KTbHfMnO6,OQMD,1,1.9009999999999998,1.9009999999999998,1.9009999999999998,,0.0
KTbHfTeO6,OQMD,1,3.5300000000000002,3.5300000000000002,3.5300000000000002,,0.0
KTbMnVO6,OQMD,1,0.8300000000000001,0.8300000000000001,0.8300000000000001,,0.0
KTbNbBiO6,OQMD,1,3.0840000000000005,3.0840000000000005,3.0840000000000005,,0.0
KTbTiTeO6,OQMD,1,2.8320000000000003,2.8320000000000003,2.8320000000000003,,0.0
KTbVBiO6,OQMD,1,2.2019999999999995,2.2019999999999995,2.2019999999999995,,0.0
KTbVInO6,OQMD,1,2.1890000000000005,2.1890000000000005,2.1890000000000005,,0.0
KTbVSbO6,OQMD,1,1.9010000000000002,1.9010000000000002,1.9010000000000002,,0.0
KTbZrMnO6,OQMD,1,1.9000000000000004,1.9000000000000004,1.9000000000000004,,0.0
KTbZrTeO6,OQMD,1,3.291,3.291,3.291,,0.0
KTi2BiO6,JARVIS,1,1.639,1.639,1.639,,0.0
KTi2BiO6,MP,1,1.377,1.377,1.377,,0.0
KTmHfMnO6,OQMD,1,1.8990000000000005,1.8990000000000005,1.8990000000000005,,0.0
KTmHfTeO6,OQMD,1,3.6529999999999996,3.6529999999999996,3.6529999999999996,,0.0
KTmNbBiO6,OQMD,1,3.2520000000000002,3.2520000000000002,3.2520000000000002,,0.0
KTmTaBiO6,OQMD,1,3.657,3.657,3.657,,0.0
KTmTiTeO6,OQMD,1,2.84,2.84,2.84,,0.0
KTmVBiO6,OQMD,1,2.2130000000000005,2.2130000000000005,2.2130000000000005,,0.0
KTmVInO6,OQMD,1,2.2079999999999997,2.2079999999999997,2.2079999999999997,,0.0
KTmVSbO6,OQMD,1,1.9129999999999998,1.9129999999999998,1.9129999999999998,,0.0
KTmZrCrO6,OQMD,1,1.0539999999999998,1.0539999999999998,1.0539999999999998,,0.0
KTmZrMnO6,OQMD,1,1.903,1.903,1.903,,0.0
KTmZrTeO6,OQMD,1,3.304,3.304,3.304,,0.0
KY2NbO6,OQMD,1,3.8279999999999994,3.8279999999999994,3.8279999999999994,,0.0
KYAlVO6,OQMD,1,1.8569999999999998,1.8569999999999998,1.8569999999999998,,0.0
KYCdMoO6,OQMD,1,2.7120000000000006,2.7120000000000006,2.7120000000000006,,0.0
KYCdWO6,OQMD,1,3.2700000000000005,3.2700000000000005,3.2700000000000005,,0.0
KYCrFeO6,OQMD,1,0.5580000000000003,0.5580000000000003,0.5580000000000003,,0.0
KYHfCrO6,OQMD,1,1.1149999999999998,1.1149999999999998,1.1149999999999998,,0.0
KYHfMnO6,OQMD,1,1.8630000000000004,1.8630000000000004,1.8630000000000004,,0.0
KYMnNbO6,OQMD,1,0.738,0.738,0.738,,0.0
KYMnVO6,OQMD,1,0.9180000000000001,0.9180000000000001,0.9180000000000001,,0.0
KYMoPtO6,OQMD,1,0.7400000000000002,0.7400000000000002,0.7400000000000002,,0.0
KYNbAsO6,OQMD,1,3.038,3.038,3.038,,0.0
KYNbAuO6,OQMD,1,0.7199999999999998,0.7199999999999998,0.7199999999999998,,0.0
KYNbCoO6,OQMD,1,1.113,1.113,1.113,,0.0
KYNbFeO6,OQMD,1,2.047,2.047,2.047,,0.0
KYNbIrO6,OQMD,1,1.4859999999999998,1.4859999999999998,1.4859999999999998,,0.0
KYNbTlO6,OQMD,1,2.347,2.347,2.347,,0.0
KYPtWO6,OQMD,1,0.5550000000000006,0.5550000000000006,0.5550000000000006,,0.0
KYScVO6,OQMD,1,2.2630000000000003,2.2630000000000003,2.2630000000000003,,0.0
KYTaAuO6,OQMD,1,0.726,0.726,0.726,,0.0
KYTaCoO6,OQMD,1,1.12,1.12,1.12,,0.0
KYTaFeO6,OQMD,1,2.241,2.241,2.241,,0.0
KYTaIrO6,OQMD,1,1.4929999999999994,1.4929999999999994,1.4929999999999994,,0.0
KYTaMnO6,OQMD,1,0.9280000000000004,0.9280000000000004,0.9280000000000004,,0.0
KYTaTlO6,OQMD,1,2.55,2.55,2.55,,0.0
KYTiCoO6,OQMD,1,0.8879999999999999,0.8879999999999999,0.8879999999999999,,0.0
KYTiCrO6,OQMD,1,0.8999999999999999,0.8999999999999999,0.8999999999999999,,0.0
KYTiGeO6,OQMD,1,2.9579999999999997,2.9579999999999997,2.9579999999999997,,0.0
KYTiMnO6,OQMD,1,1.48,1.48,1.48,,0.0
KYTiPbO6,OQMD,1,1.9619999999999997,1.9619999999999997,1.9619999999999997,,0.0
KYTiPdO6,OQMD,1,1.2550000000000003,1.2550000000000003,1.2550000000000003,,0.0
KYTiPtO6,OQMD,1,1.4859999999999998,1.4859999999999998,1.4859999999999998,,0.0
KYTiSnO6,OQMD,1,3.266,3.266,3.266,,0.0
KYTlVO6,OQMD,1,1.786,1.786,1.786,,0.0
KYVAsO6,OQMD,1,2.146,2.146,2.146,,0.0
KYVAuO6,OQMD,1,1.2519999999999998,1.2519999999999998,1.2519999999999998,,0.0
KYVBiO6,OQMD,1,2.317,2.317,2.317,,0.0
KYVCoO6,OQMD,1,1.12,1.12,1.12,,0.0
KYVCrO6,OQMD,1,1.6550000000000002,1.6550000000000002,1.6550000000000002,,0.0
KYVFeO6,OQMD,1,1.4810000000000003,1.4810000000000003,1.4810000000000003,,0.0
KYVGaO6,OQMD,1,2.2130000000000005,2.2130000000000005,2.2130000000000005,,0.0
KYVIrO6,OQMD,1,0.7430000000000003,0.7430000000000003,0.7430000000000003,,0.0
KYVRhO6,OQMD,1,0.7429999999999999,0.7429999999999999,0.7429999999999999,,0.0
KYVRuO6,OQMD,1,0.3720000000000008,0.3720000000000008,0.3720000000000008,,0.0
KYVSbO6,OQMD,1,1.9520000000000004,1.9520000000000004,1.9520000000000004,,0.0
KYZrCrO6,OQMD,1,1.2530000000000001,1.2530000000000001,1.2530000000000001,,0.0
KYZrGeO6,OQMD,1,4.218,4.218,4.218,,0.0
KYZrMnO6,OQMD,1,1.9019999999999997,1.9019999999999997,1.9019999999999997,,0.0
KYbBiMoO6,OQMD,1,2.151,2.151,2.151,,0.0
KYbBiWO6,OQMD,1,2.8099999999999996,2.8099999999999996,2.8099999999999996,,0.0
KYbCrBiO6,OQMD,1,0.8140000000000001,0.8140000000000001,0.8140000000000001,,0.0
KYbCrInO6,OQMD,1,0.9590000000000001,0.9590000000000001,0.9590000000000001,,0.0
KYbNbTeO6,OQMD,1,2.928,2.928,2.928,,0.0
KYbTaTeO6,OQMD,1,3.46,3.46,3.46,,0.0
KYbVTeO6,OQMD,1,2.034,2.034,2.034,,0.0
KZr2BiO6,MP,1,0.7410000000000001,0.7410000000000001,0.7410000000000001,,0.0
KZrScTeO6,OQMD,1,3.306,3.306,3.306,,0.0
La2AlBiO6,OQMD,10,2.0865,0.908000000000001,3.257,0.7726489859927054,2.3489999999999993
La2AlInO6,OQMD,10,3.5845000000000002,3.121,4.297,0.4423887807498439,1.1759999999999997
La2AlSbO6,OQMD,1,2.471,2.471,2.471,,0.0
La2BiIrO6,OQMD,10,1.0514999999999999,0.399000000000001,1.324,0.3152922630054708,0.924999999999999
La2BiMoO6,OQMD,1,0.432,0.432,0.432,,0.0
La2BiRhO6,OQMD,9,1.047,0.811,1.323,0.200121837888822,0.5119999999999999
La2CoBiO6,OQMD,5,1.038,0.261,1.825,0.5547310158986966,1.564
La2CoTeO6,OQMD,5,1.048,0.665000000000001,1.445,0.3057886525036527,0.779999999999999
La2CrBiO6,OQMD,9,1.745,0.683,2.252,0.6524875690599613,1.5689999999999997
La2CrPdO6,OQMD,1,0.526,0.526,0.526,,0.0
La2CrTeO6,OQMD,1,0.658999999999999,0.658999999999999,0.658999999999999,,0.0
La2FeBiO6,OQMD,6,1.237,0.523,1.846,0.43297332481343476,1.323
La2GaBiO6,OQMD,10,2.0895,0.389000000000001,2.735,0.9331955612601008,2.3459999999999988
La2GePdO6,OQMD,1,0.39200000000000035,0.39200000000000035,0.39200000000000035,,0.0
La2HfTeO6,OQMD,1,0.654,0.654,0.654,,0.0
La2MnBiO6,OQMD,2,0.9959999999999996,0.803999999999999,1.188,0.27152900397563484,0.3840000000000009
La2MnCrO6,MP,2,0.8678499999999996,0.7623999999999991,0.9733,0.14912882015224355,0.21090000000000098
La2MnCrO6,OQMD,4,0.7289999999999996,0.397,0.795999999999999,0.1873933029753196,0.398999999999999
La2MnGeO6,OQMD,10,2.094,0.964,2.7399999999999993,0.7083145879872556,1.7759999999999994
La2NiBiO6,OQMD,1,0.803999999999999,0.803999999999999,0.803999999999999,,0.0
La2NiTeO6,OQMD,8,1.3744999999999998,0.664,2.379,0.5405445501661132,1.7149999999999999
La2ScBiO6,OQMD,9,2.265,0.369999999999999,3.274,1.1881393834245397,2.904000000000001
La2VBiO6,OQMD,8,1.2570000000000001,0.404999999999999,1.708,0.4822340125469614,1.3030000000000008
La2VTeO6,OQMD,1,0.4060000000000006,0.4060000000000006,0.4060000000000006,,0.0
La2YAlO6,OQMD,9,3.617,2.907,4.305,0.5295073181741683,1.3979999999999997
La2YCoO6,OQMD,10,2.433,1.159,2.591,0.5841972269704812,1.4320000000000002
La2YCrO6,OQMD,9,2.641,1.798,3.327,0.5910567748627126,1.529
La2YFeO6,OQMD,10,2.3040000000000003,0.966,2.4959999999999996,0.4647471953175787,1.5299999999999996
La2YGaO6,OQMD,7,3.471,2.749,4.325,0.6071493108900692,1.576
La2YIrO6,OQMD,10,1.49,0.645,2.159,0.592504861677194,1.5139999999999998
La2YMnO6,OQMD,6,0.9864999999999999,0.486999999999999,1.49,0.40038981006014646,1.003000000000001
La2YMoO6,OQMD,5,0.837,0.834,0.8409999999999993,0.003082207001484045,0.00699999999999934
La2YReO6,OQMD,1,0.503,0.503,0.503,,0.0
La2YTiO6,OQMD,1,0.328999999999999,0.328999999999999,0.328999999999999,,0.0
La2YVO6,OQMD,6,1.655,0.649000000000001,2.002,0.5386686365475528,1.3529999999999989
La2ZnTeO6,OQMD,2,1.6275,1.173,2.082,0.6427600640985716,0.9089999999999998
La3MgZrAl3O12,OQMD,1,0.9800000000000004,0.9800000000000004,0.9800000000000004,,0.0
La4Mn3VO12,OQMD,1,0.2649999999999997,0.2649999999999997,0.2649999999999997,,0.0
La7YAl8O24,MP,1,3.635099999999999,3.635099999999999,3.635099999999999,,0.0
La8Al7InO24,MP,1,3.519400000000001,3.519400000000001,3.519400000000001,,0.0
LaFe4(BiO4)3,MP,1,1.5881999999999992,1.5881999999999992,1.5881999999999992,,0.0
LaFe5Bi4O15,MP,3,1.5941,0.050699999999999,1.7804,0.9494431122154369,1.729700000000001
LaMg3MnCr3O12,OQMD,1,0.4419999999999993,0.4419999999999993,0.4419999999999993,,0.0
LaMg3Zr3AlO12,OQMD,1,2.037,2.037,2.037,,0.0
LaMg3ZrCr3O12,OQMD,1,0.4170000000000007,0.4170000000000007,0.4170000000000007,,0.0
LaMn2BiO6,MP,1,1.1351,1.1351,1.1351,,0.0
LaMn3Cr4O12,MP,1,1.6430999999999991,1.6430999999999991,1.6430999999999991,,0.0
LaMn4(BiO4)3,MP,1,1.346099999999999,1.346099999999999,1.346099999999999,,0.0
LaNi4(BiO4)3,MP,1,0.43409999999999904,0.43409999999999904,0.43409999999999904,,0.0
LaSm3Mn2Cr2O12,OQMD,1,0.3620000000000001,0.3620000000000001,0.3620000000000001,,0.0
LaY(FeO3)2,OQMD,1,0.361000000000001,0.361000000000001,0.361000000000001,,0.0
LaY(GaO3)2,OQMD,3,3.311,3.250000000000001,3.8790000000000004,0.34688758986161494,0.6289999999999996
LaYCr2O6,OQMD,1,1.809,1.809,1.809,,0.0
Li2CaTa2O7,JARVIS,2,2.4050000000000002,2.172,2.638,0.3295117600329308,0.46599999999999975
Li2CaTa2O7,MP,3,2.4847,2.1401,2.8142,0.3370781857868192,0.6741000000000001
Li2CaTa2O7,OQMD,2,2.422,2.32,2.5240000000000005,0.14424978336205613,0.20400000000000063
Li2Mn3Cr3O12,MP,1,0.07339999999999901,0.07339999999999901,0.07339999999999901,,0.0
Li2TeMoO6,MP,1,3.0987,3.0987,3.0987,,0.0
Li2TeWO6,MP,1,3.640099999999999,3.640099999999999,3.640099999999999,,0.0
Li3Cu(TeO3)4,MP,1,0.4363,0.4363,0.4363,,0.0
Li3MnV4O12,MP,3,1.1263,0.799299999999999,1.3841,0.2930815813614593,0.5848000000000011
Li3V(TeO3)4,MP,1,1.9545000000000001,1.9545000000000001,1.9545000000000001,,0.0
Li3Y3(TeO6)2,MP,1,3.2397,3.2397,3.2397,,0.0
Li4Ca3Nb6O20,MP,1,1.325999999999999,1.325999999999999,1.325999999999999,,0.0
Li4Ti(TeO4)3,JARVIS,1,1.699,1.699,1.699,,0.0
Li4Ti(TeO4)3,MP,1,1.641099999999999,1.641099999999999,1.641099999999999,,0.0
Li4V(TeO4)3,MP,2,1.2015999999999996,1.002299999999999,1.4009,0.2818527629809585,0.39860000000000095
LiCa2ReO6,MP,1,1.5831,1.5831,1.5831,,0.0
LiCa2ReO6,OQMD,11,2.209,1.621,2.235,0.26241570074978365,0.6139999999999999
LiCa4(SbO4)3,OQMD,1,2.51,2.51,2.51,,0.0
LiMnCr2O6,MP,1,0.300699999999999,0.300699999999999,0.300699999999999,,0.0
LiTi2BiO6,JARVIS,1,2.65,2.65,2.65,,0.0
LiTi2BiO6,MP,1,2.709699999999999,2.709699999999999,2.709699999999999,,0.0
LiY2RuO6,OQMD,1,0.39300000000000024,0.39300000000000024,0.39300000000000024,,0.0
LiY2SbO6,OQMD,1,4.462,4.462,4.462,,0.0
LiY3WO8,JARVIS,2,2.616,2.317,2.915,0.4228498551495553,0.5979999999999999
LiY3WO8,MP,2,3.08085,2.8392,3.3225,0.3417447073474583,0.48329999999999984
LiY5(MoO6)2,MP,3,1.6508999999999991,0.11559999999999901,1.686799999999999,0.8969489338864282,1.5712
LiYCr3O8,OQMD,1,0.7810000000000001,0.7810000000000001,0.7810000000000001,,0.0
LiYMn3O8,OQMD,1,1.4059999999999997,1.4059999999999997,1.4059999999999997,,0.0
LiYMo3O8,AFLOW,1,1.6165,1.6165,1.6165,,0.0
LiYMo3O8,JARVIS,1,1.327,1.327,1.327,,0.0
LiYMo3O8,OQMD,1,1.391,1.391,1.391,,0.0
LiYTi3O8,OQMD,1,2.3019999999999996,2.3019999999999996,2.3019999999999996,,0.0
LiYV3O8,OQMD,1,1.3240000000000003,1.3240000000000003,1.3240000000000003,,0.0
LuMn2BiO6,OQMD,1,0.2469999999999999,0.2469999999999999,0.2469999999999999,,0.0
Mg2BiSbO6,MP,1,1.3876,1.3876,1.3876,,0.0
Mg2BiSbO6,OQMD,1,2.6580000000000004,2.6580000000000004,2.6580000000000004,,0.0
Mg2BiWO6,MP,2,2.1138999999999992,1.9292999999999991,2.298499999999999,0.2610638236140733,0.36919999999999975
Mg2CrBiO6,OQMD,1,0.6150000000000002,0.6150000000000002,0.6150000000000002,,0.0
Mg2Nb2TeO8,MP,1,1.1336,1.1336,1.1336,,0.0
Mg2NbBiO6,OQMD,1,3.0959999999999996,3.0959999999999996,3.0959999999999996,,0.0
Mg2TaBiO6,JARVIS,1,2.146,2.146,2.146,,0.0
Mg2TaBiO6,MP,1,2.0892,2.0892,2.0892,,0.0
Mg2TaBiO6,OQMD,1,3.1409999999999996,3.1409999999999996,3.1409999999999996,,0.0
Mg2TeWO6,MP,1,0.6915,0.6915,0.6915,,0.0
Mg2VBiO6,AFLOW,1,3.1773,3.1773,3.1773,,0.0
Mg2VBiO6,JARVIS,3,3.116,3.069,3.116,0.0271354626519125,0.04700000000000015
Mg2VBiO6,MP,2,3.23975,3.1885,3.291,0.07247844507162114,0.10250000000000004
Mg2VBiO6,OQMD,2,3.3495,3.339,3.36,0.014849242404917433,0.020999999999999908
Mg2VSbO6,MP,1,1.186,1.186,1.186,,0.0
Mg3Ge3(BiO6)2,MP,1,2.6699,2.6699,2.6699,,0.0
Mg3Ge3(SbO6)2,MP,1,2.1601,2.1601,2.1601,,0.0
Mg4Co5(TeO6)3,MP,1,1.4502000000000002,1.4502000000000002,1.4502000000000002,,0.0
Mg4Cr5(TeO6)3,MP,1,0.25519999999999904,0.25519999999999904,0.25519999999999904,,0.0
Mg4Fe5(TeO6)3,MP,1,0.5456000000000001,0.5456000000000001,0.5456000000000001,,0.0
Mg4Mn5(TeO6)3,MP,1,0.7073,0.7073,0.7073,,0.0
Mg4Ni5(TeO6)3,MP,1,1.8977,1.8977,1.8977,,0.0
Mg4Sn5(TeO6)3,MP,1,1.415099999999999,1.415099999999999,1.415099999999999,,0.0
Mg4Ti5(TeO6)3,MP,1,0.11859999999999901,0.11859999999999901,0.11859999999999901,,0.0
MgAl(Bi3O5)4,MP,1,0.5566999999999991,0.5566999999999991,0.5566999999999991,,0.0
MgCo2(BiO4)2,MP,2,0.5858999999999991,0.056599999999999005,1.115199999999999,0.7485432385640792,1.0586
MgCo3BiO8,MP,2,0.7182499999999996,0.5598999999999991,0.8766,0.22394071760178033,0.316700000000001
MgCo3TeO8,MP,3,0.14170000000000002,0.0594,0.5341,0.25367010729160294,0.4747
MgCo4(Te2O5)4,MP,4,1.005399999999999,0.34030000000000005,1.471,0.563688840732781,1.1307
MgCr2(BiO4)2,MP,2,0.9307000000000001,0.6194000000000001,1.242,0.4402446819667444,0.6225999999999999
MgCr3InO8,MP,3,0.5487000000000001,0.3629,0.7584000000000001,0.19787031948559983,0.3955000000000001
MgCu2(TeO4)2,MP,2,0.2157,0.137,0.2944,0.11129860735876257,0.15739999999999998
MgMn(GeO3)2,JARVIS,3,0.208,0.076,0.208,0.07621023553303059,0.132
MgMn(GeO3)2,MP,2,1.4848499999999996,1.406499999999999,1.5632000000000001,0.11080363261193282,0.15670000000000117
MgMn2(FeO4)2,MP,2,0.87575,0.7185,1.033,0.22238508268316914,0.3144999999999999
MgMn2Cr2O8,MP,2,0.4902,0.3406,0.6398,0.21156634893101503,0.2992
MgMn2V2O8,MP,3,2.0906,2.0534,2.4752,0.23352952704101484,0.4218000000000002
MgMn3SbO8,MP,1,0.48309999999999903,0.48309999999999903,0.48309999999999903,,0.0
MgTi(BiO3)2,JARVIS,1,2.752,2.752,2.752,,0.0
MgTi(BiO3)2,MP,1,2.7861000000000002,2.7861000000000002,2.7861000000000002,,0.0
MgTi2(Bi2O5)2,MP,2,0.5889500000000001,0.1383,1.0396,0.6373153418834354,0.9013000000000001
MgTi4Bi2O11,MP,1,0.06820000000000001,0.06820000000000001,0.06820000000000001,,0.0
MgV2(BiO4)2,MP,1,1.3998,1.3998,1.3998,,0.0
MgV2Bi4O11,MP,2,1.55865,1.4613,1.6560000000000001,0.13767369029702087,0.1947000000000001
MgZr2(BiO4)2,MP,1,3.002299999999999,3.002299999999999,3.002299999999999,,0.0
Mn2FeBiO6,OQMD,1,0.2549999999999999,0.2549999999999999,0.2549999999999999,,0.0
Mn2InBiO6,OQMD,1,0.24299999999999988,0.24299999999999988,0.24299999999999988,,0.0
Mn2V2Bi2O9,OQMD,3,1.4000000000000004,1.1660000000000004,1.9929999999999999,0.4262890255839729,0.8269999999999995
Mn2VBiO6,OQMD,1,1.9160000000000004,1.9160000000000004,1.9160000000000004,,0.0
Mn3Al2(GeO4)3,MP,1,2.3798,2.3798,2.3798,,0.0
Mn3Al2(SiO4)3,AFLOW,24,3.57475,3.5722,3.5781,0.0015456108965319825,0.005900000000000016
Mn3Al2(SiO4)3,MP,1,3.7426999999999992,3.7426999999999992,3.7426999999999992,,0.0
Mn3Co3(TeO6)2,JARVIS,1,0.11,0.11,0.11,,0.0
Mn3Co3(TeO6)2,MP,1,1.444999999999999,1.444999999999999,1.444999999999999,,0.0
Mn5Zn4(TeO6)3,MP,1,0.2265,0.2265,0.2265,,0.0
MnBi2PbO6,OQMD,2,0.8364999999999996,0.4819999999999993,1.1909999999999998,0.5013387078612626,0.7090000000000005
MnBi2RhO6,OQMD,1,0.25899999999999945,0.25899999999999945,0.25899999999999945,,0.0
MnBiO3,OQMD,4,0.255,0.2549999999999999,0.255999999999999,0.000499999999999527,0.0009999999999991127
MnCo(BiO3)2,AFLOW,1,0.7568,0.7568,0.7568,,0.0
MnCo(BiO3)2,OQMD,2,0.7685000000000004,0.6420000000000003,0.8950000000000005,0.17889801564019658,0.2530000000000001
MnCo2TeO6,MP,1,1.4605000000000001,1.4605000000000001,1.4605000000000001,,0.0
MnCr(BiO3)2,OQMD,2,0.5634999999999999,0.24599999999999955,0.8810000000000002,0.44901280605345817,0.6350000000000007
MnFe(BiO3)2,OQMD,1,0.2610000000000001,0.2610000000000001,0.2610000000000001,,0.0
MnFe3(BiO3)4,MP,1,0.9373,0.9373,0.9373,,0.0
MnFe4(BiO3)5,MP,1,1.0898,1.0898,1.0898,,0.0
MnGe(BiO3)2,OQMD,2,1.7034999999999991,1.3039999999999994,2.102999999999999,0.5649783181680511,0.7989999999999995
MnRe(PbO3)2,MP,1,0.175799999999999,0.175799999999999,0.175799999999999,,0.0
MnV(BiO3)2,OQMD,1,0.7720000000000002,0.7720000000000002,0.7720000000000002,,0.0
MnV2(PbO4)2,MP,1,1.646,1.646,1.646,,0.0
Na2Ca(Ge3O7)2,MP,1,2.7066,2.7066,2.7066,,0.0
Na2CaTa2O7,OQMD,1,2.176,2.176,2.176,,0.0
Na2Ge2Sb2O9,OQMD,3,1.367,1.2400000000000007,1.734,0.2565326489942359,0.49399999999999933
Na2InReO6,OQMD,1,2.0360000000000005,2.0360000000000005,2.0360000000000005,,0.0
Na2SrTa2O7,OQMD,1,2.427,2.427,2.427,,0.0
Na2SrV3O9,MP,1,2.251,2.251,2.251,,0.0
Na2TeWO6,OQMD,2,1.4345,0.9100000000000001,1.959,0.7417550134646883,1.049
Na2ZrGe2O7,AFLOW,1,3.6355,3.6355,3.6355,,0.0
Na2ZrGe2O7,MP,1,3.6953,3.6953,3.6953,,0.0
Na5Y(MoO4)4,AFLOW,1,3.8128,3.8128,3.8128,,0.0
Na5Y(MoO4)4,MP,1,3.9433,3.9433,3.9433,,0.0
Na5Y(WO4)4,AFLOW,1,4.5431,4.5431,4.5431,,0.0
Na5Y(WO4)4,MP,1,4.756799999999999,4.756799999999999,4.756799999999999,,0.0
NaCa2ReO6,OQMD,11,2.078,1.152,2.389,0.36115765884922696,1.2369999999999999
NaCa4(SbO4)3,OQMD,1,2.412,2.412,2.412,,0.0
NaCaLaTeO6,OQMD,1,3.425,3.425,3.425,,0.0
NaCaLaWO6,OQMD,2,3.2089999999999996,3.041,3.377,0.23758787847868001,0.33599999999999985
NaCaNdWO6,OQMD,1,3.732,3.732,3.732,,0.0
NaCaTbWO6,OQMD,1,3.564,3.564,3.564,,0.0
NaCeHfMnO6,OQMD,1,2.0429999999999997,2.0429999999999997,2.0429999999999997,,0.0
NaCeHfTeO6,OQMD,1,3.016,3.016,3.016,,0.0
NaCeNbBiO6,OQMD,1,2.702,2.702,2.702,,0.0
NaCeTiTeO6,OQMD,1,2.335,2.335,2.335,,0.0
NaCeVBiO6,OQMD,1,1.7919999999999998,1.7919999999999998,1.7919999999999998,,0.0
NaCeVInO6,OQMD,1,2.112,2.112,2.112,,0.0
NaCeVSbO6,OQMD,1,1.963,1.963,1.963,,0.0
NaCeZrMnO6,OQMD,1,1.8749999999999996,1.8749999999999996,1.8749999999999996,,0.0
NaCeZrTeO6,OQMD,1,3.0970000000000004,3.0970000000000004,3.0970000000000004,,0.0
NaCo2BiO6,MP,1,0.8673000000000001,0.8673000000000001,0.8673000000000001,,0.0
NaCr(TeO3)2,OQMD,1,0.34799999999999986,0.34799999999999986,0.34799999999999986,,0.0
NaCr2BiO6,MP,1,0.0916,0.0916,0.0916,,0.0
NaDyHfMnO6,OQMD,1,2.0380000000000003,2.0380000000000003,2.0380000000000003,,0.0
NaDyHfTeO6,OQMD,1,3.404,3.404,3.404,,0.0
NaDyNbBiO6,OQMD,1,2.6850000000000005,2.6850000000000005,2.6850000000000005,,0.0
NaDyTaBiO6,OQMD,1,3.2,3.2,3.2,,0.0
NaDyTiTeO6,OQMD,1,2.285,2.285,2.285,,0.0
NaDyVBiO6,OQMD,1,1.7650000000000006,1.7650000000000006,1.7650000000000006,,0.0
NaDyVInO6,OQMD,1,2.2190000000000003,2.2190000000000003,2.2190000000000003,,0.0
NaDyVSbO6,OQMD,1,1.859,1.859,1.859,,0.0
NaDyZrCrO6,OQMD,1,1.2599999999999998,1.2599999999999998,1.2599999999999998,,0.0
NaDyZrMnO6,OQMD,1,1.8969999999999998,1.8969999999999998,1.8969999999999998,,0.0
NaDyZrTeO6,OQMD,1,3.117,3.117,3.117,,0.0
NaErHfMnO6,OQMD,1,2.0749999999999997,2.0749999999999997,2.0749999999999997,,0.0
NaErHfTeO6,OQMD,1,3.4280000000000004,3.4280000000000004,3.4280000000000004,,0.0
NaErNbBiO6,OQMD,1,2.7060000000000004,2.7060000000000004,2.7060000000000004,,0.0
NaErTaBiO6,OQMD,1,3.235,3.235,3.235,,0.0
NaErTiTeO6,OQMD,1,2.36,2.36,2.36,,0.0
NaErVBiO6,OQMD,1,1.8080000000000003,1.8080000000000003,1.8080000000000003,,0.0
NaErVInO6,OQMD,1,2.3110000000000004,2.3110000000000004,2.3110000000000004,,0.0
NaErVSbO6,OQMD,1,1.9249999999999998,1.9249999999999998,1.9249999999999998,,0.0
NaErZrCrO6,OQMD,1,1.2649999999999997,1.2649999999999997,1.2649999999999997,,0.0
NaErZrMnO6,OQMD,1,2.1220000000000003,2.1220000000000003,2.1220000000000003,,0.0
NaErZrTeO6,OQMD,1,3.333,3.333,3.333,,0.0
NaEuBiMoO6,OQMD,1,1.7040000000000002,1.7040000000000002,1.7040000000000002,,0.0
NaEuBiWO6,OQMD,1,2.3400000000000003,2.3400000000000003,2.3400000000000003,,0.0
NaEuNbTeO6,OQMD,1,2.3989999999999996,2.3989999999999996,2.3989999999999996,,0.0
NaEuTaTeO6,OQMD,1,2.893,2.893,2.893,,0.0
NaEuVTeO6,OQMD,1,1.766,1.766,1.766,,0.0
NaFe(TeO3)2,MP,1,2.1497,2.1497,2.1497,,0.0
NaFe(TeO3)2,OQMD,1,1.0419999999999998,1.0419999999999998,1.0419999999999998,,0.0
NaGa(TeO3)2,MP,1,3.014999999999999,3.014999999999999,3.014999999999999,,0.0
NaGdHfMnO6,OQMD,1,2.0070000000000006,2.0070000000000006,2.0070000000000006,,0.0
NaGdHfTeO6,OQMD,1,3.3489999999999998,3.3489999999999998,3.3489999999999998,,0.0
NaGdNbBiO6,OQMD,1,2.622,2.622,2.622,,0.0
NaGdTaBiO6,OQMD,1,3.1570000000000005,3.1570000000000005,3.1570000000000005,,0.0
NaGdTiTeO6,OQMD,1,2.331,2.331,2.331,,0.0
NaGdVBiO6,OQMD,1,1.7000000000000002,1.7000000000000002,1.7000000000000002,,0.0
NaGdVInO6,OQMD,1,2.1789999999999994,2.1789999999999994,2.1789999999999994,,0.0
NaGdVSbO6,OQMD,1,2.008,2.008,2.008,,0.0
NaGdZrCrO6,OQMD,1,1.242,1.242,1.242,,0.0
NaGdZrMnO6,OQMD,1,2.0770000000000004,2.0770000000000004,2.0770000000000004,,0.0
NaGdZrTeO6,OQMD,1,3.2920000000000003,3.2920000000000003,3.2920000000000003,,0.0
NaHfScTeO6,OQMD,1,3.3390000000000004,3.3390000000000004,3.3390000000000004,,0.0
NaHoHfMnO6,OQMD,1,2.052,2.052,2.052,,0.0
NaHoHfTeO6,OQMD,1,3.432,3.432,3.432,,0.0
NaHoNbBiO6,OQMD,1,2.5479999999999996,2.5479999999999996,2.5479999999999996,,0.0
NaHoTaBiO6,OQMD,1,3.216,3.216,3.216,,0.0
NaHoTiTeO6,OQMD,1,2.315,2.315,2.315,,0.0
NaHoVBiO6,OQMD,1,1.7819999999999996,1.7819999999999996,1.7819999999999996,,0.0
NaHoVInO6,OQMD,1,2.262,2.262,2.262,,0.0
NaHoVSbO6,OQMD,1,1.7759999999999998,1.7759999999999998,1.7759999999999998,,0.0
NaHoZrCrO6,OQMD,1,1.259,1.259,1.259,,0.0
NaHoZrMnO6,OQMD,1,2.1289999999999996,2.1289999999999996,2.1289999999999996,,0.0
NaHoZrTeO6,OQMD,1,3.335,3.335,3.335,,0.0
NaIn(GeO3)2,MP,1,2.3627000000000002,2.3627000000000002,2.3627000000000002,,0.0
NaIn(GeO3)2,OQMD,6,1.6755,0.732,2.6939999999999995,0.7972488737318268,1.9619999999999995
NaLaCoTeO6,OQMD,1,1.939,1.939,1.939,,0.0
NaLaHfMnO6,OQMD,1,1.9290000000000003,1.9290000000000003,1.9290000000000003,,0.0
NaLaHfTeO6,OQMD,1,3.074,3.074,3.074,,0.0
NaLaNbBiO6,OQMD,1,2.628,2.628,2.628,,0.0
NaLaSnTeO6,OQMD,1,2.045,2.045,2.045,,0.0
NaLaTiTeO6,OQMD,3,2.3520000000000003,2.17,2.4529999999999994,0.14341896666759227,0.2829999999999995
NaLaVBiO6,OQMD,1,1.6959999999999997,1.6959999999999997,1.6959999999999997,,0.0
NaLaVInO6,OQMD,1,2.2190000000000003,2.2190000000000003,2.2190000000000003,,0.0
NaLaVSbO6,OQMD,1,1.8570000000000002,1.8570000000000002,1.8570000000000002,,0.0
NaLaVTeO6,OQMD,1,0.694,0.694,0.694,,0.0
NaLaZrCrO6,OQMD,1,1.1999999999999997,1.1999999999999997,1.1999999999999997,,0.0
NaLaZrMnO6,OQMD,1,2.2049999999999996,2.2049999999999996,2.2049999999999996,,0.0
NaLaZrTeO6,OQMD,1,3.127,3.127,3.127,,0.0
NaLuHfMnO6,OQMD,1,2.048,2.048,2.048,,0.0
NaLuHfTeO6,OQMD,1,3.4320000000000004,3.4320000000000004,3.4320000000000004,,0.0
NaLuNbBiO6,OQMD,1,2.691,2.691,2.691,,0.0
NaLuTaBiO6,OQMD,1,3.2019999999999995,3.2019999999999995,3.2019999999999995,,0.0
NaLuTiTeO6,OQMD,1,2.351,2.351,2.351,,0.0
NaLuVBiO6,OQMD,1,1.7449999999999997,1.7449999999999997,1.7449999999999997,,0.0
NaLuVInO6,OQMD,1,2.286,2.286,2.286,,0.0
NaLuVSbO6,OQMD,1,2.0220000000000002,2.0220000000000002,2.0220000000000002,,0.0
NaLuZrCrO6,OQMD,1,1.0519999999999996,1.0519999999999996,1.0519999999999996,,0.0
NaLuZrMnO6,OQMD,1,2.1279999999999997,2.1279999999999997,2.1279999999999997,,0.0
NaLuZrTeO6,OQMD,1,3.3339999999999996,3.3339999999999996,3.3339999999999996,,0.0
NaNdCoTeO6,OQMD,1,1.8819999999999997,1.8819999999999997,1.8819999999999997,,0.0
NaNdHfMnO6,OQMD,1,2.0359999999999996,2.0359999999999996,2.0359999999999996,,0.0
NaNdHfTeO6,OQMD,1,3.26,3.26,3.26,,0.0
NaNdNbBiO6,OQMD,1,2.607,2.607,2.607,,0.0
NaNdTaBiO6,OQMD,1,3.128,3.128,3.128,,0.0
NaNdTiTeO6,OQMD,2,2.3325,2.268,2.3970000000000002,0.09121677477306495,0.12900000000000045
NaNdVBiO6,OQMD,1,1.7799999999999998,1.7799999999999998,1.7799999999999998,,0.0
NaNdVInO6,OQMD,1,2.3,2.3,2.3,,0.0
NaNdVSbO6,OQMD,1,1.9649999999999999,1.9649999999999999,1.9649999999999999,,0.0
NaNdZrCrO6,OQMD,1,1.254,1.254,1.254,,0.0
NaNdZrMnO6,OQMD,1,2.094,2.094,2.094,,0.0
NaNdZrTeO6,OQMD,1,3.1120000000000005,3.1120000000000005,3.1120000000000005,,0.0
NaPmHfMnO6,OQMD,1,1.9290000000000003,1.9290000000000003,1.9290000000000003,,0.0
NaPmHfTeO6,OQMD,1,3.3760000000000003,3.3760000000000003,3.3760000000000003,,0.0
NaPmNbBiO6,OQMD,1,2.707,2.707,2.707,,0.0
NaPmTiTeO6,OQMD,1,2.32,2.32,2.32,,0.0
NaPmVBiO6,OQMD,1,1.6819999999999995,1.6819999999999995,1.6819999999999995,,0.0
NaPmVInO6,OQMD,1,2.2119999999999997,2.2119999999999997,2.2119999999999997,,0.0
NaPmZrCrO6,OQMD,1,1.2559999999999998,1.2559999999999998,1.2559999999999998,,0.0
NaPmZrMnO6,OQMD,1,2.0939999999999994,2.0939999999999994,2.0939999999999994,,0.0
NaPmZrTeO6,OQMD,1,3.114,3.114,3.114,,0.0
NaPrHfMnO6,OQMD,1,2.1360000000000006,2.1360000000000006,2.1360000000000006,,0.0
NaPrHfTeO6,OQMD,1,3.1479999999999997,3.1479999999999997,3.1479999999999997,,0.0
NaPrNbBiO6,OQMD,1,2.52,2.52,2.52,,0.0
NaPrTiTeO6,OQMD,1,2.308,2.308,2.308,,0.0
NaPrVBiO6,OQMD,1,1.7149999999999999,1.7149999999999999,1.7149999999999999,,0.0
NaPrVInO6,OQMD,1,2.2260000000000004,2.2260000000000004,2.2260000000000004,,0.0
NaPrVSbO6,OQMD,1,1.896,1.896,1.896,,0.0
NaPrZrCrO6,OQMD,1,1.254,1.254,1.254,,0.0
NaPrZrMnO6,OQMD,1,2.0960000000000005,2.0960000000000005,2.0960000000000005,,0.0
NaPrZrTeO6,OQMD,1,3.113,3.113,3.113,,0.0
NaScNbBiO6,OQMD,1,2.8930000000000002,2.8930000000000002,2.8930000000000002,,0.0
NaScTaBiO6,OQMD,1,3.3630000000000004,3.3630000000000004,3.3630000000000004,,0.0
NaScTiTeO6,OQMD,1,2.399,2.399,2.399,,0.0
NaScVBiO6,OQMD,1,2.0059999999999993,2.0059999999999993,2.0059999999999993,,0.0
NaSmHfMnO6,OQMD,1,1.9829999999999997,1.9829999999999997,1.9829999999999997,,0.0
NaSmHfTeO6,OQMD,1,3.311,3.311,3.311,,0.0
NaSmNbBiO6,OQMD,1,2.7980000000000005,2.7980000000000005,2.7980000000000005,,0.0
NaSmTaBiO6,OQMD,1,3.166,3.166,3.166,,0.0
NaSmTiTeO6,OQMD,1,2.399,2.399,2.399,,0.0
NaSmVBiO6,OQMD,1,1.7349999999999999,1.7349999999999999,1.7349999999999999,,0.0
NaSmVInO6,OQMD,1,2.282,2.282,2.282,,0.0
NaSmVSbO6,OQMD,1,1.92,1.92,1.92,,0.0
NaSmZrCrO6,OQMD,1,1.2560000000000002,1.2560000000000002,1.2560000000000002,,0.0
NaSmZrMnO6,OQMD,1,2.1020000000000003,2.1020000000000003,2.1020000000000003,,0.0
NaSmZrTeO6,OQMD,1,3.1120000000000005,3.1120000000000005,3.1120000000000005,,0.0
NaSn4(BiO4)3,OQMD,1,1.0669999999999993,1.0669999999999993,1.0669999999999993,,0.0
NaSr2ReO6,MP,1,1.7730000000000001,1.7730000000000001,1.7730000000000001,,0.0
NaSr2ReO6,OQMD,10,2.128,1.841,2.421,0.2284696916442092,0.5799999999999998
NaSr4(SbO4)3,MP,1,2.3127,2.3127,2.3127,,0.0
NaSr4(SbO4)3,OQMD,1,2.254,2.254,2.254,,0.0
NaTbCoTeO6,OQMD,1,2.067,2.067,2.067,,0.0
NaTbHfMnO6,OQMD,1,2.0410000000000004,2.0410000000000004,2.0410000000000004,,0.0
NaTbHfTeO6,OQMD,1,3.401,3.401,3.401,,0.0
NaTbMnVO6,OQMD,1,0.5909999999999997,0.5909999999999997,0.5909999999999997,,0.0
NaTbNbBiO6,OQMD,1,2.527,2.527,2.527,,0.0
NaTbTaBiO6,OQMD,1,3.1990000000000003,3.1990000000000003,3.1990000000000003,,0.0
NaTbTiTeO6,OQMD,2,2.2965,2.1980000000000004,2.395,0.13930003589374976,0.19699999999999962
NaTbVBiO6,OQMD,1,1.7639999999999993,1.7639999999999993,1.7639999999999993,,0.0
NaTbVInO6,OQMD,1,2.218,2.218,2.218,,0.0
NaTbVSbO6,OQMD,1,1.952,1.952,1.952,,0.0
NaTbZrMnO6,OQMD,1,2.11,2.11,2.11,,0.0
NaTbZrTeO6,OQMD,1,3.32,3.32,3.32,,0.0
NaTi2BiO6,JARVIS,1,2.349,2.349,2.349,,0.0
NaTi2BiO6,MP,3,2.7382,2.3619,2.827499999999999,0.2471030621690737,0.4655999999999989
NaTmHfMnO6,OQMD,1,2.193,2.193,2.193,,0.0
NaTmHfTeO6,OQMD,1,3.4209999999999994,3.4209999999999994,3.4209999999999994,,0.0
NaTmNbBiO6,OQMD,1,2.693,2.693,2.693,,0.0
NaTmTaBiO6,OQMD,1,3.214,3.214,3.214,,0.0
NaTmTiTeO6,OQMD,1,2.4059999999999997,2.4059999999999997,2.4059999999999997,,0.0
NaTmVBiO6,OQMD,1,1.7079999999999997,1.7079999999999997,1.7079999999999997,,0.0
NaTmVInO6,OQMD,1,2.343,2.343,2.343,,0.0
NaTmVSbO6,OQMD,1,1.9619999999999997,1.9619999999999997,1.9619999999999997,,0.0
NaTmZrCrO6,OQMD,1,1.0510000000000002,1.0510000000000002,1.0510000000000002,,0.0
NaTmZrMnO6,OQMD,1,2.1149999999999998,2.1149999999999998,2.1149999999999998,,0.0
NaTmZrTeO6,OQMD,1,3.3329999999999997,3.3329999999999997,3.3329999999999997,,0.0
NaV(TeO3)2,OQMD,1,1.4940000000000007,1.4940000000000007,1.4940000000000007,,0.0
NaY2RuO6,OQMD,1,0.5670000000000002,0.5670000000000002,0.5670000000000002,,0.0
NaY2TaO6,OQMD,1,4.372,4.372,4.372,,0.0
NaYAlVO6,OQMD,1,2.3719999999999994,2.3719999999999994,2.3719999999999994,,0.0
NaYCdMoO6,OQMD,1,2.531,2.531,2.531,,0.0
NaYCdWO6,OQMD,1,3.2649999999999997,3.2649999999999997,3.2649999999999997,,0.0
NaYCrFeO6,OQMD,1,0.7370000000000001,0.7370000000000001,0.7370000000000001,,0.0
NaYCrPtO6,OQMD,1,0.3780000000000001,0.3780000000000001,0.3780000000000001,,0.0
NaYHfCrO6,OQMD,1,1.2939999999999996,1.2939999999999996,1.2939999999999996,,0.0
NaYHfMnO6,OQMD,1,2.221,2.221,2.221,,0.0
NaYMgTeO6,OQMD,1,2.978,2.978,2.978,,0.0
NaYMgWO6,OQMD,2,3.4425,3.229,3.6559999999999997,0.30193459556665553,0.4269999999999996
NaYMnNbO6,OQMD,1,0.9229999999999996,0.9229999999999996,0.9229999999999996,,0.0
NaYMnVO6,OQMD,1,0.7289999999999996,0.7289999999999996,0.7289999999999996,,0.0
NaYMo3O8,OQMD,1,1.335,1.335,1.335,,0.0
NaYMoPtO6,OQMD,1,0.7460000000000004,0.7460000000000004,0.7460000000000004,,0.0
NaYNbAsO6,OQMD,1,2.6839999999999997,2.6839999999999997,2.6839999999999997,,0.0
NaYNbCoO6,OQMD,1,0.5670000000000002,0.5670000000000002,0.5670000000000002,,0.0
NaYNbFeO6,OQMD,1,2.2119999999999997,2.2119999999999997,2.2119999999999997,,0.0
NaYNbIrO6,OQMD,1,1.3120000000000003,1.3120000000000003,1.3120000000000003,,0.0
NaYNbTlO6,OQMD,1,2.539,2.539,2.539,,0.0
NaYNiWO6,OQMD,1,3.0650000000000004,3.0650000000000004,3.0650000000000004,,0.0
NaYPtWO6,OQMD,1,0.931,0.931,0.931,,0.0
NaYScVO6,OQMD,1,2.476,2.476,2.476,,0.0
NaYTaAuO6,OQMD,1,1.097,1.097,1.097,,0.0
NaYTaCoO6,OQMD,1,0.9470000000000001,0.9470000000000001,0.9470000000000001,,0.0
NaYTaFeO6,OQMD,1,2.3859999999999997,2.3859999999999997,2.3859999999999997,,0.0
NaYTaIrO6,OQMD,1,1.6849999999999996,1.6849999999999996,1.6849999999999996,,0.0
NaYTaMnO6,OQMD,1,0.9199999999999999,0.9199999999999999,0.9199999999999999,,0.0
NaYTaTlO6,OQMD,1,2.9140000000000006,2.9140000000000006,2.9140000000000006,,0.0
NaYTi2O6,MP,1,2.3484,2.3484,2.3484,,0.0
NaYTiCoO6,OQMD,1,0.8900000000000001,0.8900000000000001,0.8900000000000001,,0.0
NaYTiCrO6,OQMD,1,0.8940000000000001,0.8940000000000001,0.8940000000000001,,0.0
NaYTiGeO6,OQMD,1,3.2889999999999997,3.2889999999999997,3.2889999999999997,,0.0
NaYTiMnO6,OQMD,1,1.8339999999999996,1.8339999999999996,1.8339999999999996,,0.0
NaYTiPbO6,OQMD,1,2.319,2.319,2.319,,0.0
NaYTiPdO6,OQMD,1,1.0740000000000003,1.0740000000000003,1.0740000000000003,,0.0
NaYTiPtO6,OQMD,1,1.4739999999999998,1.4739999999999998,1.4739999999999998,,0.0
NaYTiSnO6,OQMD,1,3.2470000000000003,3.2470000000000003,3.2470000000000003,,0.0
NaYTlVO6,OQMD,1,1.7879999999999998,1.7879999999999998,1.7879999999999998,,0.0
NaYVAsO6,OQMD,1,1.767,1.767,1.767,,0.0
NaYVAuO6,OQMD,1,1.4379999999999997,1.4379999999999997,1.4379999999999997,,0.0
NaYVBiO6,OQMD,1,1.7800000000000002,1.7800000000000002,1.7800000000000002,,0.0
NaYVCoO6,OQMD,1,1.1059999999999999,1.1059999999999999,1.1059999999999999,,0.0
NaYVCrO6,OQMD,1,1.642,1.642,1.642,,0.0
NaYVFeO6,OQMD,1,1.6560000000000001,1.6560000000000001,1.6560000000000001,,0.0
NaYVGaO6,OQMD,1,2.358,2.358,2.358,,0.0
NaYVIrO6,OQMD,1,0.7289999999999992,0.7289999999999992,0.7289999999999992,,0.0
NaYVRhO6,OQMD,1,0.7360000000000007,0.7360000000000007,0.7360000000000007,,0.0
NaYVSbO6,OQMD,1,1.8010000000000002,1.8010000000000002,1.8010000000000002,,0.0
NaYZrCrO6,OQMD,1,1.2480000000000002,1.2480000000000002,1.2480000000000002,,0.0
NaYZrGeO6,OQMD,1,4.431000000000001,4.431000000000001,4.431000000000001,,0.0
NaYZrMnO6,OQMD,1,2.0910000000000006,2.0910000000000006,2.0910000000000006,,0.0
NaYbBiMoO6,OQMD,1,1.8200000000000003,1.8200000000000003,1.8200000000000003,,0.0
NaYbBiWO6,OQMD,1,2.4610000000000003,2.4610000000000003,2.4610000000000003,,0.0
NaYbCrBiO6,OQMD,1,0.8360000000000003,0.8360000000000003,0.8360000000000003,,0.0
NaYbCrInO6,OQMD,1,1.056,1.056,1.056,,0.0
NaYbNbTeO6,OQMD,1,2.4739999999999998,2.4739999999999998,2.4739999999999998,,0.0
NaYbTaTeO6,OQMD,1,2.9789999999999996,2.9789999999999996,2.9789999999999996,,0.0
NaYbVTeO6,OQMD,1,1.8299999999999996,1.8299999999999996,1.8299999999999996,,0.0
NaZrScTeO6,OQMD,1,3.1060000000000008,3.1060000000000008,3.1060000000000008,,0.0
Nb2Zn2TeO8,MP,1,1.0583,1.0583,1.0583,,0.0
NbBi(PbO3)2,OQMD,3,1.9210000000000003,1.91,1.9779999999999998,0.03650114153466053,0.06799999999999984
NbCd2BiO6,OQMD,3,2.338,0.436,2.5470000000000006,1.1631570544571073,2.1110000000000007
NbZn2BiO6,OQMD,2,2.1645,1.8,2.529,0.5154808434849931,0.7289999999999999
Nd2BiIrO6,OQMD,2,0.7989999999999999,0.7039999999999997,0.8940000000000001,0.1343502884254443,0.1900000000000004
Nd2BiMoO6,OQMD,1,0.35499999999999954,0.35499999999999954,0.35499999999999954,,0.0
Nd2BiRhO6,OQMD,1,0.899,0.899,0.899,,0.0
Nd2CoTeO6,OQMD,2,1.315,1.2519999999999998,1.3780000000000001,0.08909545442950523,0.12600000000000033
Nd2MnCrO6,MP,1,0.7902,0.7902,0.7902,,0.0
Nd2MnCrO6,OQMD,1,0.7270000000000003,0.7270000000000003,0.7270000000000003,,0.0
Nd2MnGeO6,OQMD,1,2.857,2.857,2.857,,0.0
Nd2NiTeO6,OQMD,3,1.229,1.0789999999999997,1.939,0.45938364504337054,0.8600000000000003
Nd2VBiO6,OQMD,1,1.6719999999999997,1.6719999999999997,1.6719999999999997,,0.0
Nd2VTeO6,OQMD,2,1.0215,0.3360000000000003,1.7069999999999999,0.9694433970067563,1.3709999999999996
Nd2YIrO6,OQMD,3,1.7149999999999999,1.5890000000000004,1.939,0.1772719191900773,0.34999999999999964
Nd2YMoO6,OQMD,1,0.7450000000000001,0.7450000000000001,0.7450000000000001,,0.0
Nd2ZnTeO6,OQMD,1,1.1580000000000004,1.1580000000000004,1.1580000000000004,,0.0
Nd3Y3(Fe5O12)2,MP,1,1.988999999999999,1.988999999999999,1.988999999999999,,0.0
NdFe5Bi4O15,MP,1,1.5224,1.5224,1.5224,,0.0
NdGe2SbO6,OQMD,1,3.157,3.157,3.157,,0.0
NdSn2BiO6,OQMD,1,0.8710000000000004,0.8710000000000004,0.8710000000000004,,0.0
NdV2BiO6,OQMD,1,0.9660000000000002,0.9660000000000002,0.9660000000000002,,0.0
NdY(FeO3)2,OQMD,1,0.405,0.405,0.405,,0.0
NdY(GaO3)2,OQMD,1,2.986,2.986,2.986,,0.0
NdYCr2O6,OQMD,1,1.779,1.779,1.779,,0.0
Ni2Bi2As2O9,OQMD,5,2.749,0.6189999999999998,2.874,0.9418777521525817,2.2550000000000003
Ni2BiAsO6,OQMD,2,2.6535,2.6399999999999997,2.6670000000000003,0.019091883092037035,0.02700000000000058
Ni2BiPO6,OQMD,1,2.9460000000000006,2.9460000000000006,2.9460000000000006,,0.0
Ni9Te5(PbO5)6,MP,1,1.9839,1.9839,1.9839,,0.0
NiBi2PdO6,OQMD,2,0.8880000000000003,0.7610000000000001,1.0150000000000006,0.17960512242138338,0.25400000000000045
NiBi4O7,OQMD,1,1.523,1.523,1.523,,0.0
NiBiO3,OQMD,2,0.7210000000000002,0.6500000000000004,0.792,0.10040916292848953,0.14199999999999968
NiGe(BiO3)2,OQMD,2,2.6175,2.5470000000000006,2.6879999999999997,0.09970205614730258,0.14099999999999913
NiSn(BiO3)2,OQMD,2,2.6439999999999997,2.51,2.7779999999999996,0.1895046173579946,0.2679999999999998
PmY(CoO3)2,OQMD,1,0.82,0.82,0.82,,0.0
PmY(GaO3)2,OQMD,1,2.983,2.983,2.983,,0.0
PmYCr2O6,OQMD,1,1.748,1.748,1.748,,0.0
Pr2Mn2Ge2O9,OQMD,5,0.8289999999999997,0.5020000000000002,1.177,0.24996539760534853,0.6749999999999998
PrGe2SbO6,OQMD,1,3.221,3.221,3.221,,0.0
PrV2BiO6,OQMD,1,0.9319999999999999,0.9319999999999999,0.9319999999999999,,0.0
PrY(FeO3)2,OQMD,1,0.407,0.407,0.407,,0.0
PrY(GaO3)2,OQMD,1,2.985,2.985,2.985,,0.0
PrYCr2O6,OQMD,1,1.755,1.755,1.755,,0.0
Rb2Ba(MoO4)2,OQMD,3,3.624,0.322,4.361,2.150964667306276,4.039
Rb2BaNb2O7,OQMD,1,1.612,1.612,1.612,,0.0
Rb2BaTa2O7,OQMD,2,2.2455,2.215,2.276,0.04313351365237936,0.06099999999999994
Rb2BaV2O7,OQMD,1,2.151,2.151,2.151,,0.0
Rb2CaTa2O7,OQMD,1,2.199,2.199,2.199,,0.0
Rb2CaV2O7,MP,1,3.4941,3.4941,3.4941,,0.0
Rb2MnV2O7,AFLOW,1,2.602,2.602,2.602,,0.0
Rb2MnV2O7,MP,1,2.6012999999999993,2.6012999999999993,2.6012999999999993,,0.0
Rb2SrNb2O7,OQMD,2,1.603,1.53,1.676,0.10323759005323588,0.1459999999999999
Rb2SrTa2O7,OQMD,2,2.2375,2.204,2.271,0.04737615433949865,0.06699999999999973
Rb2SrV2O7,OQMD,1,1.833,1.833,1.833,,0.0
RbBa2ReO6,OQMD,9,1.99,1.966,2.247,0.10798855392020847,0.2809999999999999
RbBa4(SbO4)3,OQMD,1,2.355,2.355,2.355,,0.0
RbCa2ReO6,OQMD,11,1.805,1.475,2.424,0.27041560605852616,0.9489999999999998
RbCeNbBiO6,OQMD,1,3.1430000000000002,3.1430000000000002,3.1430000000000002,,0.0
RbCeVBiO6,OQMD,1,2.229,2.229,2.229,,0.0
RbDyNbBiO6,OQMD,1,3.232,3.232,3.232,,0.0
RbDyVBiO6,OQMD,1,2.2689999999999997,2.2689999999999997,2.2689999999999997,,0.0
RbErNbBiO6,OQMD,1,3.2629999999999995,3.2629999999999995,3.2629999999999995,,0.0
RbErTaBiO6,OQMD,1,3.6620000000000004,3.6620000000000004,3.6620000000000004,,0.0
RbErVBiO6,OQMD,1,2.4339999999999997,2.4339999999999997,2.4339999999999997,,0.0
RbEuBiMoO6,OQMD,1,2.1890000000000005,2.1890000000000005,2.1890000000000005,,0.0
RbEuBiWO6,OQMD,1,3.027,3.027,3.027,,0.0
RbGdHfMnO6,OQMD,1,1.8550000000000004,1.8550000000000004,1.8550000000000004,,0.0
RbGdHfTeO6,OQMD,1,3.708,3.708,3.708,,0.0
RbGdNbBiO6,OQMD,1,3.329,3.329,3.329,,0.0
RbGdTiTeO6,OQMD,1,3.0040000000000004,3.0040000000000004,3.0040000000000004,,0.0
RbGdVBiO6,OQMD,1,2.2169999999999996,2.2169999999999996,2.2169999999999996,,0.0
RbGdVInO6,OQMD,1,2.0839999999999996,2.0839999999999996,2.0839999999999996,,0.0
RbGdVSbO6,OQMD,1,1.9480000000000004,1.9480000000000004,1.9480000000000004,,0.0
RbGdZrCrO6,OQMD,1,1.2469999999999999,1.2469999999999999,1.2469999999999999,,0.0
RbGdZrMnO6,OQMD,1,1.8710000000000004,1.8710000000000004,1.8710000000000004,,0.0
RbGdZrTeO6,OQMD,1,3.4560000000000004,3.4560000000000004,3.4560000000000004,,0.0
RbHoNbBiO6,OQMD,1,3.25,3.25,3.25,,0.0
RbHoTaBiO6,OQMD,1,3.814,3.814,3.814,,0.0
RbHoVBiO6,OQMD,1,2.2860000000000005,2.2860000000000005,2.2860000000000005,,0.0
RbLaHfTeO6,OQMD,1,3.3869999999999996,3.3869999999999996,3.3869999999999996,,0.0
RbLaNbBiO6,OQMD,1,3.1729999999999996,3.1729999999999996,3.1729999999999996,,0.0
RbLaTiTeO6,OQMD,1,3.058,3.058,3.058,,0.0
RbLaVBiO6,OQMD,1,2.2359999999999998,2.2359999999999998,2.2359999999999998,,0.0
RbLaVInO6,OQMD,1,1.9569999999999999,1.9569999999999999,1.9569999999999999,,0.0
RbLaVSbO6,OQMD,1,1.8250000000000002,1.8250000000000002,1.8250000000000002,,0.0
RbLaZrCrO6,OQMD,1,1.395,1.395,1.395,,0.0
RbLaZrMnO6,OQMD,1,1.8190000000000004,1.8190000000000004,1.8190000000000004,,0.0
RbLuNbBiO6,OQMD,1,3.265,3.265,3.265,,0.0
RbLuTaBiO6,OQMD,1,3.649,3.649,3.649,,0.0
RbLuVBiO6,OQMD,1,2.414,2.414,2.414,,0.0
RbNdHfMnO6,OQMD,1,1.7120000000000002,1.7120000000000002,1.7120000000000002,,0.0
RbNdHfTeO6,OQMD,1,3.604,3.604,3.604,,0.0
RbNdNbBiO6,OQMD,1,3.2370000000000005,3.2370000000000005,3.2370000000000005,,0.0
RbNdTiTeO6,OQMD,1,3.059,3.059,3.059,,0.0
RbNdVInO6,OQMD,1,2.148,2.148,2.148,,0.0
RbNdVSbO6,OQMD,1,1.9300000000000006,1.9300000000000006,1.9300000000000006,,0.0
RbNdZrCrO6,OQMD,1,2.9530000000000003,2.9530000000000003,2.9530000000000003,,0.0
RbNdZrMnO6,OQMD,1,1.705,1.705,1.705,,0.0
RbNdZrTeO6,OQMD,1,3.478,3.478,3.478,,0.0
RbPmNbBiO6,OQMD,1,3.185,3.185,3.185,,0.0
RbPmVBiO6,OQMD,1,2.344,2.344,2.344,,0.0
RbPrHfMnO6,OQMD,1,1.4889999999999994,1.4889999999999994,1.4889999999999994,,0.0
RbPrHfTeO6,OQMD,1,3.6430000000000002,3.6430000000000002,3.6430000000000002,,0.0
RbPrNbBiO6,OQMD,1,3.282,3.282,3.282,,0.0
RbPrTiTeO6,OQMD,1,3.1069999999999998,3.1069999999999998,3.1069999999999998,,0.0
RbPrVInO6,OQMD,1,2.072,2.072,2.072,,0.0
RbPrVSbO6,OQMD,1,2.0159999999999996,2.0159999999999996,2.0159999999999996,,0.0
RbPrZrCrO6,OQMD,1,1.267,1.267,1.267,,0.0
RbPrZrMnO6,OQMD,1,1.9170000000000003,1.9170000000000003,1.9170000000000003,,0.0
RbPrZrTeO6,OQMD,1,3.484,3.484,3.484,,0.0
RbScNbBiO6,OQMD,1,3.4859999999999998,3.4859999999999998,3.4859999999999998,,0.0
RbSmHfMnO6,OQMD,1,1.822,1.822,1.822,,0.0
RbSmNbBiO6,OQMD,1,3.294,3.294,3.294,,0.0
RbSmTiTeO6,OQMD,1,3.109,3.109,3.109,,0.0
RbSmVBiO6,OQMD,1,2.2520000000000002,2.2520000000000002,2.2520000000000002,,0.0
RbSmVInO6,OQMD,1,2.1139999999999994,2.1139999999999994,2.1139999999999994,,0.0
RbSmVSbO6,OQMD,1,1.8979999999999997,1.8979999999999997,1.8979999999999997,,0.0
RbSmZrCrO6,OQMD,1,2.9540000000000006,2.9540000000000006,2.9540000000000006,,0.0
RbSmZrMnO6,OQMD,1,1.9179999999999997,1.9179999999999997,1.9179999999999997,,0.0
RbSmZrTeO6,OQMD,1,3.485,3.485,3.485,,0.0
RbSr2ReO6,OQMD,10,1.97,1.814,2.264,0.13869006212895482,0.44999999999999973
RbTbNbBiO6,OQMD,1,3.2239999999999998,3.2239999999999998,3.2239999999999998,,0.0
RbTbVBiO6,OQMD,1,2.399,2.399,2.399,,0.0
RbTmNbBiO6,OQMD,1,3.247,3.247,3.247,,0.0
RbTmTaBiO6,OQMD,1,3.6470000000000002,3.6470000000000002,3.6470000000000002,,0.0
RbTmVBiO6,OQMD,1,2.4110000000000005,2.4110000000000005,2.4110000000000005,,0.0
RbYAlVO6,OQMD,1,2.1239999999999997,2.1239999999999997,2.1239999999999997,,0.0
RbYCdMoO6,OQMD,1,2.5380000000000003,2.5380000000000003,2.5380000000000003,,0.0
RbYCdWO6,OQMD,1,3.2729999999999997,3.2729999999999997,3.2729999999999997,,0.0
RbYCrFeO6,OQMD,1,0.7349999999999999,0.7349999999999999,0.7349999999999999,,0.0
RbYHfCrO6,OQMD,1,2.979,2.979,2.979,,0.0
RbYHfMnO6,OQMD,1,1.6800000000000006,1.6800000000000006,1.6800000000000006,,0.0
RbYMnNbO6,OQMD,1,0.7360000000000002,0.7360000000000002,0.7360000000000002,,0.0
RbYMnVO6,OQMD,1,0.9169999999999998,0.9169999999999998,0.9169999999999998,,0.0
RbYMoPtO6,OQMD,1,0.7450000000000001,0.7450000000000001,0.7450000000000001,,0.0
RbYNbAlO6,OQMD,1,3.1770000000000005,3.1770000000000005,3.1770000000000005,,0.0
RbYNbAuO6,OQMD,1,1.6260000000000001,1.6260000000000001,1.6260000000000001,,0.0
RbYNbCrO6,OQMD,1,2.757,2.757,2.757,,0.0
RbYNbFeO6,OQMD,1,1.866,1.866,1.866,,0.0
RbYNbGaO6,OQMD,1,3.524,3.524,3.524,,0.0
RbYNbIrO6,OQMD,1,1.3069999999999995,1.3069999999999995,1.3069999999999995,,0.0
RbYNbTlO6,OQMD,1,2.3499999999999996,2.3499999999999996,2.3499999999999996,,0.0
RbYNiMoO6,OQMD,1,2.582,2.582,2.582,,0.0
RbYPtWO6,OQMD,1,1.839,1.839,1.839,,0.0
RbYScVO6,OQMD,1,2.2550000000000003,2.2550000000000003,2.2550000000000003,,0.0
RbYTaAuO6,OQMD,1,1.6360000000000001,1.6360000000000001,1.6360000000000001,,0.0
RbYTaCoO6,OQMD,1,0.9329999999999998,0.9329999999999998,0.9329999999999998,,0.0
RbYTaFeO6,OQMD,1,2.058,2.058,2.058,,0.0
RbYTaIrO6,OQMD,1,1.686,1.686,1.686,,0.0
RbYTaMnO6,OQMD,1,0.7429999999999999,0.7429999999999999,0.7429999999999999,,0.0
RbYTaTlO6,OQMD,1,2.368,2.368,2.368,,0.0
RbYTiCoO6,OQMD,1,0.7090000000000001,0.7090000000000001,0.7090000000000001,,0.0
RbYTiCrO6,OQMD,1,0.8920000000000003,0.8920000000000003,0.8920000000000003,,0.0
RbYTiGeO6,OQMD,1,2.7809999999999997,2.7809999999999997,2.7809999999999997,,0.0
RbYTiMnO6,OQMD,1,1.4819999999999998,1.4819999999999998,1.4819999999999998,,0.0
RbYTiPbO6,OQMD,1,1.787,1.787,1.787,,0.0
RbYTiPdO6,OQMD,1,1.251,1.251,1.251,,0.0
RbYTiPtO6,OQMD,1,1.488,1.488,1.488,,0.0
RbYTiSnO6,OQMD,1,3.092,3.092,3.092,,0.0
RbYTiTcO6,OQMD,1,0.3680000000000003,0.3680000000000003,0.3680000000000003,,0.0
RbYTlVO6,OQMD,1,1.6039999999999996,1.6039999999999996,1.6039999999999996,,0.0
RbYVAsO6,OQMD,1,2.4920000000000004,2.4920000000000004,2.4920000000000004,,0.0
RbYVAuO6,OQMD,1,1.2429999999999999,1.2429999999999999,1.2429999999999999,,0.0
RbYVBiO6,OQMD,1,2.3129999999999997,2.3129999999999997,2.3129999999999997,,0.0
RbYVCoO6,OQMD,1,1.112,1.112,1.112,,0.0
RbYVCrO6,OQMD,1,1.834,1.834,1.834,,0.0
RbYVFeO6,OQMD,1,1.8179999999999996,1.8179999999999996,1.8179999999999996,,0.0
RbYVGaO6,OQMD,1,2.356,2.356,2.356,,0.0
RbYVIrO6,OQMD,1,0.7460000000000004,0.7460000000000004,0.7460000000000004,,0.0
RbYVNiO6,OQMD,1,0.371,0.371,0.371,,0.0
RbYVRhO6,OQMD,1,0.7449999999999997,0.7449999999999997,0.7449999999999997,,0.0
RbYVRuO6,OQMD,1,0.3719999999999999,0.3719999999999999,0.3719999999999999,,0.0
RbYVSbO6,OQMD,1,1.9529999999999998,1.9529999999999998,1.9529999999999998,,0.0
RbYZrCrO6,OQMD,1,1.0460000000000003,1.0460000000000003,1.0460000000000003,,0.0
RbYZrMnO6,OQMD,1,1.6919999999999997,1.6919999999999997,1.6919999999999997,,0.0
RbYbBiMoO6,OQMD,1,2.308,2.308,2.308,,0.0
RbYbBiWO6,OQMD,1,2.975,2.975,2.975,,0.0
RbYbCrBiO6,OQMD,1,0.7450000000000001,0.7450000000000001,0.7450000000000001,,0.0
ScBi(PbO3)2,OQMD,2,1.7805000000000002,1.241,2.3200000000000003,0.7629682169002848,1.0790000000000002
ScBiO3,OQMD,10,2.7975000000000003,1.2959999999999994,3.942,0.6846699529294714,2.646000000000001
ScMn(BiO3)2,MP,1,1.7565,1.7565,1.7565,,0.0
ScMn2BiO6,OQMD,1,0.6270000000000002,0.6270000000000002,0.6270000000000002,,0.0
ScMn3(BiO3)4,MP,1,0.796299999999999,0.796299999999999,0.796299999999999,,0.0
Sm2AlSbO6,OQMD,1,0.5540000000000003,0.5540000000000003,0.5540000000000003,,0.0
Sm2BiIrO6,OQMD,1,0.9359999999999999,0.9359999999999999,0.9359999999999999,,0.0
Sm2CoTeO6,OQMD,1,1.4720000000000004,1.4720000000000004,1.4720000000000004,,0.0
Sm2CrTeO6,OQMD,1,1.2640000000000002,1.2640000000000002,1.2640000000000002,,0.0
Sm2GaBiO6,OQMD,1,1.3129999999999997,1.3129999999999997,1.3129999999999997,,0.0
Sm2GeTeO6,OQMD,1,0.9219999999999997,0.9219999999999997,0.9219999999999997,,0.0
Sm2MnBiO6,OQMD,1,0.585,0.585,0.585,,0.0
Sm2MnCrO6,OQMD,1,0.9650000000000007,0.9650000000000007,0.9650000000000007,,0.0
Sm2MnGeO6,OQMD,1,2.862,2.862,2.862,,0.0
Sm2NiTeO6,OQMD,2,0.8404999999999996,0.37899999999999956,1.3019999999999996,0.6526595590351834,0.923
Sm2VTeO6,OQMD,1,0.35999999999999943,0.35999999999999943,0.35999999999999943,,0.0
Sm2YIrO6,OQMD,2,1.4514999999999998,0.7669999999999995,2.136,0.968029183444384,1.3690000000000007
Sm2YReO6,OQMD,1,0.3849999999999998,0.3849999999999998,0.3849999999999998,,0.0
Sm2YVO6,OQMD,1,1.117,1.117,1.117,,0.0
Sm2ZnTeO6,OQMD,2,0.9770000000000003,0.7120000000000006,1.242,0.37476659402886975,0.5299999999999994
Sm3MgZrAl3O12,OQMD,1,1.282,1.282,1.282,,0.0
Sm4Mn3VO12,OQMD,1,0.9329999999999998,0.9329999999999998,0.9329999999999998,,0.0
SmGe2SbO6,OQMD,1,3.2089999999999996,3.2089999999999996,3.2089999999999996,,0.0
SmMg3Zr3AlO12,OQMD,1,1.885,1.885,1.885,,0.0
SmV2BiO6,OQMD,1,1.1980000000000004,1.1980000000000004,1.1980000000000004,,0.0
SmY(CoO3)2,OQMD,1,0.818000000000001,0.818000000000001,0.818000000000001,,0.0
SmY(FeO3)2,OQMD,1,0.407,0.407,0.407,,0.0
SmY(GaO3)2,OQMD,1,2.97,2.97,2.97,,0.0
SmYCr2O6,OQMD,1,1.532,1.532,1.532,,0.0
Sn2BiSbO6,OQMD,1,1.7720000000000002,1.7720000000000002,1.7720000000000002,,0.0
Sn2TePbO6,OQMD,2,1.6064999999999992,1.1969999999999992,2.015999999999999,0.5791204537917823,0.819
SnTe(PbO3)2,OQMD,3,1.0970000000000004,0.6210000000000004,1.151,0.2916596189624701,0.5299999999999996
Sr(CoO2)3,OQMD,1,1.1620000000000001,1.1620000000000001,1.1620000000000001,,0.0
Sr18Ca3Cr14O56,MP,1,0.42610000000000003,0.42610000000000003,0.42610000000000003,,0.0
Sr2AgMoO6,OQMD,1,0.639,0.639,0.639,,0.0
Sr2AgSbO6,OQMD,4,0.735,0.301,0.742,0.21822981006269515,0.441
Sr2AgWO6,OQMD,1,0.51,0.51,0.51,,0.0
Sr2Al2SiO7,JARVIS,1,4.274,4.274,4.274,,0.0
Sr2Al2SiO7,MP,1,4.2023,4.2023,4.2023,,0.0
Sr2AlAsO6,OQMD,11,1.517,1.36,2.951,0.4880653831012995,1.591
Sr2AlBiO6,OQMD,10,1.048,0.299,1.773,0.4540061306487684,1.474
Sr2AlBrO6,OQMD,3,1.9569999999999999,1.95,1.9589999999999996,0.004725815626252401,0.008999999999999675
Sr2AlCrO6,OQMD,1,0.743,0.743,0.743,,0.0
Sr2AlOsO6,OQMD,1,0.809,0.809,0.809,,0.0
Sr2AlRuO6,OQMD,1,0.6,0.6,0.6,,0.0
Sr2AlSbO6,JARVIS,1,1.988,1.988,1.988,,0.0
Sr2AlSbO6,MP,1,1.8987,1.8987,1.8987,,0.0
Sr2AlSbO6,OQMD,12,2.4815,2.261,2.942,0.19357002882834434,0.681
Sr2AlV11O22,MP,1,0.6374000000000001,0.6374000000000001,0.6374000000000001,,0.0
Sr2AlVO6,OQMD,13,1.518,1.35,2.493,0.2852313051470638,1.1429999999999998
Sr2AsRhO6,OQMD,1,0.458,0.458,0.458,,0.0
Sr2BSbO6,OQMD,3,1.931,0.2990000000000004,3.007,1.3634798617263597,2.7079999999999997
Sr2BeMoO6,OQMD,3,1.863,1.834,1.866,0.01767295485574874,0.03200000000000003
Sr2BeReO6,OQMD,1,0.303,0.303,0.303,,0.0
Sr2BeTeO6,OQMD,2,1.88,1.7969999999999997,1.963,0.11737972567696715,0.16600000000000037
Sr2BeWO6,OQMD,10,2.7649999999999997,2.614,3.131,0.18656988562525897,0.5169999999999999
Sr2BiAsO6,OQMD,11,1.934,1.18,3.2499999999999996,0.49963033607585583,2.0699999999999994
Sr2BiBrO6,OQMD,1,0.296,0.296,0.296,,0.0
Sr2BiOsO6,OQMD,6,0.496,0.397,0.593,0.10626319525906729,0.19599999999999995
Sr2BiPtO6,OQMD,1,0.303,0.303,0.303,,0.0
Sr2BiRhO6,OQMD,1,0.3039999999999994,0.3039999999999994,0.3039999999999994,,0.0
Sr2BiRuO6,OQMD,2,0.375,0.298,0.45199999999999996,0.10889444430272828,0.15399999999999997
Sr2BiSbO6,MP,2,1.81725,1.6981000000000002,1.9364000000000001,0.16850354595675415,0.23829999999999996
Sr2BiSbO6,OQMD,10,2.2315,1.946,3.263,0.3840667766012688,1.317
Sr2CaMoO6,AFLOW,2,2.0444,1.9834,2.1054,0.08626702730475871,0.12199999999999989
Sr2CaMoO6,JARVIS,1,2.098,2.098,2.098,,0.0
Sr2CaMoO6,MP,4,2.302249999999999,2.157899999999999,2.561199999999999,0.17205927273278063,0.4033000000000002
Sr2CaMoO6,OQMD,7,2.25,1.919,2.604,0.22156338445991774,0.685
Sr2CaTeO6,MP,1,3.2142,3.2142,3.2142,,0.0
Sr2CaTeO6,OQMD,6,3.6455,3.4359999999999995,3.779,0.13003640515896575,0.3430000000000004
Sr2CaTi3O9,JARVIS,2,1.9665,1.859,2.074,0.15202795795510762,0.21499999999999986
Sr2CaTi3O9,MP,4,1.94265,1.7798999999999991,2.0672,0.12273100667720485,0.287300000000001
Sr2CaV2O8,OQMD,2,3.817,3.744,3.89,0.10323759005323588,0.1459999999999999
Sr2CaWO6,AFLOW,2,2.8948,2.8803,2.9093,0.02050609665440982,0.028999999999999915
Sr2CaWO6,JARVIS,1,2.786,2.786,2.786,,0.0
Sr2CaWO6,MP,5,3.3661,3.1576,3.5269,0.1533180028568072,0.36929999999999996
Sr2CaWO6,OQMD,10,3.1605,2.561,3.286,0.23765215009430163,0.7250000000000001
Sr2CdMoO6,OQMD,13,2.296,1.948,2.603,0.18351605113897,0.6550000000000002
Sr2CdTeO6,OQMD,11,2.0700000000000003,1.653,2.367,0.2342841320820822,0.714
Sr2CdWO6,AFLOW,3,3.221,3.0701,3.2356,0.0916280706625067,0.16549999999999976
Sr2CdWO6,JARVIS,3,2.989,0.442,3.112,1.5072733660487734,2.67
Sr2CdWO6,MP,5,3.4169,3.3149,3.570599999999999,0.1176975233384285,0.2556999999999987
Sr2CdWO6,OQMD,15,3.136,2.757,3.473,0.1914462500720937,0.7159999999999997
Sr2CeGeO6,MP,1,2.0483,2.0483,2.0483,,0.0
Sr2CeHfO6,MP,2,2.3842499999999998,2.331099999999999,2.4374000000000002,0.07516545084013083,0.1063000000000014
Sr2CeNbO6,OQMD,6,3.1425,3.045,3.1979999999999995,0.07015815466976473,0.15299999999999958
Sr2CeRuO6,OQMD,3,0.45500000000000007,0.30500000000000016,0.45500000000000007,0.08660254037844382,0.1499999999999999
Sr2CeSbO6,OQMD,4,3.784,3.6470000000000002,3.905,0.10563143471523988,0.25799999999999956
Sr2CeSnO6,MP,2,2.3070499999999994,2.2874,2.326699999999999,0.02778929650063061,0.039299999999999
Sr2CeTaO6,OQMD,5,3.639,3.587,3.901,0.13326177246307347,0.3139999999999996
Sr2CeTiO6,MP,1,2.2495,2.2495,2.2495,,0.0
Sr2CeVO6,OQMD,1,1.8650000000000002,1.8650000000000002,1.8650000000000002,,0.0
Sr2CeZrO6,MP,2,2.4068999999999994,2.3352999999999993,2.4785,0.10125769106591423,0.14320000000000066
Sr2Co(PO4)2,MP,1,3.148799999999999,3.148799999999999,3.148799999999999,,0.0
Sr2Co(SeO3)3,AFLOW,1,3.4153,3.4153,3.4153,,0.0
Sr2Co(SeO3)3,JARVIS,1,0.131,0.131,0.131,,0.0
Sr2Co(SeO3)3,MP,1,2.9627,2.9627,2.9627,,0.0
Sr2CoAsO6,OQMD,6,0.6174999999999997,0.309,0.9090000000000003,0.21246121214628022,0.6000000000000003
Sr2CoBiO6,OQMD,4,0.6765,0.30400000000000027,1.212,0.4154863615892423,0.9079999999999997
Sr2CoBrO6,OQMD,3,1.334,1.039,1.585,0.2732953225602906,0.546
Sr2CoCO6,OQMD,1,0.7570000000000001,0.7570000000000001,0.7570000000000001,,0.0
Sr2CoGe2O7,AFLOW,2,2.558,2.5576,2.5584,0.0005656854249491757,0.0007999999999999119
Sr2CoGe2O7,MP,2,2.2496,2.15,2.3492,0.14085567081236045,0.19920000000000027
Sr2CoGeO6,OQMD,1,0.609,0.609,0.609,,0.0
Sr2CoIrO6,OQMD,1,0.30699999999999994,0.30699999999999994,0.30699999999999994,,0.0
Sr2CoMoO6,AFLOW,3,1.5857,1.5766,1.6063,0.01521654800976012,0.02970000000000006
Sr2CoMoO6,MP,2,0.46019999999999955,0.42089999999999905,0.49950000000000006,0.055578593001263346,0.078600000000001
Sr2CoMoO6,OQMD,6,0.9974999999999998,0.478999999999999,1.633,0.3908870254519416,1.154000000000001
Sr2CoNiO6,OQMD,1,0.453,0.453,0.453,,0.0
Sr2CoPbO6,OQMD,5,0.6,0.296,0.883,0.21675031718546575,0.587
Sr2CoPdO6,OQMD,3,0.44300000000000006,0.303,0.45500000000000007,0.08450641001328446,0.15200000000000008
Sr2CoReO6,OQMD,2,0.306,0.303,0.309,0.004242640687119289,0.006000000000000005
Sr2CoSO6,OQMD,3,1.8309999999999995,1.2390000000000008,1.8459999999999996,0.34620273443942184,0.6069999999999989
Sr2CoSbO6,MP,5,0.29350000000000004,0.20169999999999902,0.647,0.19694065857511517,0.44530000000000103
Sr2CoSbO6,OQMD,9,0.914,0.453,1.066,0.26404723903961635,0.613
Sr2CoSeO6,OQMD,8,0.6894999999999998,0.433,1.076,0.2536307777628169,0.643
Sr2CoSi2O7,MP,1,3.4006,3.4006,3.4006,,0.0
Sr2CoSnO6,OQMD,2,0.5285,0.457,0.6,0.10111626970967624,0.14299999999999996
Sr2CoTeO6,MP,1,1.509999999999999,1.509999999999999,1.509999999999999,,0.0
Sr2CoTeO6,OQMD,10,1.6705,1.365,2.243,0.25368090192208,0.8779999999999999
Sr2CoWO6,AFLOW,1,2.2588,2.2588,2.2588,,0.0
Sr2CoWO6,MP,4,1.599399999999999,0.390499999999999,2.0256,0.7071840042261517,1.6351000000000009
Sr2CoWO6,OQMD,9,1.409,0.514,2.267,0.4643893840302553,1.753
Sr2CrAsO6,OQMD,11,1.205,0.913,2.087,0.4117603672040329,1.1740000000000002
Sr2CrBO6,OQMD,1,0.609,0.609,0.609,,0.0
Sr2CrBiO6,MP,1,0.272699999999999,0.272699999999999,0.272699999999999,,0.0
Sr2CrBiO6,OQMD,10,0.9804999999999999,0.453,1.351,0.32413131769563874,0.8979999999999999
Sr2CrBrO6,OQMD,2,1.305,1.226,1.384,0.11172287142747446,0.15799999999999992
Sr2CrCoO6,OQMD,1,0.303,0.303,0.303,,0.0
Sr2CrCuO6,OQMD,1,0.6070000000000002,0.6070000000000002,0.6070000000000002,,0.0
Sr2CrGaO6,OQMD,6,0.4544999999999998,0.302,1.036,0.27434042113160556,0.734
Sr2CrGeO6,OQMD,7,0.605,0.303,0.756,0.19107129060965203,0.453
Sr2CrInO6,OQMD,5,0.743,0.453,1.051,0.22181230804443636,0.5979999999999999
Sr2CrMoO6,OQMD,1,0.7930000000000001,0.7930000000000001,0.7930000000000001,,0.0
Sr2CrNiO6,OQMD,10,0.618,0.456,0.775,0.07539112827264374,0.319
Sr2CrOsO6,OQMD,1,0.812,0.812,0.812,,0.0
Sr2CrPO6,OQMD,1,1.2380000000000004,1.2380000000000004,1.2380000000000004,,0.0
Sr2CrPdO6,OQMD,5,0.598,0.45,0.884,0.17732117752823548,0.434
Sr2CrRuO6,OQMD,1,0.601,0.601,0.601,,0.0
Sr2CrSO6,OQMD,3,1.3859999999999992,0.7679999999999998,2.1889999999999996,0.7125042689930589,1.4209999999999998
Sr2CrSbO6,MP,3,1.6894,1.349999999999999,1.7026999999999992,0.19990270133242355,0.35270000000000024
Sr2CrSbO6,OQMD,15,1.686,1.365,2.37,0.2752606210917383,1.0050000000000001
Sr2CrSeO6,OQMD,1,1.5490000000000004,1.5490000000000004,1.5490000000000004,,0.0
Sr2CrSnO6,OQMD,6,0.9075,0.601,1.0529999999999995,0.17548494712272797,0.4519999999999995
Sr2CrWO6,MP,1,1.1375,1.1375,1.1375,,0.0
Sr2CrWO6,OQMD,1,1.206,1.206,1.206,,0.0
Sr2Cu(PO4)2,AFLOW,1,1.4783,1.4783,1.4783,,0.0
Sr2Cu(PO4)2,JARVIS,1,0.327,0.327,0.327,,0.0
Sr2Cu(PO4)2,MP,1,0.22160000000000002,0.22160000000000002,0.22160000000000002,,0.0
Sr2Cu(SeO3)3,AFLOW,1,1.5708,1.5708,1.5708,,0.0
Sr2Cu(SeO3)3,MP,1,0.08410000000000001,0.08410000000000001,0.08410000000000001,,0.0
Sr2CuBiO6,OQMD,4,0.5994999999999999,0.45,0.739,0.11802542099056457,0.289
Sr2CuBrO6,OQMD,1,0.73,0.73,0.73,,0.0
Sr2CuGe2O7,AFLOW,1,1.4541,1.4541,1.4541,,0.0
Sr2CuMoO6,OQMD,11,0.652,0.49,1.29,0.22865885665609523,0.8
Sr2CuReO6,OQMD,11,0.606,0.303,0.759,0.18086363522127533,0.456
Sr2CuSbO6,OQMD,3,0.601,0.447,0.733,0.14314095617024966,0.286
Sr2CuSeO6,OQMD,2,1.1915,0.754,1.629,0.6187184335382291,0.875
Sr2CuSi2O7,AFLOW,1,1.548,1.548,1.548,,0.0
Sr2CuTcO6,OQMD,1,0.5470000000000002,0.5470000000000002,0.5470000000000002,,0.0
Sr2CuTeO6,AFLOW,2,1.2742,1.2735,1.2749,0.0009899494936610575,0.0013999999999998458
Sr2CuTeO6,JARVIS,1,0.247,0.247,0.247,,0.0
Sr2CuTeO6,MP,1,0.21980000000000002,0.21980000000000002,0.21980000000000002,,0.0
Sr2CuWO6,AFLOW,4,1.0096,0.9893,1.016,0.012182603717323087,0.026700000000000057
Sr2CuWO6,OQMD,9,0.877,0.345,1.21,0.24348431389128772,0.865
Sr2DyCrO6,OQMD,1,0.7560000000000002,0.7560000000000002,0.7560000000000002,,0.0
Sr2DyMoO6,MP,1,1.344,1.344,1.344,,0.0
Sr2DyNbO6,MP,1,2.8969,2.8969,2.8969,,0.0
Sr2DyNbO6,OQMD,7,3.3440000000000003,3.103,3.3890000000000002,0.12278281250899516,0.28600000000000003
Sr2DyRuO6,AFLOW,1,1.1867,1.1867,1.1867,,0.0
Sr2DyRuO6,MP,1,0.2518,0.2518,0.2518,,0.0
Sr2DyRuO6,OQMD,5,0.30900000000000016,0.30500000000000016,0.46199999999999974,0.06859518933569599,0.15699999999999958
Sr2DySbO6,JARVIS,1,3.915,3.915,3.915,,0.0
Sr2DySbO6,MP,2,3.56335,3.4625999999999992,3.6641,0.14248201640908995,0.20150000000000068
Sr2DySbO6,OQMD,4,4.138999999999999,4.035,4.148,0.05397144306637223,0.11299999999999955
Sr2DyTaO6,MP,1,3.849599999999999,3.849599999999999,3.849599999999999,,0.0
Sr2DyTaO6,OQMD,5,4.1,3.618,4.1370000000000005,0.21915588059643756,0.5190000000000006
Sr2DyVO6,OQMD,3,1.9780000000000002,1.7120000000000002,2.002,0.16095133840180795,0.2899999999999996
Sr2ErMoO6,MP,1,1.2643,1.2643,1.2643,,0.0
Sr2ErNbO6,OQMD,6,3.351,3.107,3.4450000000000003,0.1458913979643763,0.3380000000000001
Sr2ErRuO6,JARVIS,1,0.134,0.134,0.134,,0.0
Sr2ErRuO6,OQMD,3,0.32200000000000006,0.32,0.3290000000000002,0.004725815626252688,0.009000000000000175
Sr2ErSbO6,OQMD,6,4.004999999999999,3.7330000000000005,4.141,0.14326444080789866,0.4079999999999995
Sr2ErTaO6,MP,1,3.874399999999999,3.874399999999999,3.874399999999999,,0.0
Sr2ErTaO6,OQMD,5,3.96,3.778,4.132000000000001,0.13730331387115197,0.35400000000000054
Sr2ErVO6,OQMD,3,1.9899999999999998,1.7080000000000002,2.009,0.16856551644192613,0.3009999999999997
Sr2EuMoO6,OQMD,7,2.1849999999999996,1.8209999999999997,2.343,0.16978459742806348,0.5220000000000002
Sr2EuNbO6,OQMD,1,0.6140000000000001,0.6140000000000001,0.6140000000000001,,0.0
Sr2EuTeO6,OQMD,2,3.6950000000000003,3.6870000000000003,3.703,0.011313708498984614,0.01599999999999957
Sr2EuTi2O7,OQMD,1,1.9629999999999996,1.9629999999999996,1.9629999999999996,,0.0
Sr2EuV2O8,OQMD,2,3.9254999999999995,3.9159999999999995,3.935,0.01343502884254465,0.019000000000000572
Sr2EuWO6,OQMD,5,2.9959999999999996,2.8350000000000004,3.1430000000000007,0.1176889969368419,0.3080000000000003
Sr2FeAsO6,OQMD,11,1.225,1.077,2.099,0.34418361907034983,1.0220000000000002
Sr2FeBiO6,MP,1,0.349599999999999,0.349599999999999,0.349599999999999,,0.0
Sr2FeBiO6,OQMD,11,0.4660000000000002,0.454,1.489,0.3324921871946084,1.0350000000000001
Sr2FeBrO6,OQMD,9,0.301,0.3,1.78,0.502342512634557,1.48
Sr2FeMoO6,AFLOW,16,1.50025,1.4894,1.5327,0.015201906404570852,0.043299999999999894
Sr2FeMoO6,JARVIS,9,0.405,0.405,0.441,0.011924531204388867,0.035999999999999976
Sr2FeMoO6,MP,4,0.4961,0.1887,0.728499999999999,0.24174721646105155,0.5397999999999991
Sr2FeMoO6,OQMD,2,1.066,0.667,1.465,0.564271211386865,0.798
Sr2FeOsO6,OQMD,1,0.406,0.406,0.406,,0.0
Sr2FePO6,OQMD,1,1.3849999999999998,1.3849999999999998,1.3849999999999998,,0.0
Sr2FeRuO6,OQMD,1,0.453,0.453,0.453,,0.0
Sr2FeSO6,OQMD,4,1.318,0.7690000000000001,1.3949999999999996,0.29619025417232514,0.6259999999999994
Sr2FeSbO6,MP,2,1.66925,1.6652,1.6733,0.005727564927610953,0.008099999999999996
Sr2FeSbO6,OQMD,16,1.6799999999999997,1.669,2.231,0.1439645645057607,0.5619999999999998
Sr2FeTeO6,OQMD,2,1.5045000000000002,1.368,1.641,0.19304015126392732,0.2729999999999999
Sr2FeWO6,AFLOW,1,2.2772,2.2772,2.2772,,0.0
Sr2FeWO6,JARVIS,2,0.569,0.564,0.574,0.007071067811865481,0.010000000000000009
Sr2FeWO6,MP,6,1.9321499999999996,0.5759999999999991,2.3975,0.7537792824605005,1.8215000000000008
Sr2FeWO6,OQMD,8,1.317,0.6990000000000007,2.261,0.46455106977443433,1.5619999999999994
Sr2GaAsO6,OQMD,11,0.905,0.302,2.664,0.7558412652017739,2.362
Sr2GaBiO6,OQMD,8,0.9784999999999997,0.751,1.633,0.2720020680068444,0.882
Sr2GaBrO6,OQMD,3,1.0589999999999997,0.9040000000000004,1.194,0.14511489700693472,0.2899999999999996
Sr2GaOsO6,MP,1,0.2073,0.2073,0.2073,,0.0
Sr2GaOsO6,OQMD,12,0.4105,0.404,0.607,0.05698138983807603,0.20299999999999996
Sr2GaPO6,OQMD,1,1.2289999999999992,1.2289999999999992,1.2289999999999992,,0.0
Sr2GaReO6,OQMD,1,0.3,0.3,0.3,,0.0
Sr2GaRuO6,OQMD,9,0.308,0.306999999999999,0.602,0.09800255098720655,0.295000000000001
Sr2GaSbO6,AFLOW,12,1.30375,0.7938,1.3314,0.254431520822163,0.5376
Sr2GaSbO6,JARVIS,2,1.2145000000000001,0.946,1.483,0.3797163414971762,0.5370000000000001
Sr2GaSbO6,MP,2,1.0102499999999996,0.7291000000000001,1.291399999999999,0.39760614306119485,0.5622999999999989
Sr2GaSbO6,OQMD,13,1.666,1.207,2.653,0.4546019532485929,1.446
Sr2GaSn2O7,MP,1,0.2338,0.2338,0.2338,,0.0
Sr2GaW2O7,MP,1,1.0119,1.0119,1.0119,,0.0
Sr2GdMoO6,MP,1,1.3501,1.3501,1.3501,,0.0
Sr2GdNbO6,MP,2,2.6924,2.5504,2.8344,0.20081832585697984,0.28400000000000025
Sr2GdNbO6,OQMD,7,3.3310000000000004,3.089,3.4749999999999996,0.14088107108648834,0.3859999999999997
Sr2GdRuO6,AFLOW,1,1.1797,1.1797,1.1797,,0.0
Sr2GdRuO6,MP,1,0.25369999999999904,0.25369999999999904,0.25369999999999904,,0.0
Sr2GdRuO6,OQMD,6,0.3035,0.30200000000000005,0.4500000000000002,0.05979632095706227,0.14800000000000013
Sr2GdSbO6,MP,2,3.3454499999999996,3.3244,3.3665,0.029769195487953513,0.042100000000000026
Sr2GdSbO6,OQMD,6,4.021,3.9769999999999994,4.1,0.05145483456391652,0.12300000000000022
Sr2GdTaO6,MP,1,3.557,3.557,3.557,,0.0
Sr2GdTaO6,OQMD,5,3.896,3.717,4.0840000000000005,0.14629661650222828,0.36700000000000044
Sr2GdVO6,MP,1,1.4759,1.4759,1.4759,,0.0
Sr2GdVO6,OQMD,2,1.9284999999999999,1.8559999999999999,2.001,0.1025304832720494,0.14500000000000002
Sr2GdWO6,MP,1,2.1165,2.1165,2.1165,,0.0
Sr2GeBiO6,OQMD,1,1.802,1.802,1.802,,0.0
Sr2GePbO6,OQMD,6,0.9760000000000005,0.755,1.792,0.3681296872933051,1.037
Sr2GePdO6,OQMD,6,0.6014999999999999,0.455,0.894,0.14385189142540555,0.439
Sr2GePtO6,OQMD,7,0.767,0.461,1.218,0.25779181338362755,0.7569999999999999
Sr2GeSO6,OQMD,1,0.45500000000000007,0.45500000000000007,0.45500000000000007,,0.0
Sr2GeSeO6,OQMD,1,1.2120000000000006,1.2120000000000006,1.2120000000000006,,0.0
Sr2GeTeO6,OQMD,4,0.8300000000000001,0.4509999999999996,1.337,0.47639339486045257,0.8860000000000003
Sr2GeWO6,OQMD,3,1.0419999999999998,0.34299999999999997,1.208,0.45905373686893486,0.865
Sr2HfCoO6,OQMD,4,0.7549999999999999,0.455,1.05,0.24291339334558454,0.595
Sr2HfCrO6,OQMD,7,0.605,0.6030000000000002,1.082,0.18969875868760724,0.47899999999999987
Sr2HfGeO6,OQMD,10,4.614,3.801,4.776,0.3219013824139312,0.9749999999999996
Sr2HfMnO6,OQMD,10,1.7555,1.66,2.136,0.14464289359200017,0.4760000000000002
Sr2HfNbO6,OQMD,2,0.3014999999999995,0.299,0.303999999999999,0.0035355339059320342,0.004999999999999005
Sr2HfNiO6,OQMD,9,0.77,0.768,1.08,0.11331862649675521,0.31200000000000006
Sr2HfNpO6,OQMD,3,3.0189999999999997,1.5000000000000004,3.2129999999999996,0.938026829751331,1.7129999999999992
Sr2HfPbO6,OQMD,10,2.5789999999999997,2.118,2.91,0.2500548606472855,0.7920000000000003
Sr2HfPdO6,OQMD,10,1.3565,1.197,1.661,0.12704946543243176,0.46399999999999997
Sr2HfPtO6,OQMD,10,1.9144999999999999,1.677,2.151,0.15087452476220833,0.47399999999999975
Sr2HfReO6,OQMD,1,0.908,0.908,0.908,,0.0
Sr2HfSO6,OQMD,1,0.2989999999999995,0.2989999999999995,0.2989999999999995,,0.0
Sr2HfSeO6,OQMD,4,2.6730000000000005,2.54,2.851000000000001,0.140860155236793,0.31100000000000083
Sr2HfSiO6,OQMD,8,4.462,4.119,4.604,0.14346869992142125,0.4850000000000003
Sr2HfSnO6,MP,1,3.7826999999999993,3.7826999999999993,3.7826999999999993,,0.0
Sr2HfSnO6,OQMD,10,4.279999999999999,3.454,4.424,0.3556895650235845,0.9700000000000002
Sr2HfTaO6,OQMD,1,0.458,0.458,0.458,,0.0
Sr2HfTcO6,OQMD,8,0.525,0.35,1.047,0.21704834056692793,0.697
Sr2HfTeO6,OQMD,10,2.2635,2.137,3.26,0.33130424084216004,1.1229999999999998
Sr2HfTiO6,JARVIS,1,2.651,2.651,2.651,,0.0
Sr2HfTiO6,MP,2,2.4529999999999994,2.4253,2.480699999999999,0.039173715677733874,0.055399999999998784
Sr2HfTiO6,OQMD,10,2.699,2.405,3.0009999999999994,0.16975289230067458,0.5959999999999996
Sr2HfVO6,OQMD,6,1.2035,1.048,1.347,0.11503289384635453,0.29899999999999993
Sr2HfZrO6,MP,1,3.4242,3.4242,3.4242,,0.0
Sr2HfZrO6,OQMD,10,3.976,3.422,4.297,0.2910367674366933,0.8749999999999996
Sr2HgMoO6,OQMD,12,1.7595,1.306,2.402,0.2779122926828578,1.096
Sr2HgTeO6,OQMD,10,0.9635,0.3,2.06,0.5666468623990313,1.76
Sr2HgWO6,OQMD,10,2.324,1.7409999999999997,2.905,0.38521395209531134,1.1640000000000001
Sr2HoNbO6,OQMD,8,3.3585000000000003,3.073,3.503,0.1682122383860852,0.43000000000000016
Sr2HoRuO6,OQMD,5,0.32299999999999995,0.319,0.46099999999999985,0.07660483013492027,0.14199999999999985
Sr2HoSbO6,MP,1,3.6445,3.6445,3.6445,,0.0
Sr2HoSbO6,OQMD,4,4.007,3.887,4.097,0.08641566216066789,0.2100000000000004
Sr2HoTaO6,JARVIS,1,3.903,3.903,3.903,,0.0
Sr2HoTaO6,MP,1,3.855199999999999,3.855199999999999,3.855199999999999,,0.0
Sr2HoTaO6,OQMD,6,4.017,3.7640000000000002,4.099,0.12684912297686574,0.33499999999999996
Sr2HoVO6,OQMD,2,1.8599999999999997,1.7089999999999996,2.0109999999999997,0.21354624791833737,0.30200000000000005
Sr2InAsO6,OQMD,10,1.499,0.752,2.521,0.5679538811480304,1.769
Sr2InBiO6,MP,1,0.6187,0.6187,0.6187,,0.0
Sr2InBiO6,OQMD,7,1.194,0.303,1.628,0.41505880248924915,1.325
Sr2InBrO6,OQMD,9,1.196,0.744999999999999,2.662,0.5806787216506025,1.917000000000001
Sr2InOsO6,JARVIS,1,0.272,0.272,0.272,,0.0
Sr2InOsO6,MP,2,0.42654999999999954,0.3809,0.472199999999999,0.06455884912233109,0.091299999999999
Sr2InOsO6,OQMD,13,0.603000000000001,0.4,0.812,0.1474129469316618,0.41200000000000003
Sr2InRuO6,OQMD,10,0.4585,0.303,0.609,0.10142106947441112,0.306
Sr2InSbO6,JARVIS,1,1.961,1.961,1.961,,0.0
Sr2InSbO6,MP,2,1.4238,1.0652,1.7824,0.507136983466992,0.7172000000000001
Sr2InSbO6,OQMD,11,1.943,1.659,2.654,0.3170947091098407,0.9949999999999999
Sr2IrBrO6,OQMD,1,0.299,0.299,0.299,,0.0
Sr2IrPdO6,OQMD,1,0.301,0.301,0.301,,0.0
Sr2LaGa11O20,MP,1,2.6569000000000003,2.6569000000000003,2.6569000000000003,,0.0
Sr2LaMn2O7,MP,3,0.5708000000000001,0.5074999999999991,0.8746,0.1962412375963153,0.367100000000001
Sr2LaNbO6,JARVIS,1,3.044,3.044,3.044,,0.0
Sr2LaNbO6,MP,2,3.03805,2.9823,3.0938,0.07884240610230016,0.11149999999999993
Sr2LaNbO6,OQMD,7,3.341,3.0609999999999995,3.495,0.1655795018369468,0.4340000000000006
Sr2LaRuO6,OQMD,5,0.44200000000000017,0.29800000000000004,0.5870000000000002,0.10217876491717842,0.28900000000000015
Sr2LaSbO6,JARVIS,1,3.498,3.498,3.498,,0.0
Sr2LaSbO6,MP,3,3.4224,3.385799999999999,3.674,0.15689771615078868,0.2882000000000011
Sr2LaSbO6,OQMD,5,4.025,3.7209999999999996,4.085,0.1432836347947667,0.3640000000000003
Sr2LaTaO6,JARVIS,1,3.58,3.58,3.58,,0.0
Sr2LaTaO6,MP,1,3.5116,3.5116,3.5116,,0.0
Sr2LaTaO6,OQMD,5,3.813,3.7620000000000005,4.090999999999999,0.13382152293259827,0.32899999999999885
Sr2LaVO6,OQMD,2,2.0124999999999997,1.9399999999999995,2.085,0.10253048327204972,0.14500000000000046
Sr2LiReO6,AFLOW,4,1.88055,1.7855,2.0559,0.13622690324112435,0.27039999999999975
Sr2LiReO6,MP,2,1.748899999999999,1.655399999999999,1.8423999999999991,0.1322289680818845,0.18700000000000006
Sr2LiReO6,OQMD,14,1.889,1.676,2.265,0.1758309784054931,0.5890000000000002
Sr2LuNbO6,MP,2,3.053,2.8966000000000003,3.2094,0.22118300115515172,0.31279999999999974
Sr2LuNbO6,OQMD,5,3.1929999999999996,1.831,3.551,0.682409554446595,1.7200000000000002
Sr2LuRuO6,MP,1,0.11470000000000001,0.11470000000000001,0.11470000000000001,,0.0
Sr2LuRuO6,OQMD,3,0.30699999999999994,0.30400000000000027,0.322,0.009643650760992896,0.01799999999999974
Sr2LuSbO6,OQMD,5,3.9019999999999997,3.837,4.0360000000000005,0.08483100848156898,0.1990000000000003
Sr2LuTaO6,JARVIS,1,3.543,3.543,3.543,,0.0
Sr2LuTaO6,MP,2,3.4785500000000003,3.4697,3.4874,0.012515790027002082,0.01770000000000005
Sr2LuTaO6,OQMD,3,3.598,0.3310000000000004,4.144,2.0619721142634297,3.8129999999999997
Sr2LuVO6,OQMD,2,1.8705,1.7169999999999996,2.0240000000000005,0.21708178182427068,0.30700000000000083
Sr2Mg(MoO4)2,MP,1,1.5909,1.5909,1.5909,,0.0
Sr2Mg(WO4)2,MP,1,2.5744,2.5744,2.5744,,0.0
Sr2MgGe2O7,AFLOW,1,3.5524,3.5524,3.5524,,0.0
Sr2MgGe2O7,MP,1,3.6039,3.6039,3.6039,,0.0
Sr2MgMoO6,AFLOW,1,2.212,2.212,2.212,,0.0
Sr2MgMoO6,JARVIS,1,2.036,2.036,2.036,,0.0
Sr2MgMoO6,MP,2,2.2639500000000004,2.2149,2.313,0.06936717523440021,0.09810000000000008
Sr2MgMoO6,OQMD,16,2.1445,1.943,2.587,0.18611375329799423,0.6440000000000001
Sr2MgTeO6,OQMD,19,2.704,2.556,3.091,0.12475969884598297,0.5350000000000001
Sr2MgWO6,AFLOW,10,3.0661,2.9211,3.0849,0.06298485179434443,0.16380000000000017
Sr2MgWO6,MP,2,3.3476,3.2641,3.4311,0.11808683245815331,0.16699999999999982
Sr2MgWO6,OQMD,19,2.983,2.587,3.277,0.15436173055407584,0.69
Sr2Mn(SnO4)2,OQMD,1,2.2359999999999998,2.2359999999999998,2.2359999999999998,,0.0
Sr2Mn2SnO8,OQMD,1,1.5110000000000001,1.5110000000000001,1.5110000000000001,,0.0
Sr2Mn3O7,OQMD,1,0.9260000000000002,0.9260000000000002,0.9260000000000002,,0.0
Sr2Mn3O8,OQMD,1,1.513,1.513,1.513,,0.0
Sr2MnAsO6,OQMD,4,0.6055000000000005,0.302,1.486,0.5260116443578031,1.184
Sr2MnBiO6,OQMD,1,0.895,0.895,0.895,,0.0
Sr2MnCrO6,OQMD,5,0.453,0.302,0.89,0.22151365646388488,0.5880000000000001
Sr2MnGe2O7,AFLOW,4,2.0767,2.0739,2.0771,0.001478738200854683,0.0032000000000000917
Sr2MnGeO6,OQMD,4,0.6869999999999999,0.308,1.207,0.48126179639222,0.899
Sr2MnMoO6,MP,5,0.930099999999999,0.26319999999999905,1.2546,0.3801938518703324,0.991400000000001
Sr2MnMoO6,OQMD,12,0.666,0.327999999999999,1.303,0.2832105973021532,0.975000000000001
Sr2MnNbO6,MP,5,1.2788,0.8101,1.7478999999999991,0.35154431726312935,0.9377999999999991
Sr2MnNbO6,OQMD,7,0.4599999999999995,0.305,1.492,0.4356939729847525,1.187
Sr2MnPbO6,OQMD,7,0.905,0.604,1.347,0.2631858839752041,0.743
Sr2MnPdO6,OQMD,2,0.521,0.452,0.59,0.0975807358037435,0.13799999999999996
Sr2MnPtO6,OQMD,1,0.609,0.609,0.609,,0.0
Sr2MnReO6,MP,1,0.2928,0.2928,0.2928,,0.0
Sr2MnSO6,OQMD,4,1.9910000000000005,1.5549999999999997,2.1290000000000004,0.24963106110151195,0.5740000000000007
Sr2MnSbO6,AFLOW,1,0.1308,0.1308,0.1308,,0.0
Sr2MnSbO6,MP,2,0.5133500000000001,0.1474,0.8793000000000001,0.5175314531504341,0.7319000000000001
Sr2MnSbO6,OQMD,8,0.602,0.305,1.334,0.31181356036672214,1.0290000000000001
Sr2MnSeO6,OQMD,9,0.752,0.452,1.032,0.2074385451163791,0.5800000000000001
Sr2MnSi2O7,AFLOW,1,2.9304,2.9304,2.9304,,0.0
Sr2MnSi2O7,MP,1,2.8825000000000003,2.8825000000000003,2.8825000000000003,,0.0
Sr2MnSnO6,OQMD,7,0.914,0.76,1.499,0.280851341799316,0.7390000000000001
Sr2MnTeO6,MP,1,1.4722,1.4722,1.4722,,0.0
Sr2MnTeO6,OQMD,12,1.157,0.915,1.788,0.2906915995700702,0.873
Sr2MnVO6,OQMD,2,1.2650000000000001,1.205,1.325,0.08485281374238554,0.11999999999999988
Sr2MnWO6,MP,2,1.7890499999999996,1.6795,1.8985999999999992,0.15492709575797198,0.21909999999999918
Sr2MnWO6,OQMD,12,1.4075,1.041,2.079,0.3078290060564421,1.0380000000000003
Sr2MoCO6,OQMD,2,0.7370000000000001,0.6560000000000006,0.8179999999999996,0.11455129855222002,0.16199999999999903
Sr2MoPO6,OQMD,1,0.8169999999999993,0.8169999999999993,0.8169999999999993,,0.0
Sr2MoPbO6,OQMD,11,0.965,0.316,1.912,0.5279917526904099,1.5959999999999999
Sr2MoPdO6,OQMD,1,0.6509999999999998,0.6509999999999998,0.6509999999999998,,0.0
Sr2MoPtO6,OQMD,1,0.839,0.839,0.839,,0.0
Sr2MoRuO6,OQMD,10,0.48849999999999977,0.318,0.658,0.08036721277292677,0.34
Sr2MoSeO6,OQMD,1,0.6309999999999998,0.6309999999999998,0.6309999999999998,,0.0
Sr2NbAgO6,OQMD,1,0.591,0.591,0.591,,0.0
Sr2NbAlO6,MP,1,2.8384,2.8384,2.8384,,0.0
Sr2NbAlO6,OQMD,11,3.037,2.72,3.289,0.13700165891497282,0.569
Sr2NbAsO6,OQMD,10,1.424,1.203,2.667,0.4894516659827947,1.4639999999999997
Sr2NbAuO6,OQMD,1,1.6700000000000004,1.6700000000000004,1.6700000000000004,,0.0
Sr2NbBO6,OQMD,1,3.207,3.207,3.207,,0.0
Sr2NbBiO6,MP,2,1.9273999999999996,1.763199999999999,2.0916,0.23221386694166302,0.32840000000000114
Sr2NbBiO6,OQMD,11,1.953,1.672,2.844,0.3036578217785156,1.172
Sr2NbCoO6,JARVIS,1,0.575,0.575,0.575,,0.0
Sr2NbCoO6,MP,4,1.34145,1.2556,1.5007000000000001,0.10247103655830428,0.2451000000000001
Sr2NbCoO6,OQMD,9,1.8050000000000006,0.611,1.955,0.5689544748435015,1.344
Sr2NbCrO6,MP,1,2.2687,2.2687,2.2687,,0.0
Sr2NbCrO6,OQMD,12,2.288,1.956,2.445,0.14008525542639674,0.4889999999999999
Sr2NbCuO6,OQMD,1,0.888,0.888,0.888,,0.0
Sr2NbFeO6,MP,2,1.47455,1.1662,1.7829000000000002,0.43607275195774403,0.6167000000000002
Sr2NbFeO6,OQMD,16,1.5405,1.21,2.103,0.2320154359089067,0.8930000000000002
Sr2NbGaO6,JARVIS,2,3.2545,3.171,3.338,0.11808683245815346,0.16700000000000026
Sr2NbGaO6,MP,2,3.1912,3.1367,3.2457,0.07707463914933367,0.10899999999999999
Sr2NbGaO6,OQMD,11,3.38,3.028,3.553,0.14803341146204435,0.5249999999999999
Sr2NbInO6,JARVIS,1,3.521,3.521,3.521,,0.0
Sr2NbInO6,MP,2,3.4136499999999996,3.3968,3.4305,0.023829498525986852,0.03370000000000006
Sr2NbInO6,OQMD,11,3.663,3.185,3.813,0.1969492320370912,0.6280000000000001
Sr2NbIrO6,OQMD,14,1.3784999999999998,0.611,1.83,0.2767543144188552,1.219
Sr2NbMoO6,OQMD,1,0.31,0.31,0.31,,0.0
Sr2NbNiO6,OQMD,2,1.5999999999999999,1.531,1.6689999999999998,0.09758073580374349,0.1379999999999999
Sr2NbPdO6,OQMD,1,0.297,0.297,0.297,,0.0
Sr2NbRhO6,OQMD,10,1.0775000000000001,0.920999999999999,1.53,0.16365346178909757,0.609000000000001
Sr2NbSbO6,MP,2,0.9747999999999994,0.8047000000000001,1.144899999999999,0.2405577269596626,0.34019999999999884
Sr2NbSbO6,OQMD,10,1.0465,0.752,2.222,0.416523188630197,1.47
Sr2NbTlO6,OQMD,11,2.555,2.114,3.035,0.3285860894527006,0.9210000000000003
Sr2NbVO6,OQMD,7,0.603,0.3,1.625,0.5005200628679468,1.325
Sr2NbWO6,MP,1,0.7211999999999991,0.7211999999999991,0.7211999999999991,,0.0
Sr2NdNbO6,JARVIS,1,2.954,2.954,2.954,,0.0
Sr2NdNbO6,MP,2,2.94545,2.8862,3.0047,0.08379215357060592,0.11850000000000005
Sr2NdNbO6,OQMD,7,3.2169999999999996,3.099,3.3740000000000006,0.0974571945107429,0.27500000000000036
Sr2NdRuO6,OQMD,5,0.32699999999999996,0.3160000000000003,0.4860000000000002,0.07214776503814942,0.16999999999999993
Sr2NdSbO6,MP,2,3.4243,3.3416,3.507,0.11695546160825496,0.1654
Sr2NdSbO6,OQMD,8,3.8665,3.76,4.038,0.08968317249390462,0.27800000000000047
Sr2NdTaO6,MP,1,3.700799999999999,3.700799999999999,3.700799999999999,,0.0
Sr2NdTaO6,OQMD,5,3.851,3.642,3.87,0.10527915273215296,0.2280000000000002
Sr2NdVO6,MP,1,1.6477,1.6477,1.6477,,0.0
Sr2NdVO6,OQMD,3,1.8270000000000004,1.7690000000000001,1.9589999999999996,0.09737213838328326,0.1899999999999995
Sr2Ni(PO4)2,MP,1,4.2332,4.2332,4.2332,,0.0
Sr2NiAsO6,OQMD,1,0.45699999999999985,0.45699999999999985,0.45699999999999985,,0.0
Sr2NiBiO6,OQMD,1,0.758,0.758,0.758,,0.0
Sr2NiMoO6,AFLOW,14,2.0373,1.9914,2.0462,0.02060991039751031,0.05479999999999974
Sr2NiMoO6,JARVIS,1,0.505,0.505,0.505,,0.0
Sr2NiMoO6,MP,2,2.27165,2.2338,2.3095,0.05352798333582141,0.07569999999999988
Sr2NiMoO6,OQMD,16,2.1719999999999997,2.0029999999999997,2.354,0.09061125757873577,0.3510000000000004
Sr2NiSO6,OQMD,4,1.6174999999999997,1.5520000000000005,2.3040000000000003,0.3588141348014783,0.7519999999999998
Sr2NiSbO6,OQMD,2,0.986,0.605,1.367,0.5388153672641492,0.762
Sr2NiSeO6,OQMD,10,1.213,0.912,2.416,0.4530822834271448,1.504
Sr2NiSnO6,OQMD,2,0.3825,0.308,0.457,0.1053589103967956,0.14900000000000002
Sr2NiTeO6,AFLOW,2,2.0452,1.9323,2.1581,0.15966471119192266,0.22580000000000022
Sr2NiTeO6,JARVIS,3,0.986,0.927,0.987,0.03435597958628643,0.05999999999999994
Sr2NiTeO6,MP,3,1.9153,1.7083,2.4657,0.39145964457825455,0.7574000000000001
Sr2NiTeO6,OQMD,16,2.2925,1.997,2.856,0.19165227844545263,0.8589999999999998
Sr2NiWO6,AFLOW,5,2.8874,1.3386,2.8916,0.681878704756205,1.553
Sr2NiWO6,JARVIS,1,0.204,0.204,0.204,,0.0
Sr2NiWO6,MP,1,2.9406,2.9406,2.9406,,0.0
Sr2NiWO6,OQMD,15,2.995,2.788,3.2,0.10989852462287979,0.41200000000000037
Sr2NpNiO6,OQMD,1,2.2959999999999994,2.2959999999999994,2.2959999999999994,,0.0
Sr2NpTiO6,OQMD,4,2.058,0.9500000000000002,2.2809999999999997,0.6004406021137031,1.3309999999999995
Sr2NpZnO6,OQMD,1,2.0889999999999995,2.0889999999999995,2.0889999999999995,,0.0
Sr2OsWO6,OQMD,2,0.675,0.5750000000000002,0.775,0.14142135623730936,0.19999999999999984
Sr2PWO6,OQMD,1,0.5140000000000002,0.5140000000000002,0.5140000000000002,,0.0
Sr2PbWO6,OQMD,11,1.726,1.172,2.556,0.4150691508652504,1.3840000000000001
Sr2PdPtO6,OQMD,5,0.451,0.303,0.752,0.19562003987321955,0.449
Sr2PdRuO6,OQMD,1,0.302,0.302,0.302,,0.0
Sr2PdSO6,OQMD,2,1.229,1.0579999999999998,1.4000000000000004,0.24183051916579962,0.3420000000000005
Sr2PdWO6,OQMD,1,0.683,0.683,0.683,,0.0
Sr2PrCoO6,OQMD,1,0.649,0.649,0.649,,0.0
Sr2PrNbO6,JARVIS,1,2.94,2.94,2.94,,0.0
Sr2PrNbO6,MP,1,2.888,2.888,2.888,,0.0
Sr2PrNbO6,OQMD,6,3.1695,2.9869999999999997,3.4169999999999994,0.15731719550004708,0.4299999999999997
Sr2PrRuO6,OQMD,6,0.397,0.31000000000000005,0.48,0.08475474421332815,0.16999999999999993
Sr2PrSbO6,MP,2,3.3980499999999996,3.3198,3.4762999999999993,0.11066221125569427,0.15649999999999942
Sr2PrSbO6,OQMD,6,3.86,3.7189999999999994,3.9119999999999995,0.07121703915964699,0.19300000000000006
Sr2PrTaO6,JARVIS,1,3.446,3.446,3.446,,0.0
Sr2PrTaO6,MP,1,3.37,3.37,3.37,,0.0
Sr2PrTaO6,OQMD,5,3.7609999999999997,3.598,3.9059999999999997,0.1421952882482397,0.30799999999999983
Sr2PrVO6,MP,1,1.658399999999999,1.658399999999999,1.658399999999999,,0.0
Sr2PrVO6,OQMD,4,1.8935,1.749,2.051,0.12470866048514832,0.30200000000000005
Sr2PtWO6,OQMD,2,1.0515,0.5270000000000001,1.576,0.7417550134646883,1.049
Sr2PuHfO6,OQMD,2,2.747,2.7460000000000004,2.7479999999999998,0.0014142135623724681,0.0019999999999993356
Sr2PuNbO6,OQMD,2,1.33,0.9420000000000002,1.718,0.5487148622007607,0.7759999999999998
Sr2PuPdO6,OQMD,2,1.482,1.383,1.581,0.14000714267493639,0.19799999999999995
Sr2PuRhO6,OQMD,2,0.5960000000000001,0.5960000000000001,0.5960000000000001,0.0,0.0
Sr2PuSnO6,OQMD,1,2.5520000000000005,2.5520000000000005,2.5520000000000005,,0.0
Sr2PuTaO6,OQMD,3,2.1050000000000004,1.5069999999999997,2.295,0.4112274309916596,0.7880000000000003
Sr2PuTiO6,OQMD,1,2.531,2.531,2.531,,0.0
Sr2PuZnO6,OQMD,1,0.9830000000000001,0.9830000000000001,0.9830000000000001,,0.0
Sr2PuZrO6,OQMD,2,2.832,2.831,2.8329999999999997,0.0014142135623729393,0.0019999999999997797
Sr2ReAgO6,OQMD,9,1.052,0.305,1.351,0.3387838543968705,1.046
Sr2ReAuO6,OQMD,3,0.9049999999999998,0.6159999999999997,1.0620000000000003,0.22623218161879652,0.4460000000000006
Sr2ReBrO6,OQMD,4,1.4325,0.457,1.652,0.5375366654161059,1.1949999999999998
Sr2ReGeO6,OQMD,1,0.3120000000000003,0.3120000000000003,0.3120000000000003,,0.0
Sr2ReHgO6,OQMD,1,0.452,0.452,0.452,,0.0
Sr2ReNiO6,AFLOW,2,0.368,0.3617,0.3743,0.00890954544295048,0.0126
Sr2RePdO6,OQMD,1,0.452999999999999,0.452999999999999,0.452999999999999,,0.0
Sr2ReSeO6,OQMD,1,0.6109999999999998,0.6109999999999998,0.6109999999999998,,0.0
Sr2ReSiO6,OQMD,1,0.31,0.31,0.31,,0.0
Sr2ReSnO6,OQMD,8,0.4585,0.305,0.609,0.09721616194263762,0.304
Sr2ReTeO6,OQMD,2,0.5289999999999999,0.45199999999999996,0.6059999999999999,0.10889444430272825,0.15399999999999991
Sr2RhSeO6,OQMD,1,1.8379999999999996,1.8379999999999996,1.8379999999999996,,0.0
Sr2RhWO6,OQMD,2,0.6025,0.522,0.683,0.11384419177103418,0.16100000000000003
Sr2RuBrO6,OQMD,1,0.30500000000000016,0.30500000000000016,0.30500000000000016,,0.0
Sr2RuWO6,OQMD,11,0.871,0.686,1.038,0.11204682462743375,0.352
Sr2SbAsO6,OQMD,4,1.1215000000000002,0.75,1.3410000000000002,0.25246847988082277,0.5910000000000002
Sr2SbAuO6,OQMD,3,0.30299999999999994,0.2970000000000006,1.4990000000000006,0.6922494733355408,1.202
Sr2SbBrO6,OQMD,1,0.441,0.441,0.441,,0.0
Sr2SbIrO6,OQMD,7,0.6070000000000002,0.453,1.209,0.252294801109073,0.756
Sr2SbPtO6,OQMD,1,0.448,0.448,0.448,,0.0
Sr2SbRhO6,OQMD,6,0.605,0.45999999999999996,1.196,0.2971253944044499,0.736
Sr2ScAsO6,OQMD,11,3.496,3.3429999999999995,3.636,0.07957900591122133,0.2930000000000006
Sr2ScBiO6,JARVIS,1,1.907,1.907,1.907,,0.0
Sr2ScBiO6,MP,1,1.7949000000000002,1.7949000000000002,1.7949000000000002,,0.0
Sr2ScBiO6,OQMD,12,2.4130000000000003,2.04,2.449,0.1293841765886198,0.4089999999999998
Sr2ScBrO6,OQMD,10,2.7234999999999996,2.442,2.831,0.15399310951395767,0.3889999999999998
Sr2ScCrO6,OQMD,5,0.412,0.40600000000000014,0.811,0.21892852714984407,0.4049999999999999
Sr2ScNbO6,MP,1,2.9419999999999993,2.9419999999999993,2.9419999999999993,,0.0
Sr2ScNbO6,OQMD,14,3.058,2.798,3.64,0.2518289145388238,0.8420000000000001
Sr2ScOsO6,OQMD,1,0.612,0.612,0.612,,0.0
Sr2ScRuO6,OQMD,1,0.812,0.812,0.812,,0.0
Sr2ScSbO6,MP,1,3.5074,3.5074,3.5074,,0.0
Sr2ScSbO6,OQMD,15,3.8890000000000002,3.438,4.309,0.22474902404576488,0.871
Sr2ScSeO6,OQMD,1,0.401,0.401,0.401,,0.0
Sr2ScTaO6,JARVIS,1,3.511,3.511,3.511,,0.0
Sr2ScTaO6,MP,1,3.4213,3.4213,3.4213,,0.0
Sr2ScTaO6,OQMD,11,3.643,3.023,4.265,0.3128980083611328,1.2419999999999995
Sr2ScUO6,OQMD,2,4.0225,4.022,4.023,0.0007071067811861557,0.0009999999999994458
Sr2ScVO6,OQMD,10,1.7235000000000003,1.416,2.009,0.17356855834062931,0.593
Sr2SiGeO6,OQMD,2,1.4540000000000002,1.381,1.5270000000000001,0.10323759005323595,0.14600000000000013
Sr2SiSnO6,OQMD,2,2.126,2.122,2.13,0.005656854249492385,0.008000000000000007
Sr2SiTeO6,OQMD,2,2.333,2.257,2.4090000000000007,0.10748023074035579,0.15200000000000058
Sr2SmCrO6,OQMD,1,0.6989999999999998,0.6989999999999998,0.6989999999999998,,0.0
Sr2SmNbO6,JARVIS,2,3.197,3.197,3.197,0.0,0.0
Sr2SmNbO6,MP,3,3.0633,2.8836,3.1716,0.1454676252641803,0.28800000000000026
Sr2SmNbO6,OQMD,7,3.2640000000000002,3.0230000000000006,3.506,0.1959068048600561,0.4829999999999992
Sr2SmRuO6,OQMD,3,0.34799999999999986,0.3450000000000002,0.34899999999999975,0.002081665999465903,0.0039999999999995595
Sr2SmSbO6,MP,3,3.5285,3.4098,3.6616,0.12596860720036548,0.2517999999999998
Sr2SmSbO6,OQMD,4,4.025,3.728,4.157,0.18717082215630348,0.4289999999999998
Sr2SmTaO6,JARVIS,1,3.811,3.811,3.811,,0.0
Sr2SmTaO6,OQMD,5,3.8379999999999996,3.5460000000000003,4.021,0.1846085046794971,0.47499999999999964
Sr2SmVO6,MP,1,1.6372,1.6372,1.6372,,0.0
Sr2SmVO6,OQMD,3,2.0410000000000004,1.7040000000000002,2.093,0.2111847532375384,0.3889999999999998
Sr2SmWO6,MP,1,2.0057,2.0057,2.0057,,0.0
Sr2Sn3O7,OQMD,2,1.725,1.4929999999999994,1.9570000000000007,0.328097546470559,0.4640000000000013
Sr2Sn3O8,OQMD,1,2.684,2.684,2.684,,0.0
Sr2SnBiO6,OQMD,1,1.049,1.049,1.049,,0.0
Sr2SnGeO6,OQMD,9,1.659,0.907,2.543,0.5491946376285916,1.6360000000000001
Sr2SnPbO6,OQMD,8,1.2685,0.303,1.927,0.44975610454048154,1.624
Sr2SnPdO6,OQMD,7,0.895,0.601,1.356,0.26470828508090977,0.7550000000000001
Sr2SnPtO6,OQMD,7,0.918,0.61,1.828,0.3968693559778655,1.218
Sr2SnSbO6,OQMD,1,1.048,1.048,1.048,,0.0
Sr2SnSeO6,OQMD,4,1.2815,0.907,1.3470000000000004,0.20756585300413305,0.4400000000000004
Sr2SnTeO6,OQMD,10,1.333,0.897,2.947,0.5977075092941921,2.05
Sr2SnWO6,OQMD,3,0.864999999999999,0.86,1.702,0.48469199842099064,0.842
Sr2TaAgO6,OQMD,1,0.6220000000000001,0.6220000000000001,0.6220000000000001,,0.0
Sr2TaAlO6,JARVIS,1,1.027,1.027,1.027,,0.0
Sr2TaAlO6,MP,2,2.3356500000000002,1.0943,3.577,1.7555340056518414,2.4827
Sr2TaAlO6,OQMD,12,3.8135000000000003,3.573,4.061,0.11090072000203469,0.488
Sr2TaAsO6,OQMD,9,2.142,2.0,3.344,0.41703520368322766,1.3439999999999999
Sr2TaAuO6,OQMD,1,1.577,1.577,1.577,,0.0
Sr2TaBO6,OQMD,2,3.371,2.79,3.952,0.8216580797387681,1.162
Sr2TaBiO6,OQMD,11,2.476,2.268,3.376,0.29486203245215925,1.108
Sr2TaCoO6,MP,2,1.5840999999999996,1.5498999999999992,1.6183,0.04836610383316049,0.0684000000000009
Sr2TaCoO6,OQMD,9,0.798,0.6349999999999998,2.035,0.5970286844030193,1.4000000000000004
Sr2TaCrO6,AFLOW,1,2.7846,2.7846,2.7846,,0.0
Sr2TaCrO6,JARVIS,1,0.806,0.806,0.806,,0.0
Sr2TaCrO6,MP,2,2.86175,2.8066,2.9169,0.07799387796487608,0.11030000000000006
Sr2TaCrO6,OQMD,14,2.7915,2.467,2.881,0.11127423800662947,0.4139999999999997
Sr2TaCuO6,OQMD,4,1.0074999999999998,0.778,1.089,0.1492168444468205,0.31099999999999994
Sr2TaFeO6,MP,2,1.77385,1.5015,2.0462,0.38516106371231223,0.5446999999999997
Sr2TaFeO6,OQMD,15,1.897,1.397,2.344,0.20466539475329926,0.9469999999999998
Sr2TaGaO6,JARVIS,1,4.122,4.122,4.122,,0.0
Sr2TaGaO6,MP,1,4.0418,4.0418,4.0418,,0.0
Sr2TaGaO6,OQMD,13,4.137,3.884,4.303,0.12920645375641124,0.41900000000000004
Sr2TaInO6,AFLOW,1,4.0924,4.0924,4.0924,,0.0
Sr2TaInO6,JARVIS,1,4.22,4.22,4.22,,0.0
Sr2TaInO6,MP,4,3.9560499999999994,3.7911,4.0244,0.10136149827885009,0.23329999999999984
Sr2TaInO6,OQMD,14,4.247,3.56,4.485,0.26335168480590715,0.9250000000000003
Sr2TaIrO6,OQMD,13,1.588,0.953,2.478,0.34422445345874886,1.5250000000000004
Sr2TaMnO6,JARVIS,1,0.401,0.401,0.401,,0.0
Sr2TaMnO6,MP,1,0.7905999999999991,0.7905999999999991,0.7905999999999991,,0.0
Sr2TaMnO6,OQMD,9,0.471,0.315,1.549,0.38206314923059514,1.234
Sr2TaMoO6,OQMD,1,0.933,0.933,0.933,,0.0
Sr2TaNiO6,OQMD,2,1.4865,1.397,1.576,0.1265721138323921,0.17900000000000005
Sr2TaPbO6,OQMD,1,2.421,2.421,2.421,,0.0
Sr2TaPdO6,OQMD,1,0.46,0.46,0.46,,0.0
Sr2TaPtO6,OQMD,2,0.6245,0.314,0.935,0.43911331111684604,0.621
Sr2TaRhO6,OQMD,10,1.2705,1.108,2.173,0.30430907168717647,1.065
Sr2TaSbO6,OQMD,10,1.6875,1.505,3.033,0.46439925351648303,1.528
Sr2TaSnO6,OQMD,1,2.118,2.118,2.118,,0.0
Sr2TaTcO6,OQMD,1,0.5199999999999996,0.5199999999999996,0.5199999999999996,,0.0
Sr2TaTiO6,OQMD,2,0.3054999999999995,0.305,0.305999999999999,0.0007071067811858416,0.0009999999999990017
Sr2TaTlO6,OQMD,11,2.505,2.345,3.357,0.3776525579755214,1.012
Sr2TaVO6,OQMD,9,0.93,0.617,1.848,0.3970582450976179,1.231
Sr2TaWO6,OQMD,1,0.33,0.33,0.33,,0.0
Sr2TbCoO6,OQMD,1,0.31000000000000005,0.31000000000000005,0.31000000000000005,,0.0
Sr2TbCrO6,OQMD,1,0.766,0.766,0.766,,0.0
Sr2TbNbO6,MP,2,2.9947999999999997,2.8842,3.105399999999999,0.15641201999846388,0.22119999999999918
Sr2TbNbO6,OQMD,6,3.305,3.11,3.413,0.13780820004629651,0.30299999999999994
Sr2TbRuO6,MP,1,0.187899999999999,0.187899999999999,0.187899999999999,,0.0
Sr2TbRuO6,OQMD,3,0.46,0.30900000000000016,0.4620000000000002,0.08776293826743341,0.15300000000000002
Sr2TbSbO6,MP,2,3.5034,3.4629,3.5439,0.05727564927611048,0.08099999999999996
Sr2TbSbO6,OQMD,5,3.984,3.872,4.144,0.10844722218664722,0.27200000000000024
Sr2TbTaO6,MP,1,3.8367,3.8367,3.8367,,0.0
Sr2TbTaO6,OQMD,5,3.9339999999999993,3.6140000000000003,4.12,0.18326538134628695,0.5059999999999998
Sr2TbVO6,MP,1,1.6184,1.6184,1.6184,,0.0
Sr2TbVO6,OQMD,2,1.9324999999999999,1.8639999999999999,2.001,0.09687362902255703,0.137
Sr2TbWO6,MP,1,2.0089,2.0089,2.0089,,0.0
Sr2TcGeO6,OQMD,9,0.5380000000000003,0.351,0.88,0.19818790186195626,0.529
Sr2TcSbO6,OQMD,1,0.336,0.336,0.336,,0.0
Sr2TcSnO6,OQMD,10,0.7005000000000005,0.527,0.88,0.1280640464767533,0.353
Sr2TcTeO6,OQMD,10,0.6010000000000005,0.344,0.852,0.1815873221223212,0.508
Sr2TePbO6,OQMD,10,2.0095,1.471,2.386,0.34683995668831985,0.915
Sr2TePdO6,OQMD,2,0.741,0.733,0.749,0.01131370849898477,0.016000000000000014
Sr2TePtO6,OQMD,2,1.054,1.05,1.058,0.005656854249492385,0.008000000000000007
Sr2TeSO6,OQMD,1,2.656,2.656,2.656,,0.0
Sr2TeSeO6,OQMD,1,2.5,2.5,2.5,,0.0
Sr2TeWO6,OQMD,2,0.6799999999999998,0.345,1.0149999999999997,0.47376154339498666,0.6699999999999997
Sr2Ti(SiO4)2,AFLOW,1,4.344,4.344,4.344,,0.0
Sr2Ti(SiO4)2,MP,1,3.8662,3.8662,3.8662,,0.0
Sr2Ti2GaO7,MP,1,0.15249999999999903,0.15249999999999903,0.15249999999999903,,0.0
Sr2TiBiO6,OQMD,1,2.228,2.228,2.228,,0.0
Sr2TiCoO6,OQMD,1,1.01,1.01,1.01,,0.0
Sr2TiCrO6,OQMD,5,0.299,0.298,1.863,0.6776524182794599,1.565
Sr2TiGeO6,OQMD,10,2.7119999999999997,2.547,2.956,0.10099752472214349,0.4089999999999998
Sr2TiMnO6,JARVIS,2,0.856,0.856,0.856,0.0,0.0
Sr2TiMnO6,MP,2,0.9917999999999996,0.9884000000000001,0.9951999999999991,0.004808326112067837,0.006799999999999029
Sr2TiMnO6,OQMD,14,1.1485000000000003,1.05,1.799,0.1942316646698976,0.7489999999999999
Sr2TiNbO6,OQMD,1,0.3,0.3,0.3,,0.0
Sr2TiNiO6,OQMD,2,0.6055,0.3,0.911,0.4320422433049806,0.611
Sr2TiPbO6,OQMD,10,2.0215,1.783,2.354,0.18197438769721905,0.5710000000000002
Sr2TiPdO6,OQMD,10,0.897,0.748,1.792,0.3062366731794218,1.044
Sr2TiPtO6,OQMD,9,1.06,1.053,2.107,0.356675973398826,1.0540000000000003
Sr2TiReO6,OQMD,1,0.296,0.296,0.296,,0.0
Sr2TiRuO6,OQMD,1,0.295,0.295,0.295,,0.0
Sr2TiSO6,OQMD,2,1.3605,1.359,1.362,0.002121320343559723,0.0030000000000001137
Sr2TiSbO6,OQMD,1,1.782,1.782,1.782,,0.0
Sr2TiSeO6,OQMD,3,1.7679999999999998,1.497,1.803,0.1674823373772092,0.3059999999999998
Sr2TiSiO6,OQMD,10,2.4085,2.273,2.937,0.19734315853918571,0.6639999999999997
Sr2TiSnO6,MP,1,2.985399999999999,2.985399999999999,2.985399999999999,,0.0
Sr2TiSnO6,OQMD,10,3.125,2.84,3.285,0.1226755431570976,0.4450000000000003
Sr2TiTcO6,OQMD,1,0.687,0.687,0.687,,0.0
Sr2TiTeO6,OQMD,10,1.193,1.032,2.48,0.4735776482150407,1.448
Sr2TiVO6,OQMD,7,0.596,0.447,1.012,0.1995836141761619,0.565
Sr2TlCrO6,OQMD,6,0.6765,0.449,0.890000000000001,0.15529069514945218,0.441000000000001
Sr2TlReO6,OQMD,6,0.9704999999999999,0.452,1.505,0.35106276741726195,1.053
Sr2TlRuO6,OQMD,6,0.304,0.3,0.45,0.05980969821024019,0.15000000000000002
Sr2TlSbO6,OQMD,11,1.334,0.3,1.77,0.5220406636895774,1.47
Sr2TlVO6,OQMD,10,1.637,1.339,2.195,0.27182510717166813,0.8559999999999999
Sr2TlWO6,OQMD,1,2.545,2.545,2.545,,0.0
Sr2TmCrO6,OQMD,3,0.6160000000000001,0.4630000000000001,0.76,0.14852272553383872,0.29699999999999993
Sr2TmNbO6,MP,1,2.8569999999999993,2.8569999999999993,2.8569999999999993,,0.0
Sr2TmNbO6,OQMD,6,3.3685,3.1019999999999994,3.5549999999999997,0.18167957140709745,0.4530000000000003
Sr2TmRuO6,OQMD,3,0.309,0.3089999999999997,0.31000000000000005,0.0005773502691897425,0.001000000000000334
Sr2TmSbO6,OQMD,9,3.8930000000000002,2.6690000000000005,4.115,0.43306725805583596,1.4459999999999997
Sr2TmTaO6,MP,1,3.8819,3.8819,3.8819,,0.0
Sr2TmTaO6,OQMD,6,3.9595,3.6129999999999995,3.99,0.18461572702959728,0.37700000000000067
Sr2TmVO6,OQMD,4,1.8644999999999998,1.7120000000000002,2.0149999999999997,0.12378206655246933,0.3029999999999995
Sr2UCoO6,OQMD,2,2.504,2.41,2.598,0.13293607486307074,0.18799999999999972
Sr2UCrO6,JARVIS,1,0.943,0.943,0.943,,0.0
Sr2UCrO6,MP,1,0.9756999999999991,0.9756999999999991,0.9756999999999991,,0.0
Sr2UCrO6,OQMD,1,3.117,3.117,3.117,,0.0
Sr2UFeO6,JARVIS,1,0.172,0.172,0.172,,0.0
Sr2UFeO6,MP,1,1.121399999999999,1.121399999999999,1.121399999999999,,0.0
Sr2UFeO6,OQMD,5,2.404,0.37,2.4099999999999997,0.9099748348168755,2.0399999999999996
Sr2UInO6,JARVIS,1,1.128,1.128,1.128,,0.0
Sr2UInO6,MP,1,1.0488,1.0488,1.0488,,0.0
Sr2UMnO6,MP,1,0.669999999999999,0.669999999999999,0.669999999999999,,0.0
Sr2UMnO6,OQMD,3,1.6659999999999995,1.4640000000000004,2.217,0.3897464988083066,0.7529999999999997
Sr2UNiO6,JARVIS,1,0.955,0.955,0.955,,0.0
Sr2UNiO6,MP,1,1.545799999999999,1.545799999999999,1.545799999999999,,0.0
Sr2UNiO6,OQMD,2,2.9930000000000003,2.826,3.16,0.23617366491630679,0.3340000000000001
Sr2UZnO6,JARVIS,1,1.968,1.968,1.968,,0.0
Sr2UZnO6,MP,1,1.8031000000000001,1.8031000000000001,1.8031000000000001,,0.0
Sr2UZnO6,OQMD,1,2.935,2.935,2.935,,0.0
Sr2V11NiO22,MP,1,0.7712000000000001,0.7712000000000001,0.7712000000000001,,0.0
Sr2V2PbO8,OQMD,2,2.958,2.567,3.349,0.5529575028878801,0.782
Sr2V3HO9,MP,1,1.958899999999999,1.958899999999999,1.958899999999999,,0.0
Sr2VAgO6,OQMD,2,0.517,0.301,0.733,0.3054701294725885,0.432
Sr2VAsO6,OQMD,1,0.7780000000000005,0.7780000000000005,0.7780000000000005,,0.0
Sr2VBO6,OQMD,1,2.103,2.103,2.103,,0.0
Sr2VBiO6,OQMD,9,0.890000000000001,0.593999999999999,3.0749999999999997,0.7804744995478357,2.4810000000000008
Sr2VBrO6,OQMD,1,1.76,1.76,1.76,,0.0
Sr2VCoO6,OQMD,6,0.456,0.302,1.049,0.2775063362639972,0.7469999999999999
Sr2VCrO6,OQMD,12,1.358,1.051,1.465,0.11986618169922447,0.41400000000000015
Sr2VCuO6,OQMD,2,0.591,0.301,0.881,0.4101219330881976,0.5800000000000001
Sr2VFeO6,OQMD,12,1.059,0.452,1.626,0.26112708794877265,1.174
Sr2VGaO6,OQMD,11,1.811,1.658,2.489,0.23752106126711064,0.831
Sr2VGeO6,OQMD,5,1.214,1.212,1.357,0.07489125449610254,0.14500000000000002
Sr2VInO6,MP,1,1.797499999999999,1.797499999999999,1.797499999999999,,0.0
Sr2VInO6,OQMD,10,2.082,1.945,2.233,0.09502426590672047,0.28800000000000003
Sr2VIrO6,OQMD,6,0.3775,0.302,0.604,0.12431894465446541,0.302
Sr2VMoO6,MP,3,1.045199999999999,0.3704,1.2095,0.44467934889460875,0.8391
Sr2VMoO6,OQMD,1,0.481,0.481,0.481,,0.0
Sr2VNiO6,OQMD,2,1.5145,1.503,1.526,0.016263455967290685,0.02300000000000013
Sr2VOsO6,OQMD,1,0.605,0.605,0.605,,0.0
Sr2VPbO6,OQMD,1,0.758999999999999,0.758999999999999,0.758999999999999,,0.0
Sr2VPdO6,OQMD,1,0.75,0.75,0.75,,0.0
Sr2VPtO6,OQMD,5,0.464,0.452,0.901,0.20988449204264711,0.449
Sr2VRhO6,OQMD,9,0.312,0.302,1.211,0.3137371511313253,0.909
Sr2VSO6,OQMD,3,0.7720000000000002,0.45399999999999974,1.2330000000000005,0.39168141816192104,0.7790000000000008
Sr2VSbO6,OQMD,7,1.378,1.054,1.765,0.2354872355250664,0.7109999999999999
Sr2VSeO6,OQMD,2,0.9215000000000002,0.762,1.0810000000000004,0.22556706319850894,0.3190000000000004
Sr2VSiO6,OQMD,5,1.075,0.613,1.208,0.24502183576163156,0.595
Sr2VSnO6,OQMD,7,1.486,1.202,1.529,0.12006783796789926,0.32699999999999996
Sr2VTcO6,OQMD,1,0.518,0.518,0.518,,0.0
Sr2VTeO6,OQMD,5,0.7720000000000002,0.454,0.7770000000000001,0.14318449636744893,0.3230000000000001
Sr2VWO6,MP,1,0.8022,0.8022,0.8022,,0.0
Sr2VWO6,OQMD,11,0.513,0.342,1.204,0.2571747902249999,0.8619999999999999
Sr2WBrO6,OQMD,2,1.9449999999999998,1.369,2.521,0.8145870119269027,1.152
Sr2WCO6,OQMD,4,1.7325000000000004,1.5670000000000006,1.734,0.08300401596710032,0.16699999999999937
Sr2WSO6,OQMD,1,0.8420000000000001,0.8420000000000001,0.8420000000000001,,0.0
Sr2WSeO6,OQMD,1,2.237,2.237,2.237,,0.0
Sr2YAsO6,OQMD,9,3.874,3.115,4.06,0.3331148450609788,0.9449999999999994
Sr2YBiO6,MP,2,1.9994499999999995,1.972399999999999,2.0265,0.038254476862192875,0.054100000000000925
Sr2YBiO6,OQMD,12,2.3979999999999997,2.063,2.7880000000000003,0.2504532104127648,0.7250000000000001
Sr2YBrO6,OQMD,10,2.6210000000000004,2.424,2.796,0.1451491569998867,0.3719999999999999
Sr2YCrO6,OQMD,6,0.694,0.525,0.873,0.12819269349953866,0.348
Sr2YMoO6,OQMD,1,0.344,0.344,0.344,,0.0
Sr2YNbO6,MP,3,3.0999,2.8887,3.2249,0.16993179023753413,0.33619999999999983
Sr2YNbO6,OQMD,13,3.336,2.742,3.708,0.24088123470035855,0.9660000000000002
Sr2YOsO6,MP,1,0.17300000000000001,0.17300000000000001,0.17300000000000001,,0.0
Sr2YOsO6,OQMD,6,0.4059999999999999,0.402,0.806,0.16364595931461312,0.404
Sr2YPO6,OQMD,2,4.7915,4.769,4.814,0.03181980515339459,0.04499999999999993
Sr2YRuO6,AFLOW,1,1.1872,1.1872,1.1872,,0.0
Sr2YRuO6,JARVIS,1,0.161,0.161,0.161,,0.0
Sr2YRuO6,OQMD,10,0.35400000000000004,0.34899999999999975,0.71,0.11263633714057131,0.3610000000000002
Sr2YSbO6,AFLOW,2,3.5141999999999998,3.5114,3.517,0.003959797974644387,0.005599999999999827
Sr2YSbO6,JARVIS,1,3.96,3.96,3.96,,0.0
Sr2YSbO6,MP,2,3.609749999999999,3.512199999999999,3.707299999999999,0.13795653300949545,0.19510000000000005
Sr2YSbO6,OQMD,14,4.026,3.256,4.271,0.2700887623734827,1.0150000000000001
Sr2YTaO6,AFLOW,1,3.9588,3.9588,3.9588,,0.0
Sr2YTaO6,JARVIS,1,3.889,3.889,3.889,,0.0
Sr2YTaO6,MP,2,3.8374499999999996,3.825799999999999,3.8491,0.0164755880016471,0.023300000000000765
Sr2YTaO6,OQMD,13,4.049,3.267,4.245,0.29535003136218047,0.9780000000000002
Sr2YVO6,MP,1,1.6134,1.6134,1.6134,,0.0
Sr2YVO6,OQMD,10,1.9220000000000002,1.726,2.267,0.14339161605740955,0.5409999999999999
Sr2YWO6,OQMD,1,0.517,0.517,0.517,,0.0
Sr2YbCrO6,OQMD,3,0.9200000000000002,0.6150000000000002,0.9260000000000002,0.1778491870471533,0.31099999999999994
Sr2YbMoO6,OQMD,7,2.2930000000000006,1.7740000000000005,2.4379999999999997,0.2293568647949551,0.6639999999999993
Sr2YbSbO6,OQMD,2,4.374,4.302,4.446,0.10182337649086293,0.14400000000000013
Sr2YbTeO6,OQMD,4,3.6305,3.562,3.702,0.057488404627947846,0.14000000000000012
Sr2YbWO6,OQMD,4,3.1094999999999997,2.8990000000000005,3.2889999999999997,0.1600361938229387,0.38999999999999924
Sr2ZnCrO6,OQMD,2,0.9160000000000001,0.904,0.9280000000000004,0.01697056274847743,0.024000000000000354
Sr2ZnGe2O7,AFLOW,2,3.34025,3.3392,3.3413,0.0014849242404915862,0.0020999999999999908
Sr2ZnGe2O7,MP,1,3.1157999999999992,3.1157999999999992,3.1157999999999992,,0.0
Sr2ZnMoO6,AFLOW,3,2.2975,2.1638,2.2997,0.07783458956873426,0.1358999999999999
Sr2ZnMoO6,JARVIS,3,2.28,2.101,2.28,0.10334569818494273,0.17899999999999983
Sr2ZnMoO6,MP,2,2.37345,2.3108,2.4361,0.08860047968267454,0.1253000000000002
Sr2ZnMoO6,OQMD,9,2.1510000000000002,1.3249999999999997,2.338,0.3138316073593892,1.0130000000000003
Sr2ZnSO6,OQMD,3,0.9130000000000003,0.7610000000000001,2.547,0.9901898807804491,1.786
Sr2ZnSeO6,OQMD,2,1.3539999999999999,0.911,1.7969999999999997,0.6264966081312809,0.8859999999999997
Sr2ZnSi2O7,AFLOW,1,4.2792,4.2792,4.2792,,0.0
Sr2ZnSi2O7,MP,1,3.8987,3.8987,3.8987,,0.0
Sr2ZnTeO6,OQMD,6,1.814,1.5150000000000001,1.967,0.16151986461939188,0.45199999999999996
Sr2ZnWO6,AFLOW,2,3.0195499999999997,3.0189,3.0202,0.0009192388155427246,0.0013000000000000789
Sr2ZnWO6,JARVIS,1,0.39,0.39,0.39,,0.0
Sr2ZnWO6,MP,4,3.5236999999999994,3.4104,3.5827,0.07241580743640612,0.1722999999999999
Sr2ZnWO6,OQMD,9,3.1719999999999997,2.0969999999999995,3.195,0.34989538118954633,1.0980000000000003
Sr2ZrBiO6,OQMD,1,1.59,1.59,1.59,,0.0
Sr2ZrCoO6,OQMD,5,0.829,0.615,1.216,0.24550010183297274,0.601
Sr2ZrCrO6,OQMD,6,0.6205,0.617,2.497,0.7549028193527075,1.88
Sr2ZrGeO6,MP,1,4.057499999999999,4.057499999999999,4.057499999999999,,0.0
Sr2ZrGeO6,OQMD,10,4.334,3.892,4.548,0.18743223960792976,0.6560000000000001
Sr2ZrMnO6,AFLOW,1,1.3849,1.3849,1.3849,,0.0
Sr2ZrMnO6,JARVIS,1,1.289,1.289,1.289,,0.0
Sr2ZrMnO6,MP,1,1.506,1.506,1.506,,0.0
Sr2ZrMnO6,OQMD,13,1.666,1.635,2.231,0.17166301962767735,0.5959999999999999
Sr2ZrNbO6,OQMD,2,0.504,0.407,0.601,0.13717871555019023,0.194
Sr2ZrNiO6,OQMD,10,0.8345,0.832,1.434,0.19529536035906686,0.602
Sr2ZrNpO6,OQMD,2,3.029,3.028,3.03,0.0014142135623729393,0.0019999999999997797
Sr2ZrOsO6,OQMD,1,0.41,0.41,0.41,,0.0
Sr2ZrPbO6,OQMD,10,2.7439999999999998,2.451,3.024,0.23939052241519965,0.573
Sr2ZrPdO6,OQMD,10,1.4289999999999998,1.233,1.812,0.1525705665512774,0.579
Sr2ZrPtO6,OQMD,10,1.853,1.653,2.448,0.24299565611115123,0.7949999999999999
Sr2ZrReO6,OQMD,1,1.028,1.028,1.028,,0.0
Sr2ZrSO6,OQMD,1,2.2460000000000004,2.2460000000000004,2.2460000000000004,,0.0
Sr2ZrSbO6,OQMD,1,1.584,1.584,1.584,,0.0
Sr2ZrSeO6,OQMD,3,2.467,2.452,2.827,0.2123087374556214,0.375
Sr2ZrSiO6,OQMD,10,3.949,3.857,4.154,0.09950455042637738,0.2969999999999997
Sr2ZrSnO6,MP,1,3.902,3.902,3.902,,0.0
Sr2ZrSnO6,OQMD,10,4.1265,3.684,4.515,0.2739639270658334,0.8309999999999995
Sr2ZrTaO6,OQMD,1,0.602,0.602,0.602,,0.0
Sr2ZrTcO6,OQMD,6,0.513,0.41,1.026,0.23892572067485746,0.6160000000000001
Sr2ZrTeO6,OQMD,10,2.0324999999999998,1.827,3.225,0.3927706285692283,1.3980000000000001
Sr2ZrTiO6,MP,3,2.3507,1.8689,2.516,0.33620275132723115,0.6471
Sr2ZrTiO6,OQMD,13,2.639,2.398,3.027,0.193429739447077,0.629
Sr2ZrVO6,MP,2,1.161899999999999,1.154099999999999,1.169699999999999,0.011030865786510182,0.015600000000000058
Sr2ZrVO6,OQMD,7,1.218,1.008,1.424,0.15855898707090804,0.4159999999999999
Sr3(SbO4)2,OQMD,1,2.773,2.773,2.773,,0.0
Sr3Al2(SiO4)3,AFLOW,1,4.4379,4.4379,4.4379,,0.0
Sr3Al2(SiO4)3,JARVIS,1,4.749,4.749,4.749,,0.0
Sr3Al2(SiO4)3,MP,1,4.572,4.572,4.572,,0.0
Sr3BeSb2O9,OQMD,1,1.0620000000000003,1.0620000000000003,1.0620000000000003,,0.0
Sr3BeV2O9,OQMD,1,1.3649999999999998,1.3649999999999998,1.3649999999999998,,0.0
Sr3Ca(SnO3)4,JARVIS,1,1.967,1.967,1.967,,0.0
Sr3Ca(SnO3)4,MP,1,1.8808999999999991,1.8808999999999991,1.8808999999999991,,0.0
Sr3Ca5Mn8O24,MP,1,0.1912,0.1912,0.1912,,0.0
Sr3CaAl2V2O12,OQMD,2,1.6425,1.6420000000000003,1.6429999999999998,0.0007071067811861557,0.0009999999999994458
Sr3CaHf4O12,JARVIS,1,4.313,4.313,4.313,,0.0
Sr3CaHf4O12,MP,1,4.1782,4.1782,4.1782,,0.0
Sr3CaSb2O9,OQMD,1,1.822,1.822,1.822,,0.0
Sr3CaTi2Mn2O12,OQMD,2,1.2209999999999999,1.2209999999999996,1.221,3.1401849173675503e-16,4.440892098500626e-16
Sr3CaTi4O12,JARVIS,1,2.063,2.063,2.063,,0.0
Sr3CaTi4O12,MP,1,1.9214,1.9214,1.9214,,0.0
Sr3CaTi4O12,OQMD,1,1.9359999999999995,1.9359999999999995,1.9359999999999995,,0.0
Sr3CaTiCr3O12,OQMD,1,0.4660000000000002,0.4660000000000002,0.4660000000000002,,0.0
Sr3CaTiMn3O12,OQMD,1,0.29800000000000004,0.29800000000000004,0.29800000000000004,,0.0
Sr3CaV2(FeO6)2,OQMD,2,0.9915,0.915,1.068,0.10818733752154179,0.15300000000000002
Sr3CaV2Cr2O12,OQMD,2,1.2225000000000001,1.222,1.2230000000000003,0.0007071067811867837,0.001000000000000334
Sr3CaV3FeO12,OQMD,1,1.214,1.214,1.214,,0.0
Sr3CaV4O12,MP,2,0.5809999999999995,0.40090000000000003,0.7610999999999991,0.2546998625833938,0.3601999999999991
Sr3CaZr2Mn2O12,OQMD,1,1.8599999999999999,1.8599999999999999,1.8599999999999999,,0.0
Sr3CaZr2Ti2O12,OQMD,2,2.4065000000000003,2.4060000000000006,2.4069999999999996,0.0007071067811859987,0.0009999999999990017
Sr3CaZr3CrO12,OQMD,1,2.2439999999999998,2.2439999999999998,2.2439999999999998,,0.0
Sr3CaZr3MnO12,OQMD,1,0.6140000000000003,0.6140000000000003,0.6140000000000003,,0.0
Sr3CaZr3TiO12,OQMD,1,0.6099999999999999,0.6099999999999999,0.6099999999999999,,0.0
Sr3CaZr3VO12,OQMD,1,0.40999999999999925,0.40999999999999925,0.40999999999999925,,0.0
Sr3CaZr4O12,OQMD,1,3.5980000000000003,3.5980000000000003,3.5980000000000003,,0.0
Sr3CaZrV3O12,OQMD,1,0.41400000000000015,0.41400000000000015,0.41400000000000015,,0.0
Sr3CdSb2O9,OQMD,1,0.9039999999999995,0.9039999999999995,0.9039999999999995,,0.0
Sr3CoSb2O9,MP,1,0.6048,0.6048,0.6048,,0.0
Sr3CoSb2O9,OQMD,1,0.30100000000000016,0.30100000000000016,0.30100000000000016,,0.0
Sr3Cu3(PO4)4,AFLOW,2,1.40015,1.2481,1.5522,0.21503117215882914,0.30410000000000004
Sr3Cu3(PO4)4,MP,2,0.44769999999999954,0.377299999999999,0.5181,0.0995606347910666,0.14080000000000098
Sr3Er2(GeO4)3,MP,1,3.693399999999999,3.693399999999999,3.693399999999999,,0.0
Sr3Fe2MoO9,MP,1,0.7011000000000001,0.7011000000000001,0.7011000000000001,,0.0
Sr3Fe2TeO9,MP,1,2.1802,2.1802,2.1802,,0.0
Sr3Ge2(B3O8)2,JARVIS,1,4.559,4.559,4.559,,0.0
Sr3Ge2(B3O8)2,MP,1,4.4323999999999995,4.4323999999999995,4.4323999999999995,,0.0
Sr3Ge2O7,OQMD,1,1.673,1.673,1.673,,0.0
Sr3Hf2O7,OQMD,1,3.873,3.873,3.873,,0.0
Sr3LaAl3CrO12,OQMD,1,1.0470000000000002,1.0470000000000002,1.0470000000000002,,0.0
Sr3LaMn3FeO12,OQMD,1,1.045,1.045,1.045,,0.0
Sr3LaMn3WO12,OQMD,1,0.34299999999999997,0.34299999999999997,0.34299999999999997,,0.0
Sr3LaTi3AlO12,OQMD,1,1.005,1.005,1.005,,0.0
Sr3LaTi3CrO12,OQMD,1,0.43400000000000016,0.43400000000000016,0.43400000000000016,,0.0
Sr3LaV3CoO12,OQMD,1,0.8570000000000002,0.8570000000000002,0.8570000000000002,,0.0
Sr3LaV3CrO12,OQMD,1,0.2929999999999997,0.2929999999999997,0.2929999999999997,,0.0
Sr3LaZr3CoO12,OQMD,1,0.815,0.815,0.815,,0.0
Sr3LaZr3VO12,OQMD,1,0.6179999999999994,0.6179999999999994,0.6179999999999994,,0.0
Sr3LaZrV3O12,OQMD,1,0.6080000000000005,0.6080000000000005,0.6080000000000005,,0.0
Sr3Li4Nb6O20,MP,2,1.37065,1.2892000000000001,1.4521,0.11518769465528839,0.16289999999999982
Sr3MgAl2V2O12,OQMD,2,1.533,1.5309999999999997,1.5350000000000001,0.0028284271247465066,0.004000000000000448
Sr3MgCr(MoO4)3,OQMD,1,0.33599999999999985,0.33599999999999985,0.33599999999999985,,0.0
Sr3MgCr3MoO12,OQMD,1,0.9949999999999997,0.9949999999999997,0.9949999999999997,,0.0
Sr3MgCr3WO12,OQMD,1,1.056,1.056,1.056,,0.0
Sr3MgFe(MoO4)3,OQMD,1,0.33599999999999985,0.33599999999999985,0.33599999999999985,,0.0
Sr3MgMn(FeO4)3,OQMD,1,0.9319999999999999,0.9319999999999999,0.9319999999999999,,0.0
Sr3MgMn3MoO12,OQMD,1,0.5,0.5,0.5,,0.0
Sr3MgMn4O12,MP,1,0.643799999999999,0.643799999999999,0.643799999999999,,0.0
Sr3MgMnV3O12,OQMD,1,0.30400000000000005,0.30400000000000005,0.30400000000000005,,0.0
Sr3MgNb2O9,OQMD,1,2.894,2.894,2.894,,0.0
Sr3MgSb2O9,OQMD,1,1.5140000000000002,1.5140000000000002,1.5140000000000002,,0.0
Sr3MgTa2O9,MP,1,3.2619,3.2619,3.2619,,0.0
Sr3MgTa2O9,OQMD,2,3.3935000000000004,3.3920000000000003,3.395,0.002121320343559566,0.0029999999999996696
Sr3MgTi2Mn2O12,OQMD,2,1.2949999999999997,1.2169999999999996,1.3729999999999998,0.11030865786510151,0.15600000000000014
Sr3MgTi3MoO12,OQMD,1,0.4740000000000002,0.4740000000000002,0.4740000000000002,,0.0
Sr3MgTi3WO12,OQMD,1,0.34399999999999986,0.34399999999999986,0.34399999999999986,,0.0
Sr3MgTi4O12,OQMD,1,1.9650000000000003,1.9650000000000003,1.9650000000000003,,0.0
Sr3MgV(MoO4)3,OQMD,1,0.33599999999999985,0.33599999999999985,0.33599999999999985,,0.0
Sr3MgV2(FeO6)2,OQMD,2,0.913,0.9120000000000004,0.9139999999999997,0.0014142135623726253,0.0019999999999993356
Sr3MgV2Cr2O12,OQMD,2,1.0675,1.0670000000000002,1.0679999999999996,0.0007071067811861557,0.0009999999999994458
Sr3MgV2O9,OQMD,1,1.5129999999999995,1.5129999999999995,1.5129999999999995,,0.0
Sr3MgV3MoO12,OQMD,1,0.3169999999999997,0.3169999999999997,0.3169999999999997,,0.0
Sr3MgV3WO12,OQMD,1,0.508,0.508,0.508,,0.0
Sr3MgZr2Mn2O12,OQMD,2,1.8440000000000003,1.8430000000000004,1.8450000000000002,0.0014142135623729393,0.0019999999999997797
Sr3MgZr2Ti2O12,OQMD,2,2.636,2.636,2.636,0.0,0.0
Sr3MgZr3CoO12,OQMD,1,1.254,1.254,1.254,,0.0
Sr3MgZr3CrO12,OQMD,1,2.094,2.094,2.094,,0.0
Sr3MgZr3MnO12,OQMD,1,0.415,0.415,0.415,,0.0
Sr3MgZr3MoO12,OQMD,1,0.6150000000000002,0.6150000000000002,0.6150000000000002,,0.0
Sr3MgZr3TiO12,OQMD,1,1.6129999999999998,1.6129999999999998,1.6129999999999998,,0.0
Sr3MgZr3VO12,OQMD,1,1.8650000000000002,1.8650000000000002,1.8650000000000002,,0.0
Sr3MgZr3WO12,OQMD,1,1.0340000000000003,1.0340000000000003,1.0340000000000003,,0.0
Sr3MgZr4O12,OQMD,1,2.8390000000000004,2.8390000000000004,2.8390000000000004,,0.0
Sr3Mn2O8,OQMD,1,1.6759999999999997,1.6759999999999997,1.6759999999999997,,0.0
Sr3MnNb2O9,OQMD,1,1.222,1.222,1.222,,0.0
Sr3MoO6,OQMD,11,2.301,1.919,2.5749999999999997,0.21176698171682615,0.6559999999999997
Sr3Nb2CdO9,OQMD,1,2.896,2.896,2.896,,0.0
Sr3Nb2CoO9,MP,2,0.30444999999999955,0.198499999999999,0.41040000000000004,0.14983592693343017,0.21190000000000103
Sr3Nb2CuO9,MP,1,0.22840000000000002,0.22840000000000002,0.22840000000000002,,0.0
Sr3Nb2HgO9,OQMD,1,2.4379999999999997,2.4379999999999997,2.4379999999999997,,0.0
Sr3Nb2O8,OQMD,1,4.426,4.426,4.426,,0.0
Sr3Nb2PdO9,OQMD,1,0.6100000000000003,0.6100000000000003,0.6100000000000003,,0.0
Sr3Nb2ZnO9,JARVIS,1,2.688,2.688,2.688,,0.0
Sr3Nb2ZnO9,MP,1,2.6769,2.6769,2.6769,,0.0
Sr3Nb2ZnO9,OQMD,1,2.8830000000000005,2.8830000000000005,2.8830000000000005,,0.0
Sr3NbCoO7,MP,3,0.20249999999999901,0.05449999999999901,0.5832,0.27275146806815476,0.5287000000000011
Sr3NiSb2O9,OQMD,1,1.3719999999999999,1.3719999999999999,1.3719999999999999,,0.0
Sr3Sc2(GeO4)3,MP,1,3.7912,3.7912,3.7912,,0.0
Sr3SmAl3WO12,OQMD,1,1.061,1.061,1.061,,0.0
Sr3SmCo(MoO4)3,OQMD,1,0.3580000000000001,0.3580000000000001,0.3580000000000001,,0.0
Sr3SmCr(WO4)3,OQMD,1,0.35900000000000043,0.35900000000000043,0.35900000000000043,,0.0
Sr3SmFe(MoO4)3,OQMD,1,0.5370000000000004,0.5370000000000004,0.5370000000000004,,0.0
Sr3SmMn3MoO12,OQMD,1,0.34199999999999964,0.34199999999999964,0.34199999999999964,,0.0
Sr3SmTi3MoO12,OQMD,1,0.33999999999999986,0.33999999999999986,0.33999999999999986,,0.0
Sr3SmTi3VO12,OQMD,1,0.3460000000000001,0.3460000000000001,0.3460000000000001,,0.0
Sr3SmV3CoO12,OQMD,1,0.6840000000000002,0.6840000000000002,0.6840000000000002,,0.0
Sr3SmV3CrO12,OQMD,1,0.69,0.69,0.69,,0.0
Sr3SmZr3FeO12,OQMD,1,1.4740000000000002,1.4740000000000002,1.4740000000000002,,0.0
Sr3SmZrCr3O12,OQMD,1,0.6169999999999998,0.6169999999999998,0.6169999999999998,,0.0
Sr3SmZrMn3O12,OQMD,1,0.4219999999999997,0.4219999999999997,0.4219999999999997,,0.0
Sr3SmZrV3O12,OQMD,1,0.42100000000000026,0.42100000000000026,0.42100000000000026,,0.0
Sr3Sn2O7,OQMD,1,2.442,2.442,2.442,,0.0
Sr3Ta2CdO9,OQMD,2,3.521,3.52,3.522,0.0014142135623729393,0.0019999999999997797
Sr3Ta2HgO9,OQMD,1,3.049,3.049,3.049,,0.0
Sr3Ta2NiO9,OQMD,1,3.59,3.59,3.59,,0.0
Sr3Ta2O8,OQMD,1,4.397,4.397,4.397,,0.0
Sr3Ta2PdO9,OQMD,1,0.9250000000000007,0.9250000000000007,0.9250000000000007,,0.0
Sr3Ta2ZnO9,JARVIS,1,3.396,3.396,3.396,,0.0
Sr3Ta2ZnO9,MP,1,3.4116,3.4116,3.4116,,0.0
Sr3Ta2ZnO9,OQMD,2,3.4050000000000002,3.403,3.4070000000000005,0.0028284271247465066,0.004000000000000448
Sr3TaCoO7,MP,4,0.9059499999999995,0.544899999999999,1.0652,0.23460538499076888,0.5203000000000009
Sr3TeO6,OQMD,8,3.4274999999999998,3.3640000000000003,3.598,0.06801247259563081,0.23399999999999954
Sr3Ti(GaO2)10,MP,1,2.6054,2.6054,2.6054,,0.0
Sr3Ti2O7,OQMD,2,1.8895,1.841,1.9379999999999997,0.06858935777509485,0.09699999999999975
Sr3Tm2(GeO4)3,MP,1,3.1627,3.1627,3.1627,,0.0
Sr3UFe2O9,MP,1,0.8969,0.8969,0.8969,,0.0
Sr3UIn2O9,MP,1,1.6343,1.6343,1.6343,,0.0
Sr3V2CdO9,OQMD,1,1.6479999999999997,1.6479999999999997,1.6479999999999997,,0.0
Sr3V2HgO9,OQMD,1,1.6479999999999997,1.6479999999999997,1.6479999999999997,,0.0
Sr3V2NiO9,OQMD,1,1.529,1.529,1.529,,0.0
Sr3V2O7,OQMD,2,0.6060000000000005,0.467000000000001,0.7450000000000001,0.19657568516985957,0.2779999999999991
Sr3V2O8,OQMD,3,3.818,3.801,3.877,0.03988734135035812,0.07599999999999962
Sr3V2ZnO9,OQMD,1,1.6620000000000004,1.6620000000000004,1.6620000000000004,,0.0
Sr3WO6,OQMD,9,3.109,2.8850000000000002,3.274,0.12685534193630868,0.3889999999999998
Sr3Y2(GeO4)3,AFLOW,1,3.1104,3.1104,3.1104,,0.0
Sr3Y2(GeO4)3,MP,1,3.2862,3.2862,3.2862,,0.0
Sr3ZnSb2O9,OQMD,1,0.9030000000000005,0.9030000000000005,0.9030000000000005,,0.0
Sr3Zr2O7,OQMD,1,3.453,3.453,3.453,,0.0
Sr3ZrTi2O9,JARVIS,1,2.028,2.028,2.028,,0.0
Sr3ZrTi2O9,MP,1,1.9425999999999992,1.9425999999999992,1.9425999999999992,,0.0
Sr4Al6CrO16,JARVIS,1,2.255,2.255,2.255,,0.0
Sr4Al6CrO16,MP,2,2.4437499999999996,2.254099999999999,2.6334,0.2682056021040584,0.3793000000000011
Sr4Al6MoO16,JARVIS,1,3.378,3.378,3.378,,0.0
Sr4Al6MoO16,MP,2,3.5740499999999997,3.5484,3.5997,0.03627457787486966,0.0512999999999999
Sr4Al6SO16,AFLOW,1,4.385,4.385,4.385,,0.0
Sr4Al6SO16,JARVIS,1,4.579,4.579,4.579,,0.0
Sr4Al6SO16,MP,1,4.397,4.397,4.397,,0.0
Sr4Al6WO16,AFLOW,1,3.6101,3.6101,3.6101,,0.0
Sr4Al6WO16,JARVIS,1,0.823,0.823,0.823,,0.0
Sr4Al6WO16,MP,2,3.4630499999999995,3.238399999999999,3.6877,0.31770307678711646,0.4493000000000009
Sr4Co3ReO12,MP,1,0.24180000000000001,0.24180000000000001,0.24180000000000001,,0.0
Sr4Ge3O10,OQMD,1,1.2340000000000004,1.2340000000000004,1.2340000000000004,,0.0
Sr4Hf3TiO12,MP,1,2.5782,2.5782,2.5782,,0.0
Sr4HfTi3O12,JARVIS,1,1.86,1.86,1.86,,0.0
Sr4LaMn5O15,MP,2,0.32119999999999954,0.29349999999999904,0.34890000000000004,0.03917371567773544,0.055400000000001004
Sr4Li(SbO4)3,OQMD,1,2.2220000000000004,2.2220000000000004,2.2220000000000004,,0.0
Sr4Re2PdO11,OQMD,1,0.3050000000000006,0.3050000000000006,0.3050000000000006,,0.0
Sr4Sb2O9,OQMD,1,1.67,1.67,1.67,,0.0
Sr4Sn3O10,OQMD,1,2.1350000000000002,2.1350000000000002,2.1350000000000002,,0.0
Sr4Ti3O10,OQMD,1,1.999,1.999,1.999,,0.0
Sr4V3CoO12,OQMD,1,0.45100000000000007,0.45100000000000007,0.45100000000000007,,0.0
Sr4Zr3O10,OQMD,1,3.48,3.48,3.48,,0.0
Sr4Zr3TiO12,JARVIS,1,2.656,2.656,2.656,,0.0
Sr4Zr3TiO12,MP,1,2.604,2.604,2.604,,0.0
Sr4ZrTi3O12,JARVIS,1,2.031,2.031,2.031,,0.0
Sr4ZrTi3O12,MP,2,1.8673999999999995,1.7538,1.980999999999999,0.16065466068558287,0.22719999999999896
Sr5La6Nb4O24,MP,1,2.9525,2.9525,2.9525,,0.0
Sr5V3HO13,MP,1,3.9935,3.9935,3.9935,,0.0
Sr5ZrTi4O15,JARVIS,3,1.973,1.796,1.975,0.10277321311184803,0.17900000000000005
Sr5ZrTi4O15,MP,3,1.903299999999999,1.7596999999999992,1.946699999999999,0.09787195716853724,0.18699999999999983
Sr6Mg(Te4O11)2,MP,10,1.5860500000000002,0.2192,2.3164,0.5606453519531457,2.0972
Sr6MgMo3O14,MP,1,0.3548,0.3548,0.3548,,0.0
Sr7CaTi8O24,MP,1,1.771399999999999,1.771399999999999,1.771399999999999,,0.0
Sr7Zr(Si2O7)3,MP,1,4.4323999999999995,4.4323999999999995,4.4323999999999995,,0.0
SrAc2ReO6,OQMD,1,0.75,0.75,0.75,,0.0
SrAg3(SnO3)4,OQMD,1,1.2239999999999993,1.2239999999999993,1.2239999999999993,,0.0
SrAl2(SiO4)2,AFLOW,1,2.7074,2.7074,2.7074,,0.0
SrAl2(SiO4)2,MP,5,0.8073,0.2571,4.7024,2.295194087653591,4.4453
SrAl2As2O7,OQMD,1,4.401,4.401,4.401,,0.0
SrAl2B2O7,AFLOW,2,4.668749999999999,4.6396,4.6979,0.04122432534317542,0.05830000000000002
SrAl2B2O7,JARVIS,3,4.727,4.726,4.755,0.016462077633154125,0.028999999999999915
SrAl2B2O7,MP,2,4.6699,4.6521,4.6876999999999995,0.02517300141024052,0.03559999999999963
SrAl2B2O7,OQMD,1,4.815,4.815,4.815,,0.0
SrAl2Bi2O7,OQMD,1,3.493,3.493,3.493,,0.0
SrAl2CoO6,OQMD,1,1.455,1.455,1.455,,0.0
SrAl2CrO6,OQMD,1,1.117,1.117,1.117,,0.0
SrAl2GeO6,OQMD,1,4.828,4.828,4.828,,0.0
SrAl2NiO6,OQMD,1,2.255,2.255,2.255,,0.0
SrAl2PbO6,OQMD,1,2.914,2.914,2.914,,0.0
SrAl2PdO6,OQMD,1,2.1649999999999996,2.1649999999999996,2.1649999999999996,,0.0
SrAl2PtO6,OQMD,1,2.8750000000000004,2.8750000000000004,2.8750000000000004,,0.0
SrAl2ReO6,OQMD,1,1.0860000000000003,1.0860000000000003,1.0860000000000003,,0.0
SrAl2Sb2O7,OQMD,1,3.465,3.465,3.465,,0.0
SrAl2SiO6,OQMD,1,5.172,5.172,5.172,,0.0
SrAl2SnO6,OQMD,1,4.042,4.042,4.042,,0.0
SrAl2TeO6,OQMD,1,2.551,2.551,2.551,,0.0
SrAs2Ir2O7,OQMD,1,0.30699999999999994,0.30699999999999994,0.30699999999999994,,0.0
SrB2TeO6,OQMD,2,3.2305,3.226,3.235,0.006363961030678698,0.008999999999999897
SrBe3(SnO3)4,OQMD,1,2.146,2.146,2.146,,0.0
SrBi2(B2O5)2,AFLOW,1,3.744,3.744,3.744,,0.0
SrBi2(B2O5)2,JARVIS,1,3.632,3.632,3.632,,0.0
SrBi2(B2O5)2,MP,1,3.6402,3.6402,3.6402,,0.0
SrBi2B2O7,MP,1,2.8040000000000003,2.8040000000000003,2.8040000000000003,,0.0
SrCa(SnO3)2,OQMD,2,2.3724999999999996,2.3709999999999996,2.3739999999999997,0.002121320343559723,0.0030000000000001137
SrCa2MoO6,OQMD,1,2.277,2.277,2.277,,0.0
SrCa2TeO6,OQMD,2,3.334,3.229,3.439,0.14849242404917495,0.20999999999999996
SrCa2V2O8,OQMD,2,3.7720000000000002,3.7720000000000002,3.7720000000000002,0.0,0.0
SrCa2WO6,OQMD,4,2.865,2.821,3.2649999999999997,0.20921281031523847,0.4439999999999995
SrCa3(SnO3)4,MP,1,2.1647,2.1647,2.1647,,0.0
SrCa3Al2V2O12,OQMD,2,1.6024999999999996,1.6019999999999994,1.6029999999999998,0.0007071067811867837,0.001000000000000334
SrCa3Hf4O12,JARVIS,1,4.476,4.476,4.476,,0.0
SrCa3Hf4O12,MP,1,4.44,4.44,4.44,,0.0
SrCa3Mn3CoO12,OQMD,1,0.7610000000000001,0.7610000000000001,0.7610000000000001,,0.0
SrCa3Mn3WO12,OQMD,1,0.5189999999999997,0.5189999999999997,0.5189999999999997,,0.0
SrCa3Mn4O12,MP,1,0.284699999999999,0.284699999999999,0.284699999999999,,0.0
SrCa3MnCr3O12,OQMD,1,0.43100000000000005,0.43100000000000005,0.43100000000000005,,0.0
SrCa3Sb2O9,OQMD,1,1.7990000000000004,1.7990000000000004,1.7990000000000004,,0.0
SrCa3Ti2Mn2O12,OQMD,2,1.3085,1.3079999999999998,1.3090000000000002,0.0007071067811867837,0.001000000000000334
SrCa3Ti3WO12,OQMD,1,0.492,0.492,0.492,,0.0
SrCa3Ti4O12,JARVIS,1,2.305,2.305,2.305,,0.0
SrCa3Ti4O12,MP,1,2.17,2.17,2.17,,0.0
SrCa3Ti4O12,OQMD,1,1.9089999999999998,1.9089999999999998,1.9089999999999998,,0.0
SrCa3V2(FeO6)2,OQMD,2,0.8815000000000004,0.8810000000000002,0.8820000000000006,0.0007071067811867837,0.001000000000000334
SrCa3V2Cr2O12,OQMD,2,1.0930000000000004,1.0220000000000002,1.1640000000000006,0.10040916292848999,0.14200000000000035
SrCa3V2O9,OQMD,1,1.8419999999999996,1.8419999999999996,1.8419999999999996,,0.0
SrCa3V3CoO12,OQMD,1,1.4479999999999995,1.4479999999999995,1.4479999999999995,,0.0
SrCa3V3MoO12,OQMD,1,0.8009999999999997,0.8009999999999997,0.8009999999999997,,0.0
SrCa3V4O12,MP,1,0.8810000000000001,0.8810000000000001,0.8810000000000001,,0.0
SrCa3Zr(CoO4)3,OQMD,1,0.8500000000000001,0.8500000000000001,0.8500000000000001,,0.0
SrCa3Zr(WO4)3,OQMD,1,0.8250000000000002,0.8250000000000002,0.8250000000000002,,0.0
SrCa3Zr2Mn2O12,OQMD,2,1.9870000000000003,1.9860000000000007,1.988,0.0014142135623726253,0.0019999999999993356
SrCa3Zr2Ti2O12,OQMD,2,2.5615000000000006,2.5610000000000004,2.5620000000000003,0.0007071067811863127,0.0009999999999998899
SrCa3Zr3CoO12,OQMD,1,0.40800000000000014,0.40800000000000014,0.40800000000000014,,0.0
SrCa3Zr3CrO12,OQMD,1,1.0380000000000003,1.0380000000000003,1.0380000000000003,,0.0
SrCa3Zr3MnO12,OQMD,1,0.8200000000000003,0.8200000000000003,0.8200000000000003,,0.0
SrCa3Zr3TiO12,OQMD,1,2.854,2.854,2.854,,0.0
SrCa3Zr3WO12,OQMD,1,0.4059999999999997,0.4059999999999997,0.4059999999999997,,0.0
SrCa3Zr4O12,OQMD,1,3.579,3.579,3.579,,0.0
SrCa3ZrCr3O12,OQMD,1,0.6200000000000001,0.6200000000000001,0.6200000000000001,,0.0
SrCa3ZrTi3O12,OQMD,1,0.587,0.587,0.587,,0.0
SrCa3ZrV3O12,OQMD,1,0.835,0.835,0.835,,0.0
SrCa7Mn8O24,MP,1,0.303799999999999,0.303799999999999,0.303799999999999,,0.0
SrCaHf2O6,MP,1,4.367,4.367,4.367,,0.0
SrCaMn2O6,JARVIS,2,0.2165,0.065,0.368,0.2142533546995239,0.303
SrCaMn2O6,MP,2,0.3850499999999995,0.2086,0.561499999999999,0.2495379830807319,0.352899999999999
SrCaTi2O6,JARVIS,2,2.1705,2.048,2.293,0.17324116139070422,0.2450000000000001
SrCaTi2O6,MP,2,2.0421,1.9843000000000002,2.0999,0.08174154390516468,0.1155999999999997
SrCaV2O6,MP,1,0.7961,0.7961,0.7961,,0.0
SrCaZr2O6,MP,1,3.1592000000000002,3.1592000000000002,3.1592000000000002,,0.0
SrCd3(SnO3)4,OQMD,1,1.3949999999999996,1.3949999999999996,1.3949999999999996,,0.0
SrCe4(CuO4)3,OQMD,1,0.9709999999999999,0.9709999999999999,0.9709999999999999,,0.0
SrCeHfCoO6,OQMD,1,1.0789999999999997,1.0789999999999997,1.0789999999999997,,0.0
SrCeHfFeO6,OQMD,1,2.1599999999999997,2.1599999999999997,2.1599999999999997,,0.0
SrCeHfIrO6,OQMD,1,2.0039999999999996,2.0039999999999996,2.0039999999999996,,0.0
SrCeHfMnO6,OQMD,1,1.0729999999999995,1.0729999999999995,1.0729999999999995,,0.0
SrCeHfRhO6,OQMD,1,1.5489999999999995,1.5489999999999995,1.5489999999999995,,0.0
SrCeHfSbO6,OQMD,1,2.851,2.851,2.851,,0.0
SrCeHfTlO6,OQMD,1,2.8639999999999994,2.8639999999999994,2.8639999999999994,,0.0
SrCeMgVO6,OQMD,1,2.0980000000000003,2.0980000000000003,2.0980000000000003,,0.0
SrCeMnVO6,OQMD,1,0.758,0.758,0.758,,0.0
SrCeNbCdO6,OQMD,1,3.625,3.625,3.625,,0.0
SrCeNbCuO6,OQMD,1,1.057,1.057,1.057,,0.0
SrCeNbPtO6,OQMD,1,1.2199999999999998,1.2199999999999998,1.2199999999999998,,0.0
SrCeTaCdO6,OQMD,1,4.226999999999999,4.226999999999999,4.226999999999999,,0.0
SrCeTaCuO6,OQMD,1,1.2550000000000003,1.2550000000000003,1.2550000000000003,,0.0
SrCeTiBiO6,OQMD,1,2.226,2.226,2.226,,0.0
SrCeTiCoO6,OQMD,1,1.9399999999999995,1.9399999999999995,1.9399999999999995,,0.0
SrCeTiFeO6,OQMD,1,1.8230000000000004,1.8230000000000004,1.8230000000000004,,0.0
SrCeTiInO6,OQMD,1,3.27,3.27,3.27,,0.0
SrCeTiIrO6,OQMD,1,1.2190000000000003,1.2190000000000003,1.2190000000000003,,0.0
SrCeTiMnO6,OQMD,1,0.7459999999999996,0.7459999999999996,0.7459999999999996,,0.0
SrCeTiRhO6,OQMD,1,1.2220000000000004,1.2220000000000004,1.2220000000000004,,0.0
SrCeTiSbO6,OQMD,1,2.08,2.08,2.08,,0.0
SrCeTiTlO6,OQMD,1,2.362,2.362,2.362,,0.0
SrCeVCdO6,OQMD,1,2.236,2.236,2.236,,0.0
SrCeVCoO6,OQMD,1,1.374,1.374,1.374,,0.0
SrCeVCuO6,OQMD,1,0.45599999999999996,0.45599999999999996,0.45599999999999996,,0.0
SrCeVFeO6,OQMD,1,1.069,1.069,1.069,,0.0
SrCeVNiO6,OQMD,1,1.854,1.854,1.854,,0.0
SrCeVPtO6,OQMD,1,1.3820000000000006,1.3820000000000006,1.3820000000000006,,0.0
SrCeVZnO6,OQMD,1,2.1109999999999998,2.1109999999999998,2.1109999999999998,,0.0
SrCeZrAuO6,OQMD,1,0.41000000000000014,0.41000000000000014,0.41000000000000014,,0.0
SrCeZrBiO6,OQMD,1,3.0520000000000005,3.0520000000000005,3.0520000000000005,,0.0
SrCeZrCoO6,OQMD,1,1.0359999999999996,1.0359999999999996,1.0359999999999996,,0.0
SrCeZrFeO6,OQMD,1,2.28,2.28,2.28,,0.0
SrCeZrIrO6,OQMD,1,1.8650000000000002,1.8650000000000002,1.8650000000000002,,0.0
SrCeZrMnO6,OQMD,1,0.8259999999999996,0.8259999999999996,0.8259999999999996,,0.0
SrCeZrRhO6,OQMD,1,1.6609999999999996,1.6609999999999996,1.6609999999999996,,0.0
SrCeZrSbO6,OQMD,1,2.8289999999999997,2.8289999999999997,2.8289999999999997,,0.0
SrCeZrTlO6,OQMD,1,3.067,3.067,3.067,,0.0
SrCo(CO3)2,OQMD,1,2.6510000000000002,2.6510000000000002,2.6510000000000002,,0.0
SrCo(GeO3)2,MP,2,2.2536,2.2382,2.269,0.021778888860545777,0.03080000000000016
SrCo2(AsO4)2,AFLOW,1,2.6379,2.6379,2.6379,,0.0
SrCo2(AsO4)2,MP,4,2.3184500000000003,0.4086,2.5046,0.9898827451605906,2.096
SrCo2(AsO4)2,OQMD,1,2.297,2.297,2.297,,0.0
SrCo2(PO4)2,AFLOW,1,3.8135,3.8135,3.8135,,0.0
SrCo2(PO4)2,MP,1,3.0601,3.0601,3.0601,,0.0
SrCo2As2O7,OQMD,1,2.1930000000000005,2.1930000000000005,2.1930000000000005,,0.0
SrCo3(PtO3)4,OQMD,1,0.34699999999999953,0.34699999999999953,0.34699999999999953,,0.0
SrCo3(SnO3)4,OQMD,1,1.4480000000000004,1.4480000000000004,1.4480000000000004,,0.0
SrCoO3,OQMD,4,0.7665,0.437,0.9740000000000002,0.2222056104902245,0.5370000000000001
SrCr(BO3)2,OQMD,1,0.4720000000000002,0.4720000000000002,0.4720000000000002,,0.0
SrCr2BiO6,MP,1,0.07339999999999901,0.07339999999999901,0.07339999999999901,,0.0
SrCr3(SnO3)4,OQMD,1,0.944,0.944,0.944,,0.0
SrCr9Ga3O19,MP,1,1.967299999999999,1.967299999999999,1.967299999999999,,0.0
SrCrO3,OQMD,8,0.7715000000000001,0.4650000000000003,1.367,0.2939798037280792,0.9019999999999997
SrCu(CO3)2,OQMD,1,4.215000000000001,4.215000000000001,4.215000000000001,,0.0
SrCu(SeO3)2,AFLOW,1,1.5989,1.5989,1.5989,,0.0
SrCu(SeO3)2,MP,1,0.7134,0.7134,0.7134,,0.0
SrCu3(GeO3)4,OQMD,1,1.3860000000000006,1.3860000000000006,1.3860000000000006,,0.0
SrCu3(PtO3)4,OQMD,1,0.6550000000000002,0.6550000000000002,0.6550000000000002,,0.0
SrCu3(SnO3)4,AFLOW,1,0.6554,0.6554,0.6554,,0.0
SrCu3(SnO3)4,JARVIS,1,0.72,0.72,0.72,,0.0
SrCu3(SnO3)4,MP,1,0.45310000000000006,0.45310000000000006,0.45310000000000006,,0.0
SrDy2Al2O7,OQMD,1,4.129,4.129,4.129,,0.0
SrDyHfCoO6,OQMD,1,1.0910000000000002,1.0910000000000002,1.0910000000000002,,0.0
SrDyHfFeO6,OQMD,1,2.4690000000000003,2.4690000000000003,2.4690000000000003,,0.0
SrDyHfIrO6,OQMD,1,2.029,2.029,2.029,,0.0
SrDyHfMnO6,OQMD,1,1.0830000000000002,1.0830000000000002,1.0830000000000002,,0.0
SrDyHfRhO6,OQMD,1,1.7149999999999999,1.7149999999999999,1.7149999999999999,,0.0
SrDyHfSbO6,OQMD,1,3.2030000000000003,3.2030000000000003,3.2030000000000003,,0.0
SrDyHfTlO6,OQMD,1,2.754,2.754,2.754,,0.0
SrDyMgVO6,OQMD,1,2.281,2.281,2.281,,0.0
SrDyMnVO6,OQMD,1,0.9180000000000001,0.9180000000000001,0.9180000000000001,,0.0
SrDyNbCdO6,OQMD,1,3.508,3.508,3.508,,0.0
SrDyNbCuO6,OQMD,1,1.2180000000000004,1.2180000000000004,1.2180000000000004,,0.0
SrDyNbPtO6,OQMD,1,0.6180000000000003,0.6180000000000003,0.6180000000000003,,0.0
SrDyTaCdO6,OQMD,1,4.13,4.13,4.13,,0.0
SrDyTaCuO6,OQMD,1,1.271,1.271,1.271,,0.0
SrDyTaPdO6,OQMD,1,0.31700000000000017,0.31700000000000017,0.31700000000000017,,0.0
SrDyTiAuO6,OQMD,1,0.7469999999999999,0.7469999999999999,0.7469999999999999,,0.0
SrDyTiBiO6,OQMD,1,2.5489999999999995,2.5489999999999995,2.5489999999999995,,0.0
SrDyTiCoO6,OQMD,1,1.0740000000000003,1.0740000000000003,1.0740000000000003,,0.0
SrDyTiFeO6,OQMD,1,1.9880000000000004,1.9880000000000004,1.9880000000000004,,0.0
SrDyTiIrO6,OQMD,1,1.0679999999999996,1.0679999999999996,1.0679999999999996,,0.0
SrDyTiMnO6,OQMD,1,0.6070000000000002,0.6070000000000002,0.6070000000000002,,0.0
SrDyTiRhO6,OQMD,1,1.0699999999999994,1.0699999999999994,1.0699999999999994,,0.0
SrDyTiSbO6,OQMD,1,2.0949999999999998,2.0949999999999998,2.0949999999999998,,0.0
SrDyTiTlO6,OQMD,1,2.398,2.398,2.398,,0.0
SrDyVCdO6,OQMD,1,2.263,2.263,2.263,,0.0
SrDyVCoO6,OQMD,1,1.3809999999999998,1.3809999999999998,1.3809999999999998,,0.0
SrDyVCuO6,OQMD,1,0.6109999999999998,0.6109999999999998,0.6109999999999998,,0.0
SrDyVFeO6,OQMD,1,1.3719999999999999,1.3719999999999999,1.3719999999999999,,0.0
SrDyVNiO6,OQMD,1,2.0149999999999997,2.0149999999999997,2.0149999999999997,,0.0
SrDyVPtO6,OQMD,1,1.2279999999999998,1.2279999999999998,1.2279999999999998,,0.0
SrDyVZnO6,OQMD,1,2.128,2.128,2.128,,0.0
SrDyZrAuO6,OQMD,1,1.8689999999999998,1.8689999999999998,1.8689999999999998,,0.0
SrDyZrBiO6,OQMD,1,3.2929999999999997,3.2929999999999997,3.2929999999999997,,0.0
SrDyZrCoO6,OQMD,1,1.4619999999999997,1.4619999999999997,1.4619999999999997,,0.0
SrDyZrFeO6,OQMD,1,2.508,2.508,2.508,,0.0
SrDyZrIrO6,OQMD,1,1.6719999999999997,1.6719999999999997,1.6719999999999997,,0.0
SrDyZrMnO6,OQMD,1,0.8350000000000004,0.8350000000000004,0.8350000000000004,,0.0
SrDyZrNiO6,OQMD,1,1.048,1.048,1.048,,0.0
SrDyZrRhO6,OQMD,1,1.6719999999999997,1.6719999999999997,1.6719999999999997,,0.0
SrDyZrSbO6,OQMD,1,3.0620000000000003,3.0620000000000003,3.0620000000000003,,0.0
SrDyZrTlO6,OQMD,1,2.894,2.894,2.894,,0.0
SrErHfAuO6,OQMD,1,1.997,1.997,1.997,,0.0
SrErHfCoO6,OQMD,1,1.2560000000000002,1.2560000000000002,1.2560000000000002,,0.0
SrErHfFeO6,OQMD,1,2.478,2.478,2.478,,0.0
SrErHfIrO6,OQMD,1,2.04,2.04,2.04,,0.0
SrErHfMnO6,OQMD,1,0.774,0.774,0.774,,0.0
SrErHfRhO6,OQMD,1,1.7239999999999993,1.7239999999999993,1.7239999999999993,,0.0
SrErHfSbO6,OQMD,1,3.218,3.218,3.218,,0.0
SrErHfTlO6,OQMD,1,2.771,2.771,2.771,,0.0
SrErMgVO6,OQMD,1,2.2880000000000003,2.2880000000000003,2.2880000000000003,,0.0
SrErMnVO6,OQMD,1,0.9239999999999999,0.9239999999999999,0.9239999999999999,,0.0
SrErNbCdO6,OQMD,1,3.545,3.545,3.545,,0.0
SrErNbCuO6,OQMD,1,1.2239999999999998,1.2239999999999998,1.2239999999999998,,0.0
SrErNbPtO6,OQMD,1,0.7800000000000002,0.7800000000000002,0.7800000000000002,,0.0
SrErTaCdO6,OQMD,1,4.0009999999999994,4.0009999999999994,4.0009999999999994,,0.0
SrErTaCuO6,OQMD,1,1.2730000000000001,1.2730000000000001,1.2730000000000001,,0.0
SrErTaPdO6,OQMD,1,0.47799999999999976,0.47799999999999976,0.47799999999999976,,0.0
SrErTaPtO6,OQMD,1,0.3250000000000002,0.3250000000000002,0.3250000000000002,,0.0
SrErTiAuO6,OQMD,1,0.7520000000000002,0.7520000000000002,0.7520000000000002,,0.0
SrErTiBiO6,OQMD,1,2.4169999999999994,2.4169999999999994,2.4169999999999994,,0.0
SrErTiCoO6,OQMD,1,0.9220000000000002,0.9220000000000002,0.9220000000000002,,0.0
SrErTiFeO6,OQMD,1,2.0039999999999996,2.0039999999999996,2.0039999999999996,,0.0
SrErTiIrO6,OQMD,1,1.226,1.226,1.226,,0.0
SrErTiMnO6,OQMD,1,0.6080000000000001,0.6080000000000001,0.6080000000000001,,0.0
SrErTiRhO6,OQMD,1,1.0740000000000007,1.0740000000000007,1.0740000000000007,,0.0
SrErTiSbO6,OQMD,1,2.2540000000000004,2.2540000000000004,2.2540000000000004,,0.0
SrErTiTlO6,OQMD,1,2.408,2.408,2.408,,0.0
SrErVCdO6,OQMD,1,2.131,2.131,2.131,,0.0
SrErVCoO6,OQMD,1,1.3859999999999997,1.3859999999999997,1.3859999999999997,,0.0
SrErVCuO6,OQMD,1,0.6149999999999998,0.6149999999999998,0.6149999999999998,,0.0
SrErVFeO6,OQMD,1,1.3780000000000001,1.3780000000000001,1.3780000000000001,,0.0
SrErVNiO6,OQMD,1,2.027,2.027,2.027,,0.0
SrErVPtO6,OQMD,1,1.2349999999999994,1.2349999999999994,1.2349999999999994,,0.0
SrErVZnO6,OQMD,1,2.141,2.141,2.141,,0.0
SrErZrAuO6,OQMD,1,1.88,1.88,1.88,,0.0
SrErZrBiO6,OQMD,1,3.508,3.508,3.508,,0.0
SrErZrCoO6,OQMD,1,1.263,1.263,1.263,,0.0
SrErZrFeO6,OQMD,1,2.5180000000000002,2.5180000000000002,2.5180000000000002,,0.0
SrErZrIrO6,OQMD,1,1.6799999999999997,1.6799999999999997,1.6799999999999997,,0.0
SrErZrMnO6,OQMD,1,0.8380000000000005,0.8380000000000005,0.8380000000000005,,0.0
SrErZrRhO6,OQMD,1,1.6800000000000002,1.6800000000000002,1.6800000000000002,,0.0
SrErZrSbO6,OQMD,1,3.077,3.077,3.077,,0.0
SrErZrTlO6,OQMD,1,2.907,2.907,2.907,,0.0
SrEu2MoO6,OQMD,5,2.3500000000000005,2.184,2.4210000000000003,0.09945501495651171,0.2370000000000001
SrEu2TeO6,OQMD,4,3.5725,3.43,3.7439999999999998,0.14430147839390497,0.3139999999999996
SrEu2Ti2O7,OQMD,1,1.8939999999999997,1.8939999999999997,1.8939999999999997,,0.0
SrEu2V2O8,OQMD,2,3.893,3.893,3.893,0.0,0.0
SrEu2WO6,OQMD,5,3.0220000000000002,2.865,3.272,0.14598390322223875,0.4069999999999996
SrEu3Sb2O9,OQMD,1,1.9759999999999995,1.9759999999999995,1.9759999999999995,,0.0
SrEu3V2O9,OQMD,1,2.015,2.015,2.015,,0.0
SrEuCr2O6,OQMD,1,0.466,0.466,0.466,,0.0
SrEuHf2O6,OQMD,2,4.1805,3.922,4.439,0.36557420587344486,0.5169999999999999
SrEuTi2O6,OQMD,2,2.0415,1.897,2.186,0.2043538597629121,0.2889999999999999
SrEuZr2O6,MP,1,0.354299999999999,0.354299999999999,0.354299999999999,,0.0
SrEuZr2O6,OQMD,2,3.667,3.363,3.971,0.4299209229614211,0.6080000000000001
SrFe(CO3)2,OQMD,2,3.1630000000000003,3.1090000000000004,3.217,0.07636753236814689,0.10799999999999965
SrFe2(PO4)2,AFLOW,3,3.3768,3.374,3.4038,0.016456407060270822,0.029799999999999827
SrFe2(PO4)2,MP,1,3.8426,3.8426,3.8426,,0.0
SrFe3(SnO3)4,OQMD,1,0.7970000000000006,0.7970000000000006,0.7970000000000006,,0.0
SrGa2(GeO4)2,MP,1,3.0761,3.0761,3.0761,,0.0
SrGa2(SiO4)2,AFLOW,1,3.869,3.869,3.869,,0.0
SrGa2(SiO4)2,MP,2,3.9930000000000003,3.9438,4.0422,0.0695793072687563,0.09840000000000027
SrGa2As2O7,OQMD,1,4.123,4.123,4.123,,0.0
SrGa2B2O7,AFLOW,1,4.0216,4.0216,4.0216,,0.0
SrGa2B2O7,JARVIS,1,4.185,4.185,4.185,,0.0
SrGa2B2O7,MP,1,3.9722,3.9722,3.9722,,0.0
SrGa2B2O7,OQMD,1,4.222,4.222,4.222,,0.0
SrGa2Sb2O7,OQMD,1,3.1870000000000003,3.1870000000000003,3.1870000000000003,,0.0
SrGa2SnO6,OQMD,2,3.4555,3.405,3.5060000000000002,0.07141778489984175,0.10100000000000042
SrGd2Al2O7,AFLOW,1,3.5877,3.5877,3.5877,,0.0
SrGd2Al2O7,OQMD,1,4.027,4.027,4.027,,0.0
SrGd2Sc2O7,AFLOW,1,3.4424,3.4424,3.4424,,0.0
SrGd2Sc2O7,MP,1,2.6316,2.6316,2.6316,,0.0
SrGd2Sc2O7,OQMD,1,3.846,3.846,3.846,,0.0
SrGdHfCoO6,OQMD,1,1.2220000000000004,1.2220000000000004,1.2220000000000004,,0.0
SrGdHfFeO6,OQMD,1,2.43,2.43,2.43,,0.0
SrGdHfIrO6,OQMD,1,1.9779999999999998,1.9779999999999998,1.9779999999999998,,0.0
SrGdHfMnO6,OQMD,1,1.0599999999999996,1.0599999999999996,1.0599999999999996,,0.0
SrGdHfRhO6,OQMD,1,1.5269999999999992,1.5269999999999992,1.5269999999999992,,0.0
SrGdHfSbO6,OQMD,1,3.1470000000000002,3.1470000000000002,3.1470000000000002,,0.0
SrGdHfTlO6,OQMD,1,2.698,2.698,2.698,,0.0
SrGdMgVO6,OQMD,1,2.2270000000000003,2.2270000000000003,2.2270000000000003,,0.0
SrGdMnVO6,OQMD,1,0.8980000000000006,0.8980000000000006,0.8980000000000006,,0.0
SrGdNbCdO6,OQMD,1,3.4600000000000004,3.4600000000000004,3.4600000000000004,,0.0
SrGdNbCuO6,OQMD,1,0.8999999999999999,0.8999999999999999,0.8999999999999999,,0.0
SrGdNbPtO6,OQMD,1,0.45699999999999985,0.45699999999999985,0.45699999999999985,,0.0
SrGdTaCdO6,OQMD,1,4.211,4.211,4.211,,0.0
SrGdTaCuO6,OQMD,1,1.251,1.251,1.251,,0.0
SrGdTaPdO6,OQMD,1,0.3119999999999994,0.3119999999999994,0.3119999999999994,,0.0
SrGdTiAuO6,OQMD,1,0.879,0.879,0.879,,0.0
SrGdTiBiO6,OQMD,1,2.5150000000000006,2.5150000000000006,2.5150000000000006,,0.0
SrGdTiCoO6,OQMD,1,0.8940000000000001,0.8940000000000001,0.8940000000000001,,0.0
SrGdTiFeO6,OQMD,1,1.79,1.79,1.79,,0.0
SrGdTiIrO6,OQMD,1,1.189,1.189,1.189,,0.0
SrGdTiMnO6,OQMD,1,0.5940000000000003,0.5940000000000003,0.5940000000000003,,0.0
SrGdTiRhO6,OQMD,1,1.1899999999999995,1.1899999999999995,1.1899999999999995,,0.0
SrGdTiSbO6,OQMD,1,2.075,2.075,2.075,,0.0
SrGdTiTlO6,OQMD,1,2.498,2.498,2.498,,0.0
SrGdVCdO6,OQMD,1,2.0719999999999996,2.0719999999999996,2.0719999999999996,,0.0
SrGdVCoO6,OQMD,1,1.362,1.362,1.362,,0.0
SrGdVCuO6,OQMD,1,0.5999999999999996,0.5999999999999996,0.5999999999999996,,0.0
SrGdVFeO6,OQMD,1,1.1920000000000002,1.1920000000000002,1.1920000000000002,,0.0
SrGdVNiO6,OQMD,1,1.988,1.988,1.988,,0.0
SrGdVPtO6,OQMD,1,1.3580000000000005,1.3580000000000005,1.3580000000000005,,0.0
SrGdVZnO6,OQMD,1,2.0829999999999997,2.0829999999999997,2.0829999999999997,,0.0
SrGdZrBiO6,OQMD,1,3.248,3.248,3.248,,0.0
SrGdZrCoO6,OQMD,1,1.242,1.242,1.242,,0.0
SrGdZrFeO6,OQMD,1,2.4850000000000003,2.4850000000000003,2.4850000000000003,,0.0
SrGdZrIrO6,OQMD,1,1.8570000000000002,1.8570000000000002,1.8570000000000002,,0.0
SrGdZrMnO6,OQMD,1,0.8239999999999998,0.8239999999999998,0.8239999999999998,,0.0
SrGdZrNiO6,OQMD,1,0.8319999999999999,0.8319999999999999,0.8319999999999999,,0.0
SrGdZrRhO6,OQMD,1,1.657,1.657,1.657,,0.0
SrGdZrSbO6,OQMD,1,3.0300000000000002,3.0300000000000002,3.0300000000000002,,0.0
SrGdZrTlO6,OQMD,1,3.0639999999999996,3.0639999999999996,3.0639999999999996,,0.0
SrGe(BO3)2,OQMD,3,4.678000000000001,4.615,4.766,0.07584413842435889,0.1509999999999998
SrGe2(BO4)2,MP,1,3.813099999999999,3.813099999999999,3.813099999999999,,0.0
SrGe3As2O9,OQMD,1,0.8819999999999997,0.8819999999999997,0.8819999999999997,,0.0
SrGe3Sb2O9,OQMD,1,1.6219999999999999,1.6219999999999999,1.6219999999999999,,0.0
SrGeO3,OQMD,18,1.017,0.7719999999999998,3.673,1.2445206718308777,2.9010000000000002
SrHf(BO3)2,OQMD,1,5.458,5.458,5.458,,0.0
SrHf(CoO3)2,OQMD,1,0.6869999999999994,0.6869999999999994,0.6869999999999994,,0.0
SrHf4(CuO4)3,OQMD,1,1.4300000000000002,1.4300000000000002,1.4300000000000002,,0.0
SrHfAl2O6,OQMD,1,4.906,4.906,4.906,,0.0
SrHfO3,OQMD,19,4.284000000000001,2.285,4.877,0.774997132611183,2.5919999999999996
SrHfScAuO6,OQMD,1,2.0619999999999994,2.0619999999999994,2.0619999999999994,,0.0
SrHfScBiO6,OQMD,1,3.4929999999999994,3.4929999999999994,3.4929999999999994,,0.0
SrHfScCoO6,OQMD,1,1.271,1.271,1.271,,0.0
SrHfScFeO6,OQMD,1,2.345,2.345,2.345,,0.0
SrHfScIrO6,OQMD,1,2.1260000000000003,2.1260000000000003,2.1260000000000003,,0.0
SrHfScMnO6,OQMD,1,1.4739999999999998,1.4739999999999998,1.4739999999999998,,0.0
SrHfScNiO6,OQMD,1,1.0710000000000002,1.0710000000000002,1.0710000000000002,,0.0
SrHfScRhO6,OQMD,1,1.7039999999999997,1.7039999999999997,1.7039999999999997,,0.0
SrHfScSbO6,OQMD,1,3.2489999999999997,3.2489999999999997,3.2489999999999997,,0.0
SrHfScTlO6,OQMD,1,2.7019999999999995,2.7019999999999995,2.7019999999999995,,0.0
SrHo2Al2O7,JARVIS,1,4.143,4.143,4.143,,0.0
SrHo2Al2O7,MP,1,4.0235,4.0235,4.0235,,0.0
SrHo2Al2O7,OQMD,1,4.154,4.154,4.154,,0.0
SrHoHfCoO6,OQMD,1,1.2440000000000002,1.2440000000000002,1.2440000000000002,,0.0
SrHoHfFeO6,OQMD,1,2.3200000000000003,2.3200000000000003,2.3200000000000003,,0.0
SrHoHfIrO6,OQMD,1,2.0359999999999996,2.0359999999999996,2.0359999999999996,,0.0
SrHoHfMnO6,OQMD,1,0.9289999999999998,0.9289999999999998,0.9289999999999998,,0.0
SrHoHfRhO6,OQMD,1,1.7270000000000003,1.7270000000000003,1.7270000000000003,,0.0
SrHoHfSbO6,OQMD,1,3.3709999999999996,3.3709999999999996,3.3709999999999996,,0.0
SrHoHfTlO6,OQMD,1,2.762,2.762,2.762,,0.0
SrHoMgVO6,OQMD,1,2.2849999999999997,2.2849999999999997,2.2849999999999997,,0.0
SrHoMnVO6,OQMD,1,0.9199999999999999,0.9199999999999999,0.9199999999999999,,0.0
SrHoNbCdO6,OQMD,1,3.522,3.522,3.522,,0.0
SrHoNbPdO6,OQMD,1,0.30500000000000016,0.30500000000000016,0.30500000000000016,,0.0
SrHoTaCdO6,OQMD,1,3.9810000000000003,3.9810000000000003,3.9810000000000003,,0.0
SrHoTaCuO6,OQMD,1,1.2730000000000001,1.2730000000000001,1.2730000000000001,,0.0
SrHoTaPdO6,OQMD,1,0.3179999999999996,0.3179999999999996,0.3179999999999996,,0.0
SrHoTaPtO6,OQMD,1,0.3230000000000004,0.3230000000000004,0.3230000000000004,,0.0
SrHoTiAuO6,OQMD,1,0.899,0.899,0.899,,0.0
SrHoTiBiO6,OQMD,1,2.556,2.556,2.556,,0.0
SrHoTiCoO6,OQMD,1,0.923,0.923,0.923,,0.0
SrHoTiFeO6,OQMD,1,1.9959999999999996,1.9959999999999996,1.9959999999999996,,0.0
SrHoTiIrO6,OQMD,1,1.2229999999999999,1.2229999999999999,1.2229999999999999,,0.0
SrHoTiMnO6,OQMD,1,0.45599999999999996,0.45599999999999996,0.45599999999999996,,0.0
SrHoTiRhO6,OQMD,1,1.225,1.225,1.225,,0.0
SrHoTiSbO6,OQMD,1,2.258,2.258,2.258,,0.0
SrHoTiTlO6,OQMD,1,2.406,2.406,2.406,,0.0
SrHoVCdO6,OQMD,1,2.1260000000000003,2.1260000000000003,2.1260000000000003,,0.0
SrHoVCoO6,OQMD,1,1.5379999999999998,1.5379999999999998,1.5379999999999998,,0.0
SrHoVCuO6,OQMD,1,0.6150000000000002,0.6150000000000002,0.6150000000000002,,0.0
SrHoVFeO6,OQMD,1,1.2230000000000003,1.2230000000000003,1.2230000000000003,,0.0
SrHoVNiO6,OQMD,1,2.024,2.024,2.024,,0.0
SrHoVPtO6,OQMD,1,1.2309999999999999,1.2309999999999999,1.2309999999999999,,0.0
SrHoVZnO6,OQMD,1,2.1369999999999996,2.1369999999999996,2.1369999999999996,,0.0
SrHoZrAuO6,OQMD,1,1.8729999999999998,1.8729999999999998,1.8729999999999998,,0.0
SrHoZrBiO6,OQMD,1,3.2929999999999997,3.2929999999999997,3.2929999999999997,,0.0
SrHoZrCoO6,OQMD,1,1.2559999999999998,1.2559999999999998,1.2559999999999998,,0.0
SrHoZrFeO6,OQMD,1,2.517,2.517,2.517,,0.0
SrHoZrIrO6,OQMD,1,1.891,1.891,1.891,,0.0
SrHoZrMnO6,OQMD,1,0.8369999999999997,0.8369999999999997,0.8369999999999997,,0.0
SrHoZrRhO6,OQMD,1,1.468,1.468,1.468,,0.0
SrHoZrSbO6,OQMD,1,3.0669999999999993,3.0669999999999993,3.0669999999999993,,0.0
SrHoZrTlO6,OQMD,1,2.903,2.903,2.903,,0.0
SrIn2As2O7,OQMD,1,2.8689999999999998,2.8689999999999998,2.8689999999999998,,0.0
SrIn2SnO6,OQMD,1,2.667,2.667,2.667,,0.0
SrIrO3,OQMD,1,0.302,0.302,0.302,,0.0
SrLa2(CoO3)3,MP,1,0.06080000000000001,0.06080000000000001,0.06080000000000001,,0.0
SrLa2Al2O7,MP,1,2.9162,2.9162,2.9162,,0.0
SrLa2Mn2O7,MP,1,0.36969999999999903,0.36969999999999903,0.36969999999999903,,0.0
SrLa2Sc2O7,MP,1,3.4542,3.4542,3.4542,,0.0
SrLa2Sc2O7,OQMD,1,3.714,3.714,3.714,,0.0
SrLa2SnO6,OQMD,1,3.7109999999999994,3.7109999999999994,3.7109999999999994,,0.0
SrLa3Al3CoO12,OQMD,1,1.1069999999999993,1.1069999999999993,1.1069999999999993,,0.0
SrLa3Al3VO12,OQMD,1,0.2810000000000006,0.2810000000000006,0.2810000000000006,,0.0
SrLa3Cr4O12,MP,1,0.7477,0.7477,0.7477,,0.0
SrLa3Fe3WO12,OQMD,1,0.5019999999999998,0.5019999999999998,0.5019999999999998,,0.0
SrLa3MnV3O12,OQMD,1,0.43299999999999983,0.43299999999999983,0.43299999999999983,,0.0
SrLa3Ti(FeO4)3,OQMD,1,1.0970000000000004,1.0970000000000004,1.0970000000000004,,0.0
SrLa3TiCr3O12,OQMD,1,0.28300000000000036,0.28300000000000036,0.28300000000000036,,0.0
SrLa3TiV3O12,OQMD,1,0.28799999999999937,0.28799999999999937,0.28799999999999937,,0.0
SrLa3V(FeO4)3,OQMD,1,0.4209999999999998,0.4209999999999998,0.4209999999999998,,0.0
SrLa3Zr3AlO12,OQMD,1,1.1990000000000007,1.1990000000000007,1.1990000000000007,,0.0
SrLa3Zr3CoO12,OQMD,1,1.9749999999999996,1.9749999999999996,1.9749999999999996,,0.0
SrLa3Zr3MnO12,OQMD,1,0.5960000000000001,0.5960000000000001,0.5960000000000001,,0.0
SrLa3Zr3VO12,OQMD,1,0.5990000000000002,0.5990000000000002,0.5990000000000002,,0.0
SrLa3ZrCr3O12,OQMD,1,0.4009999999999998,0.4009999999999998,0.4009999999999998,,0.0
SrLa4Cr5O15,MP,1,0.49640000000000006,0.49640000000000006,0.49640000000000006,,0.0
SrLaAl3O7,JARVIS,1,4.482,4.482,4.482,,0.0
SrLaAl3O7,MP,1,4.415,4.415,4.415,,0.0
SrLaCuOsO6,OQMD,1,0.39999999999999947,0.39999999999999947,0.39999999999999947,,0.0
SrLaGa3O7,JARVIS,1,3.253,3.253,3.253,,0.0
SrLaHfCoO6,OQMD,1,1.1759999999999993,1.1759999999999993,1.1759999999999993,,0.0
SrLaHfFeO6,OQMD,1,2.207,2.207,2.207,,0.0
SrLaHfIrO6,OQMD,1,1.904,1.904,1.904,,0.0
SrLaHfMnO6,OQMD,1,1.0200000000000005,1.0200000000000005,1.0200000000000005,,0.0
SrLaHfNiO6,OQMD,1,1.0330000000000004,1.0330000000000004,1.0330000000000004,,0.0
SrLaHfRhO6,OQMD,1,1.6070000000000002,1.6070000000000002,1.6070000000000002,,0.0
SrLaHfSbO6,OQMD,1,2.873,2.873,2.873,,0.0
SrLaHfTlO6,OQMD,1,2.7420000000000004,2.7420000000000004,2.7420000000000004,,0.0
SrLaMgVO6,OQMD,1,2.0789999999999997,2.0789999999999997,2.0789999999999997,,0.0
SrLaMn2O6,MP,1,0.430299999999999,0.430299999999999,0.430299999999999,,0.0
SrLaMnVO6,OQMD,1,0.8719999999999999,0.8719999999999999,0.8719999999999999,,0.0
SrLaNbCdO6,OQMD,1,3.3339999999999996,3.3339999999999996,3.3339999999999996,,0.0
SrLaNbCuO6,OQMD,1,1.1580000000000004,1.1580000000000004,1.1580000000000004,,0.0
SrLaNbPtO6,OQMD,1,1.021,1.021,1.021,,0.0
SrLaTaCdO6,OQMD,1,4.04,4.04,4.04,,0.0
SrLaTaCuO6,OQMD,1,1.1989999999999998,1.1989999999999998,1.1989999999999998,,0.0
SrLaTiAuO6,OQMD,1,1.3850000000000002,1.3850000000000002,1.3850000000000002,,0.0
SrLaTiBiO6,OQMD,1,2.2669999999999995,2.2669999999999995,2.2669999999999995,,0.0
SrLaTiCoO6,OQMD,1,1.9460000000000006,1.9460000000000006,1.9460000000000006,,0.0
SrLaTiFeO6,OQMD,1,1.875,1.875,1.875,,0.0
SrLaTiIrO6,OQMD,1,1.3049999999999997,1.3049999999999997,1.3049999999999997,,0.0
SrLaTiMnO6,OQMD,1,0.7119999999999997,0.7119999999999997,0.7119999999999997,,0.0
SrLaTiRhO6,OQMD,1,1.1590000000000007,1.1590000000000007,1.1590000000000007,,0.0
SrLaTiSbO6,OQMD,1,1.995,1.995,1.995,,0.0
SrLaTiTlO6,OQMD,1,2.2640000000000002,2.2640000000000002,2.2640000000000002,,0.0
SrLaVCdO6,OQMD,1,2.088,2.088,2.088,,0.0
SrLaVCoO6,OQMD,1,1.3039999999999994,1.3039999999999994,1.3039999999999994,,0.0
SrLaVCuO6,OQMD,1,0.41800000000000015,0.41800000000000015,0.41800000000000015,,0.0
SrLaVFeO6,OQMD,1,0.8680000000000003,0.8680000000000003,0.8680000000000003,,0.0
SrLaVNiO6,OQMD,1,1.899,1.899,1.899,,0.0
SrLaVPtO6,OQMD,1,1.2990000000000004,1.2990000000000004,1.2990000000000004,,0.0
SrLaVZnO6,OQMD,1,2.093,2.093,2.093,,0.0
SrLaZrAuO6,OQMD,1,0.39699999999999935,0.39699999999999935,0.39699999999999935,,0.0
SrLaZrBiO6,OQMD,1,2.9410000000000007,2.9410000000000007,2.9410000000000007,,0.0
SrLaZrCoO6,OQMD,1,1.2030000000000003,1.2030000000000003,1.2030000000000003,,0.0
SrLaZrFeO6,OQMD,1,2.207,2.207,2.207,,0.0
SrLaZrIrO6,OQMD,1,1.798,1.798,1.798,,0.0
SrLaZrMnO6,OQMD,1,0.9969999999999999,0.9969999999999999,0.9969999999999999,,0.0
SrLaZrRhO6,OQMD,1,1.6029999999999998,1.6029999999999998,1.6029999999999998,,0.0
SrLaZrSbO6,OQMD,1,2.7279999999999998,2.7279999999999998,2.7279999999999998,,0.0
SrLaZrTlO6,OQMD,1,2.7729999999999997,2.7729999999999997,2.7729999999999997,,0.0
SrLi2Nb2O7,AFLOW,1,1.9486,1.9486,1.9486,,0.0
SrLi2Nb2O7,JARVIS,1,1.511,1.511,1.511,,0.0
SrLi2Nb2O7,MP,2,1.5643,1.4673,1.6613,0.13717871555019018,0.19399999999999995
SrLi2Nb2O7,OQMD,2,1.5709999999999997,1.569,1.5729999999999997,0.002828427124746114,0.0039999999999997815
SrLi2Sb2O7,OQMD,1,0.7669999999999995,0.7669999999999995,0.7669999999999995,,0.0
SrLi2Ta2O7,AFLOW,4,2.4196999999999997,2.4182,2.5345,0.05766734344496894,0.11629999999999985
SrLi2Ta2O7,JARVIS,1,2.21,2.21,2.21,,0.0
SrLi2Ta2O7,MP,2,2.2184999999999997,2.1666,2.2704,0.07339768388716386,0.10380000000000011
SrLi2Ta2O7,OQMD,1,2.364,2.364,2.364,,0.0
SrLi2Ti6O14,AFLOW,1,3.2233,3.2233,3.2233,,0.0
SrLi2Ti6O14,MP,1,2.951999999999999,2.951999999999999,2.951999999999999,,0.0
SrLi2V2O7,OQMD,1,0.5880000000000001,0.5880000000000001,0.5880000000000001,,0.0
SrLuHfAuO6,OQMD,1,1.9810000000000003,1.9810000000000003,1.9810000000000003,,0.0
SrLuHfBiO6,OQMD,1,3.7110000000000003,3.7110000000000003,3.7110000000000003,,0.0
SrLuHfFeO6,OQMD,1,2.467,2.467,2.467,,0.0
SrLuHfMnO6,OQMD,1,1.2360000000000002,1.2360000000000002,1.2360000000000002,,0.0
SrLuMgVO6,OQMD,1,2.135,2.135,2.135,,0.0
SrLuMnVO6,OQMD,1,0.9190000000000005,0.9190000000000005,0.9190000000000005,,0.0
SrLuNbCdO6,OQMD,1,3.5010000000000003,3.5010000000000003,3.5010000000000003,,0.0
SrLuNbCuO6,OQMD,1,0.9169999999999998,0.9169999999999998,0.9169999999999998,,0.0
SrLuNbPdO6,OQMD,1,0.30600000000000005,0.30600000000000005,0.30600000000000005,,0.0
SrLuNbPtO6,OQMD,1,0.9360000000000008,0.9360000000000008,0.9360000000000008,,0.0
SrLuTaCuO6,OQMD,1,0.9550000000000001,0.9550000000000001,0.9550000000000001,,0.0
SrLuTaPdO6,OQMD,1,0.31700000000000017,0.31700000000000017,0.31700000000000017,,0.0
SrLuTaPtO6,OQMD,1,0.32399999999999984,0.32399999999999984,0.32399999999999984,,0.0
SrLuTiAuO6,OQMD,1,1.6350000000000002,1.6350000000000002,1.6350000000000002,,0.0
SrLuTiBiO6,OQMD,1,2.555,2.555,2.555,,0.0
SrLuTiCoO6,OQMD,1,1.0869999999999997,1.0869999999999997,1.0869999999999997,,0.0
SrLuTiFeO6,OQMD,1,1.992,1.992,1.992,,0.0
SrLuTiIrO6,OQMD,1,1.0660000000000007,1.0660000000000007,1.0660000000000007,,0.0
SrLuTiMnO6,OQMD,1,0.45299999999999985,0.45299999999999985,0.45299999999999985,,0.0
SrLuTiNiO6,OQMD,1,0.77,0.77,0.77,,0.0
SrLuTiSbO6,OQMD,1,2.2529999999999992,2.2529999999999992,2.2529999999999992,,0.0
SrLuVCdO6,OQMD,1,1.999,1.999,1.999,,0.0
SrLuVCoO6,OQMD,1,1.5359999999999996,1.5359999999999996,1.5359999999999996,,0.0
SrLuVCuO6,OQMD,1,0.6100000000000003,0.6100000000000003,0.6100000000000003,,0.0
SrLuVFeO6,OQMD,1,1.3829999999999996,1.3829999999999996,1.3829999999999996,,0.0
SrLuVNiO6,OQMD,1,2.0180000000000002,2.0180000000000002,2.0180000000000002,,0.0
SrLuVPtO6,OQMD,1,1.2319999999999993,1.2319999999999993,1.2319999999999993,,0.0
SrLuVZnO6,OQMD,1,2.121,2.121,2.121,,0.0
SrLuZrBiO6,OQMD,1,3.5069999999999997,3.5069999999999997,3.5069999999999997,,0.0
SrLuZrFeO6,OQMD,1,2.5170000000000003,2.5170000000000003,2.5170000000000003,,0.0
SrLuZrIrO6,OQMD,1,1.8899999999999997,1.8899999999999997,1.8899999999999997,,0.0
SrLuZrMnO6,OQMD,1,0.8330000000000002,0.8330000000000002,0.8330000000000002,,0.0
SrMg(SbO3)2,MP,1,2.6685,2.6685,2.6685,,0.0
SrMg(TeO3)2,OQMD,1,3.261,3.261,3.261,,0.0
SrMg3(SnO3)4,OQMD,1,2.5949999999999998,2.5949999999999998,2.5949999999999998,,0.0
SrMg3Al2V2O12,OQMD,2,1.3850000000000002,1.3849999999999998,1.3850000000000007,6.280369834735101e-16,8.881784197001252e-16
SrMg3Cr3WO12,OQMD,1,0.351,0.351,0.351,,0.0
SrMg3Mn(FeO4)3,OQMD,1,0.8050000000000002,0.8050000000000002,0.8050000000000002,,0.0
SrMg3MnCr3O12,OQMD,1,0.7589999999999999,0.7589999999999999,0.7589999999999999,,0.0
SrMg3Sb2O9,OQMD,1,1.2859999999999996,1.2859999999999996,1.2859999999999996,,0.0
SrMg3Ti(CoO4)3,OQMD,1,0.4710000000000001,0.4710000000000001,0.4710000000000001,,0.0
SrMg3Ti2Mn2O12,OQMD,2,1.5145000000000004,1.5140000000000002,1.5150000000000006,0.0007071067811867837,0.001000000000000334
SrMg3Ti3CoO12,OQMD,1,1.234,1.234,1.234,,0.0
SrMg3Ti3MnO12,OQMD,1,0.3019999999999996,0.3019999999999996,0.3019999999999996,,0.0
SrMg3Ti3WO12,OQMD,1,0.5119999999999996,0.5119999999999996,0.5119999999999996,,0.0
SrMg3Ti4O12,OQMD,1,1.9890000000000003,1.9890000000000003,1.9890000000000003,,0.0
SrMg3V2(FeO6)2,OQMD,2,0.9080000000000004,0.9080000000000004,0.9080000000000004,0.0,0.0
SrMg3V2Cr2O12,OQMD,2,1.061,1.061,1.061,0.0,0.0
SrMg3V3CoO12,OQMD,1,0.774,0.774,0.774,,0.0
SrMg3V3CrO12,OQMD,1,0.47799999999999976,0.47799999999999976,0.47799999999999976,,0.0
SrMg3V3FeO12,OQMD,1,0.774,0.774,0.774,,0.0
SrMg3V3MoO12,OQMD,1,0.8049999999999997,0.8049999999999997,0.8049999999999997,,0.0
SrMg3VCr3O12,OQMD,1,0.6240000000000001,0.6240000000000001,0.6240000000000001,,0.0
SrMg3Zr(WO4)3,OQMD,1,0.6310000000000002,0.6310000000000002,0.6310000000000002,,0.0
SrMg3Zr2Mn2O12,OQMD,2,1.865,1.8649999999999998,1.8650000000000002,3.1401849173675503e-16,4.440892098500626e-16
SrMg3Zr2Ti2O12,OQMD,2,1.6350000000000002,1.6340000000000003,1.6360000000000001,0.0014142135623729393,0.0019999999999997797
SrMg3Zr3CrO12,OQMD,1,1.427,1.427,1.427,,0.0
SrMg3Zr3TiO12,OQMD,1,1.4380000000000002,1.4380000000000002,1.4380000000000002,,0.0
SrMg3Zr3VO12,OQMD,1,1.2309999999999999,1.2309999999999999,1.2309999999999999,,0.0
SrMg3Zr4O12,OQMD,1,1.4260000000000002,1.4260000000000002,1.4260000000000002,,0.0
SrMg3ZrTi3O12,OQMD,1,2.226,2.226,2.226,,0.0
SrMg3ZrV3O12,OQMD,1,1.423,1.423,1.423,,0.0
SrMgScVO6,OQMD,1,2.261,2.261,2.261,,0.0
SrMn(BO3)2,OQMD,2,1.8715000000000002,1.796,1.947,0.10677312395916877,0.15100000000000002
SrMn(CO3)2,OQMD,1,3.906,3.906,3.906,,0.0
SrMn(GeO3)2,MP,1,1.5991,1.5991,1.5991,,0.0
SrMn(GeO3)2,OQMD,1,1.8440000000000003,1.8440000000000003,1.8440000000000003,,0.0
SrMn(SeO3)2,MP,1,3.4451,3.4451,3.4451,,0.0
SrMn2(PO4)2,AFLOW,1,3.3354,3.3354,3.3354,,0.0
SrMn2(PO4)2,MP,1,3.4677000000000002,3.4677000000000002,3.4677000000000002,,0.0
SrMn2(PO4)2,OQMD,1,3.857,3.857,3.857,,0.0
SrMn2BiO6,MP,1,0.8914000000000001,0.8914000000000001,0.8914000000000001,,0.0
SrMn2V2O8,MP,1,2.0316,2.0316,2.0316,,0.0
SrMn3(SnO3)4,OQMD,1,0.633,0.633,0.633,,0.0
SrMnAl2O6,OQMD,1,2.683,2.683,2.683,,0.0
SrMnO3,OQMD,11,1.08,0.46099999999999985,1.791,0.47117497232498945,1.33
SrMo(PbO3)2,OQMD,5,1.6510000000000002,1.3159999999999998,1.8199999999999998,0.18333793933607961,0.504
SrMoO3,OQMD,4,0.323,0.31899999999999995,0.638,0.15817790616897168,0.31900000000000006
SrNb2(PbO3)3,OQMD,1,2.667,2.667,2.667,,0.0
SrNb2(SnO3)3,OQMD,1,2.3669999999999995,2.3669999999999995,2.3669999999999995,,0.0
SrNb3NO7,JARVIS,1,1.514,1.514,1.514,,0.0
SrNb3NO7,MP,1,1.5964,1.5964,1.5964,,0.0
SrNbO3,OQMD,2,0.5970000000000002,0.5940000000000003,0.6,0.004242640687119093,0.005999999999999672
SrNd2MnO6,OQMD,1,2.2390000000000003,2.2390000000000003,2.2390000000000003,,0.0
SrNd2MoO6,OQMD,1,0.6890000000000001,0.6890000000000001,0.6890000000000001,,0.0
SrNd2ReO6,OQMD,2,0.7760000000000002,0.6930000000000005,0.859,0.11737972567696651,0.16599999999999948
SrNd2RuO6,OQMD,1,0.3440000000000003,0.3440000000000003,0.3440000000000003,,0.0
SrNd2Sc2O7,OQMD,1,3.971,3.971,3.971,,0.0
SrNd2TeO6,OQMD,2,2.218,2.141,2.295,0.10889444430272825,0.15399999999999991
SrNd2WO6,OQMD,1,0.35299999999999976,0.35299999999999976,0.35299999999999976,,0.0
SrNdAl3O7,JARVIS,1,4.346,4.346,4.346,,0.0
SrNdAl3O7,MP,1,4.277299999999999,4.277299999999999,4.277299999999999,,0.0
SrNdGa3O7,JARVIS,1,3.202,3.202,3.202,,0.0
SrNdHfAuO6,OQMD,1,0.32600000000000007,0.32600000000000007,0.32600000000000007,,0.0
SrNdHfCoO6,OQMD,1,1.1719999999999997,1.1719999999999997,1.1719999999999997,,0.0
SrNdHfFeO6,OQMD,1,2.341,2.341,2.341,,0.0
SrNdHfIrO6,OQMD,1,2.0010000000000003,2.0010000000000003,2.0010000000000003,,0.0
SrNdHfMnO6,OQMD,1,0.9969999999999994,0.9969999999999994,0.9969999999999994,,0.0
SrNdHfNiO6,OQMD,1,0.8529999999999998,0.8529999999999998,0.8529999999999998,,0.0
SrNdHfRhO6,OQMD,1,1.6740000000000004,1.6740000000000004,1.6740000000000004,,0.0
SrNdHfSbO6,OQMD,1,3.0470000000000006,3.0470000000000006,3.0470000000000006,,0.0
SrNdHfTlO6,OQMD,1,2.9350000000000005,2.9350000000000005,2.9350000000000005,,0.0
SrNdMgVO6,OQMD,1,2.2820000000000005,2.2820000000000005,2.2820000000000005,,0.0
SrNdMnVO6,OQMD,1,0.8200000000000003,0.8200000000000003,0.8200000000000003,,0.0
SrNdNbCdO6,OQMD,1,3.5809999999999995,3.5809999999999995,3.5809999999999995,,0.0
SrNdNbCuO6,OQMD,1,0.9819999999999998,0.9819999999999998,0.9819999999999998,,0.0
SrNdNbPtO6,OQMD,1,0.9900000000000002,0.9900000000000002,0.9900000000000002,,0.0
SrNdTaCdO6,OQMD,1,4.097999999999999,4.097999999999999,4.097999999999999,,0.0
SrNdTaCuO6,OQMD,1,1.1550000000000002,1.1550000000000002,1.1550000000000002,,0.0
SrNdTiAuO6,OQMD,1,1.1219999999999999,1.1219999999999999,1.1219999999999999,,0.0
SrNdTiBiO6,OQMD,1,2.3930000000000002,2.3930000000000002,2.3930000000000002,,0.0
SrNdTiCoO6,OQMD,1,1.9409999999999998,1.9409999999999998,1.9409999999999998,,0.0
SrNdTiFeO6,OQMD,1,1.8099999999999996,1.8099999999999996,1.8099999999999996,,0.0
SrNdTiIrO6,OQMD,1,1.1560000000000006,1.1560000000000006,1.1560000000000006,,0.0
SrNdTiMnO6,OQMD,1,0.6529999999999996,0.6529999999999996,0.6529999999999996,,0.0
SrNdTiRhO6,OQMD,1,1.1580000000000004,1.1580000000000004,1.1580000000000004,,0.0
SrNdTiSbO6,OQMD,1,2.0580000000000007,2.0580000000000007,2.0580000000000007,,0.0
SrNdTiTlO6,OQMD,1,2.4010000000000002,2.4010000000000002,2.4010000000000002,,0.0
SrNdVCdO6,OQMD,1,2.2560000000000002,2.2560000000000002,2.2560000000000002,,0.0
SrNdVCoO6,OQMD,1,1.3179999999999996,1.3179999999999996,1.3179999999999996,,0.0
SrNdVCuO6,OQMD,1,0.4939999999999998,0.4939999999999998,0.4939999999999998,,0.0
SrNdVFeO6,OQMD,1,1.3249999999999993,1.3249999999999993,1.3249999999999993,,0.0
SrNdVNiO6,OQMD,1,1.9939999999999998,1.9939999999999998,1.9939999999999998,,0.0
SrNdVPtO6,OQMD,1,1.327,1.327,1.327,,0.0
SrNdVZnO6,OQMD,1,2.121,2.121,2.121,,0.0
SrNdZrBiO6,OQMD,1,3.278,3.278,3.278,,0.0
SrNdZrCoO6,OQMD,1,1.25,1.25,1.25,,0.0
SrNdZrFeO6,OQMD,1,2.292,2.292,2.292,,0.0
SrNdZrIrO6,OQMD,1,1.6659999999999995,1.6659999999999995,1.6659999999999995,,0.0
SrNdZrMnO6,OQMD,1,0.8319999999999999,0.8319999999999999,0.8319999999999999,,0.0
SrNdZrRhO6,OQMD,1,1.6680000000000001,1.6680000000000001,1.6680000000000001,,0.0
SrNdZrSbO6,OQMD,1,2.851,2.851,2.851,,0.0
SrNdZrTlO6,OQMD,1,2.882,2.882,2.882,,0.0
SrNi(CO3)2,OQMD,1,4.022,4.022,4.022,,0.0
SrNi2(AsO4)2,OQMD,1,3.278,3.278,3.278,,0.0
SrNi2(PO4)2,MP,1,3.7853,3.7853,3.7853,,0.0
SrNi2(PO4)2,OQMD,1,4.022,4.022,4.022,,0.0
SrNi2As2O7,OQMD,1,2.508,2.508,2.508,,0.0
SrNi2TeO6,OQMD,6,2.011,1.9939999999999998,2.0120000000000005,0.009048020041239396,0.018000000000000682
SrNi3(PtO3)4,OQMD,1,0.5209999999999999,0.5209999999999999,0.5209999999999999,,0.0
SrNi3(SnO3)4,OQMD,1,2.0839999999999996,2.0839999999999996,2.0839999999999996,,0.0
SrPb2WO6,OQMD,4,2.1775,2.086,2.273,0.09864583113340401,0.18700000000000028
SrPmHfAuO6,OQMD,1,0.5070000000000001,0.5070000000000001,0.5070000000000001,,0.0
SrPmHfCoO6,OQMD,1,1.2129999999999996,1.2129999999999996,1.2129999999999996,,0.0
SrPmHfFeO6,OQMD,1,2.42,2.42,2.42,,0.0
SrPmHfIrO6,OQMD,1,1.9009999999999998,1.9009999999999998,1.9009999999999998,,0.0
SrPmHfMnO6,OQMD,1,1.0330000000000004,1.0330000000000004,1.0330000000000004,,0.0
SrPmHfNiO6,OQMD,1,0.8809999999999998,0.8809999999999998,0.8809999999999998,,0.0
SrPmHfRhO6,OQMD,1,1.7309999999999999,1.7309999999999999,1.7309999999999999,,0.0
SrPmHfTlO6,OQMD,1,2.884,2.884,2.884,,0.0
SrPmMnVO6,OQMD,1,0.8500000000000005,0.8500000000000005,0.8500000000000005,,0.0
SrPmNbCdO6,OQMD,1,3.5460000000000003,3.5460000000000003,3.5460000000000003,,0.0
SrPmNbCuO6,OQMD,1,1.1910000000000003,1.1910000000000003,1.1910000000000003,,0.0
SrPmNbPtO6,OQMD,1,1.0280000000000005,1.0280000000000005,1.0280000000000005,,0.0
SrPmTaCdO6,OQMD,1,4.2459999999999996,4.2459999999999996,4.2459999999999996,,0.0
SrPmTaCuO6,OQMD,1,1.1920000000000002,1.1920000000000002,1.1920000000000002,,0.0
SrPmTaPdO6,OQMD,1,0.3399999999999994,0.3399999999999994,0.3399999999999994,,0.0
SrPmTiAuO6,OQMD,1,0.996,0.996,0.996,,0.0
SrPmTiBiO6,OQMD,1,2.3160000000000003,2.3160000000000003,2.3160000000000003,,0.0
SrPmTiCoO6,OQMD,1,1.8439999999999999,1.8439999999999999,1.8439999999999999,,0.0
SrPmTiFeO6,OQMD,1,1.8809999999999998,1.8809999999999998,1.8809999999999998,,0.0
SrPmTiIrO6,OQMD,1,1.1979999999999995,1.1979999999999995,1.1979999999999995,,0.0
SrPmTiMnO6,OQMD,1,0.5079999999999996,0.5079999999999996,0.5079999999999996,,0.0
SrPmTiRhO6,OQMD,1,1.0270000000000001,1.0270000000000001,1.0270000000000001,,0.0
SrPmTiTlO6,OQMD,1,2.4930000000000003,2.4930000000000003,2.4930000000000003,,0.0
SrPmVCdO6,OQMD,1,2.3339999999999996,2.3339999999999996,2.3339999999999996,,0.0
SrPmVCuO6,OQMD,1,0.5099999999999998,0.5099999999999998,0.5099999999999998,,0.0
SrPmVPtO6,OQMD,1,1.2000000000000002,1.2000000000000002,1.2000000000000002,,0.0
SrPmZrAuO6,OQMD,1,0.4129999999999998,0.4129999999999998,0.4129999999999998,,0.0
SrPmZrBiO6,OQMD,1,3.279,3.279,3.279,,0.0
SrPmZrCoO6,OQMD,1,1.251,1.251,1.251,,0.0
SrPmZrFeO6,OQMD,1,2.293,2.293,2.293,,0.0
SrPmZrIrO6,OQMD,1,1.875,1.875,1.875,,0.0
SrPmZrMnO6,OQMD,1,0.6249999999999996,0.6249999999999996,0.6249999999999996,,0.0
SrPmZrRhO6,OQMD,1,1.4610000000000003,1.4610000000000003,1.4610000000000003,,0.0
SrPmZrTlO6,OQMD,1,3.092,3.092,3.092,,0.0
SrPr2Sc2O7,OQMD,1,3.977,3.977,3.977,,0.0
SrPrAl3O7,JARVIS,1,4.531,4.531,4.531,,0.0
SrPrAl3O7,MP,1,4.2972,4.2972,4.2972,,0.0
SrPrGa3O7,JARVIS,1,3.378,3.378,3.378,,0.0
SrPrGa3O7,MP,1,3.2388,3.2388,3.2388,,0.0
SrPrHfCoO6,OQMD,1,1.13,1.13,1.13,,0.0
SrPrHfFeO6,OQMD,1,2.262,2.262,2.262,,0.0
SrPrHfIrO6,OQMD,1,1.9340000000000002,1.9340000000000002,1.9340000000000002,,0.0
SrPrHfMnO6,OQMD,1,0.964,0.964,0.964,,0.0
SrPrHfRhO6,OQMD,1,1.782,1.782,1.782,,0.0
SrPrHfSbO6,OQMD,1,3.0889999999999995,3.0889999999999995,3.0889999999999995,,0.0
SrPrHfTlO6,OQMD,1,2.83,2.83,2.83,,0.0
SrPrMgVO6,OQMD,1,2.2009999999999996,2.2009999999999996,2.2009999999999996,,0.0
SrPrMnVO6,OQMD,1,0.9489999999999998,0.9489999999999998,0.9489999999999998,,0.0
SrPrNbCdO6,OQMD,1,3.4650000000000003,3.4650000000000003,3.4650000000000003,,0.0
SrPrNbCuO6,OQMD,1,1.1050000000000004,1.1050000000000004,1.1050000000000004,,0.0
SrPrNbPtO6,OQMD,1,1.597,1.597,1.597,,0.0
SrPrTaCdO6,OQMD,1,4.119,4.119,4.119,,0.0
SrPrTaCuO6,OQMD,1,1.1139999999999999,1.1139999999999999,1.1139999999999999,,0.0
SrPrTaPdO6,OQMD,1,0.3180000000000005,0.3180000000000005,0.3180000000000005,,0.0
SrPrTiBiO6,OQMD,1,2.458,2.458,2.458,,0.0
SrPrTiCoO6,OQMD,1,1.871,1.871,1.871,,0.0
SrPrTiFeO6,OQMD,1,1.7510000000000003,1.7510000000000003,1.7510000000000003,,0.0
SrPrTiIrO6,OQMD,1,1.2759999999999998,1.2759999999999998,1.2759999999999998,,0.0
SrPrTiMnO6,OQMD,1,0.7869999999999995,0.7869999999999995,0.7869999999999995,,0.0
SrPrTiRhO6,OQMD,1,1.1179999999999994,1.1179999999999994,1.1179999999999994,,0.0
SrPrTiSbO6,OQMD,1,1.9820000000000002,1.9820000000000002,1.9820000000000002,,0.0
SrPrTiTlO6,OQMD,1,2.312,2.312,2.312,,0.0
SrPrVCdO6,OQMD,1,2.176,2.176,2.176,,0.0
SrPrVCoO6,OQMD,1,1.2730000000000006,1.2730000000000006,1.2730000000000006,,0.0
SrPrVCuO6,OQMD,1,0.476,0.476,0.476,,0.0
SrPrVFeO6,OQMD,1,1.1180000000000003,1.1180000000000003,1.1180000000000003,,0.0
SrPrVNiO6,OQMD,1,1.9259999999999997,1.9259999999999997,1.9259999999999997,,0.0
SrPrVPtO6,OQMD,1,1.2800000000000002,1.2800000000000002,1.2800000000000002,,0.0
SrPrVZnO6,OQMD,1,2.051,2.051,2.051,,0.0
SrPrZrAuO6,OQMD,1,0.4119999999999999,0.4119999999999999,0.4119999999999999,,0.0
SrPrZrBiO6,OQMD,1,3.277,3.277,3.277,,0.0
SrPrZrCoO6,OQMD,1,1.2499999999999996,1.2499999999999996,1.2499999999999996,,0.0
SrPrZrFeO6,OQMD,1,2.292,2.292,2.292,,0.0
SrPrZrIrO6,OQMD,1,1.6669999999999998,1.6669999999999998,1.6669999999999998,,0.0
SrPrZrMnO6,OQMD,1,0.8319999999999999,0.8319999999999999,0.8319999999999999,,0.0
SrPrZrRhO6,OQMD,1,1.46,1.46,1.46,,0.0
SrPrZrSbO6,OQMD,1,2.8440000000000003,2.8440000000000003,2.8440000000000003,,0.0
SrPrZrTlO6,OQMD,1,2.881,2.881,2.881,,0.0
SrRe(BO3)2,OQMD,1,1.218,1.218,1.218,,0.0
SrReO3,OQMD,3,0.460000000000001,0.46,0.6069999999999998,0.08487048957087456,0.14699999999999974
SrRuO3,OQMD,3,0.5910000000000002,0.45299999999999985,0.598,0.0817700026497086,0.14500000000000013
SrSb2(PbO3)3,OQMD,1,1.9029999999999996,1.9029999999999996,1.9029999999999996,,0.0
SrScMnVO6,OQMD,1,1.0350000000000001,1.0350000000000001,1.0350000000000001,,0.0
SrScNbCdO6,OQMD,1,3.5289999999999995,3.5289999999999995,3.5289999999999995,,0.0
SrScNbCuO6,OQMD,1,1.237,1.237,1.237,,0.0
SrScNbPtO6,OQMD,1,1.8759999999999994,1.8759999999999994,1.8759999999999994,,0.0
SrScTaCdO6,OQMD,1,3.9700000000000006,3.9700000000000006,3.9700000000000006,,0.0
SrScTaCuO6,OQMD,1,1.452,1.452,1.452,,0.0
SrScTaPdO6,OQMD,1,0.41800000000000015,0.41800000000000015,0.41800000000000015,,0.0
SrScTaPtO6,OQMD,1,2.1069999999999998,2.1069999999999998,2.1069999999999998,,0.0
SrScTiAsO6,OQMD,1,2.6260000000000003,2.6260000000000003,2.6260000000000003,,0.0
SrScTiAuO6,OQMD,1,1.8159999999999998,1.8159999999999998,1.8159999999999998,,0.0
SrScTiBiO6,OQMD,1,2.814,2.814,2.814,,0.0
SrScTiCoO6,OQMD,1,1.8040000000000003,1.8040000000000003,1.8040000000000003,,0.0
SrScTiFeO6,OQMD,1,2.081,2.081,2.081,,0.0
SrScTiIrO6,OQMD,1,1.2590000000000003,1.2590000000000003,1.2590000000000003,,0.0
SrScTiMnO6,OQMD,1,0.6170000000000004,0.6170000000000004,0.6170000000000004,,0.0
SrScTiRhO6,OQMD,1,1.2610000000000001,1.2610000000000001,1.2610000000000001,,0.0
SrScTiSbO6,OQMD,1,2.404,2.404,2.404,,0.0
SrScTiTlO6,OQMD,1,2.4509999999999996,2.4509999999999996,2.4509999999999996,,0.0
SrScVCdO6,OQMD,1,2.0480000000000005,2.0480000000000005,2.0480000000000005,,0.0
SrScVCoO6,OQMD,1,1.4640000000000004,1.4640000000000004,1.4640000000000004,,0.0
SrScVCuO6,OQMD,1,0.8300000000000005,0.8300000000000005,0.8300000000000005,,0.0
SrScVFeO6,OQMD,1,1.4720000000000004,1.4720000000000004,1.4720000000000004,,0.0
SrScVNiO6,OQMD,1,2.109,2.109,2.109,,0.0
SrScVPtO6,OQMD,1,1.2669999999999995,1.2669999999999995,1.2669999999999995,,0.0
SrScVZnO6,OQMD,1,2.064,2.064,2.064,,0.0
SrSi2NiO6,OQMD,1,4.675000000000001,4.675000000000001,4.675000000000001,,0.0
SrSm2Al2O7,OQMD,1,3.634,3.634,3.634,,0.0
SrSm2Sc2O7,OQMD,1,3.964,3.964,3.964,,0.0
SrSm2TeO6,OQMD,1,2.4770000000000003,2.4770000000000003,2.4770000000000003,,0.0
SrSm2WO6,OQMD,1,0.5410000000000004,0.5410000000000004,0.5410000000000004,,0.0
SrSm3Al3CoO12,OQMD,1,0.7310000000000003,0.7310000000000003,0.7310000000000003,,0.0
SrSm3Fe(WO4)3,OQMD,1,0.3639999999999999,0.3639999999999999,0.3639999999999999,,0.0
SrSm3Mn(CoO4)3,OQMD,1,0.3600000000000001,0.3600000000000001,0.3600000000000001,,0.0
SrSm3Ti3CoO12,OQMD,1,0.355,0.355,0.355,,0.0
SrSm3TiAl3O12,OQMD,1,1.261,1.261,1.261,,0.0
SrSm3V3MoO12,OQMD,1,0.363,0.363,0.363,,0.0
SrSm3Zr3CoO12,OQMD,1,1.52,1.52,1.52,,0.0
SrSm3Zr3CrO12,OQMD,1,0.43299999999999983,0.43299999999999983,0.43299999999999983,,0.0
SrSm3Zr3FeO12,OQMD,1,1.742,1.742,1.742,,0.0
SrSm3Zr3VO12,OQMD,1,0.8699999999999997,0.8699999999999997,0.8699999999999997,,0.0
SrSm3ZrAl3O12,OQMD,1,1.046,1.046,1.046,,0.0
SrSm3ZrMn3O12,OQMD,1,0.43400000000000016,0.43400000000000016,0.43400000000000016,,0.0
SrSmAl3O7,MP,1,4.2408,4.2408,4.2408,,0.0
SrSmGa3O7,MP,1,3.215899999999999,3.215899999999999,3.215899999999999,,0.0
SrSmHfAuO6,OQMD,1,0.3490000000000002,0.3490000000000002,0.3490000000000002,,0.0
SrSmHfCoO6,OQMD,1,1.073,1.073,1.073,,0.0
SrSmHfFeO6,OQMD,1,2.323,2.323,2.323,,0.0
SrSmHfIrO6,OQMD,1,1.9619999999999997,1.9619999999999997,1.9619999999999997,,0.0
SrSmHfMnO6,OQMD,1,1.069,1.069,1.069,,0.0
SrSmHfNiO6,OQMD,1,0.9089999999999998,0.9089999999999998,0.9089999999999998,,0.0
SrSmHfRhO6,OQMD,1,1.6079999999999997,1.6079999999999997,1.6079999999999997,,0.0
SrSmHfSbO6,OQMD,1,3.2640000000000002,3.2640000000000002,3.2640000000000002,,0.0
SrSmHfTlO6,OQMD,1,2.7929999999999997,2.7929999999999997,2.7929999999999997,,0.0
SrSmMgVO6,OQMD,1,2.265,2.265,2.265,,0.0
SrSmMnVO6,OQMD,1,1.0470000000000006,1.0470000000000006,1.0470000000000006,,0.0
SrSmNbCdO6,OQMD,1,3.4899999999999993,3.4899999999999993,3.4899999999999993,,0.0
SrSmNbCuO6,OQMD,1,1.225,1.225,1.225,,0.0
SrSmNbPtO6,OQMD,1,0.883,0.883,0.883,,0.0
SrSmTaCdO6,OQMD,1,4.207000000000001,4.207000000000001,4.207000000000001,,0.0
SrSmTaCuO6,OQMD,1,1.2320000000000002,1.2320000000000002,1.2320000000000002,,0.0
SrSmTiAuO6,OQMD,1,1.0309999999999997,1.0309999999999997,1.0309999999999997,,0.0
SrSmTiBiO6,OQMD,1,2.3930000000000002,2.3930000000000002,2.3930000000000002,,0.0
SrSmTiCoO6,OQMD,1,1.9010000000000002,1.9010000000000002,1.9010000000000002,,0.0
SrSmTiFeO6,OQMD,1,1.9370000000000003,1.9370000000000003,1.9370000000000003,,0.0
SrSmTiIrO6,OQMD,1,1.2349999999999994,1.2349999999999994,1.2349999999999994,,0.0
SrSmTiMnO6,OQMD,1,0.3490000000000002,0.3490000000000002,0.3490000000000002,,0.0
SrSmTiRhO6,OQMD,1,1.061,1.061,1.061,,0.0
SrSmTiSbO6,OQMD,1,2.0409999999999995,2.0409999999999995,2.0409999999999995,,0.0
SrSmTiTlO6,OQMD,1,2.4050000000000002,2.4050000000000002,2.4050000000000002,,0.0
SrSmVCdO6,OQMD,1,2.2439999999999998,2.2439999999999998,2.2439999999999998,,0.0
SrSmVCoO6,OQMD,1,1.4089999999999998,1.4089999999999998,1.4089999999999998,,0.0
SrSmVCuO6,OQMD,1,0.7040000000000002,0.7040000000000002,0.7040000000000002,,0.0
SrSmVFeO6,OQMD,1,1.238,1.238,1.238,,0.0
SrSmVNiO6,OQMD,1,1.9570000000000003,1.9570000000000003,1.9570000000000003,,0.0
SrSmVPtO6,OQMD,1,1.4149999999999991,1.4149999999999991,1.4149999999999991,,0.0
SrSmVZnO6,OQMD,1,2.0959999999999996,2.0959999999999996,2.0959999999999996,,0.0
SrSmZrCoO6,OQMD,1,1.2510000000000003,1.2510000000000003,1.2510000000000003,,0.0
SrSmZrFeO6,OQMD,1,2.2920000000000003,2.2920000000000003,2.2920000000000003,,0.0
SrSmZrIrO6,OQMD,1,1.8759999999999994,1.8759999999999994,1.8759999999999994,,0.0
SrSmZrMnO6,OQMD,1,0.6249999999999996,0.6249999999999996,0.6249999999999996,,0.0
SrSmZrRhO6,OQMD,1,1.4610000000000003,1.4610000000000003,1.4610000000000003,,0.0
SrSmZrSbO6,OQMD,1,3.0519999999999996,3.0519999999999996,3.0519999999999996,,0.0
SrSmZrTlO6,OQMD,1,3.0920000000000005,3.0920000000000005,3.0920000000000005,,0.0
SrSn(BO3)2,AFLOW,1,3.1057,3.1057,3.1057,,0.0
SrSn(BO3)2,JARVIS,1,3.91,3.91,3.91,,0.0
SrSn(BO3)2,MP,1,3.617799999999999,3.617799999999999,3.617799999999999,,0.0
SrSn2TeO6,OQMD,1,2.652,2.652,2.652,,0.0
SrSn2WO6,OQMD,2,1.5609999999999995,1.3849999999999998,1.7369999999999992,0.24890158697766432,0.3519999999999994
SrSn3Sb2O9,OQMD,1,1.7519999999999998,1.7519999999999998,1.7519999999999998,,0.0
SrSn4(HgO4)3,OQMD,1,0.3069999999999995,0.3069999999999995,0.3069999999999995,,0.0
SrSn4(PdO4)3,OQMD,1,0.9170000000000007,0.9170000000000007,0.9170000000000007,,0.0
SrSn4(PtO4)3,OQMD,1,0.4770000000000003,0.4770000000000003,0.4770000000000003,,0.0
SrSnO3,OQMD,19,2.116,1.174,3.02,0.4649810409264582,1.846
SrTa2Ag2O7,OQMD,1,1.4420000000000002,1.4420000000000002,1.4420000000000002,,0.0
SrTa2H2O7,JARVIS,1,2.228,2.228,2.228,,0.0
SrTa2H2O7,MP,1,2.2398,2.2398,2.2398,,0.0
SrTa2In2O7,OQMD,1,0.9950000000000001,0.9950000000000001,0.9950000000000001,,0.0
SrTa2Tl2O7,OQMD,1,1.7569999999999997,1.7569999999999997,1.7569999999999997,,0.0
SrTaO3,OQMD,3,0.47,0.31,1.097,0.4159523209856309,0.7869999999999999
SrTb2Al2O7,OQMD,1,4.118,4.118,4.118,,0.0
SrTb2Fe2O7,AFLOW,1,0.8506,0.8506,0.8506,,0.0
SrTb2Fe2O7,MP,1,1.1701,1.1701,1.1701,,0.0
SrTb2Sc2O7,MP,1,3.4884,3.4884,3.4884,,0.0
SrTb2Sc2O7,OQMD,1,3.751,3.751,3.751,,0.0
SrTbHfCoO6,OQMD,1,1.0899999999999999,1.0899999999999999,1.0899999999999999,,0.0
SrTbHfFeO6,OQMD,1,2.315,2.315,2.315,,0.0
SrTbHfIrO6,OQMD,1,2.021,2.021,2.021,,0.0
SrTbHfMnO6,OQMD,1,1.084,1.084,1.084,,0.0
SrTbHfNiO6,OQMD,1,0.9500000000000002,0.9500000000000002,0.9500000000000002,,0.0
SrTbHfRhO6,OQMD,1,1.5599999999999996,1.5599999999999996,1.5599999999999996,,0.0
SrTbHfSbO6,OQMD,1,3.1979999999999995,3.1979999999999995,3.1979999999999995,,0.0
SrTbHfTlO6,OQMD,1,2.7490000000000006,2.7490000000000006,2.7490000000000006,,0.0
SrTbMgVO6,OQMD,1,2.2739999999999996,2.2739999999999996,2.2739999999999996,,0.0
SrTbMnVO6,OQMD,1,0.9189999999999996,0.9189999999999996,0.9189999999999996,,0.0
SrTbNbCdO6,OQMD,1,3.5040000000000004,3.5040000000000004,3.5040000000000004,,0.0
SrTbNbCuO6,OQMD,1,1.2149999999999999,1.2149999999999999,1.2149999999999999,,0.0
SrTbNbPtO6,OQMD,1,0.617,0.617,0.617,,0.0
SrTbSc2O6,OQMD,1,3.057,3.057,3.057,,0.0
SrTbTaCdO6,OQMD,1,4.281999999999999,4.281999999999999,4.281999999999999,,0.0
SrTbTaCuO6,OQMD,1,1.2679999999999998,1.2679999999999998,1.2679999999999998,,0.0
SrTbTaPdO6,OQMD,1,0.3169999999999997,0.3169999999999997,0.3169999999999997,,0.0
SrTbTiAuO6,OQMD,1,0.8959999999999999,0.8959999999999999,0.8959999999999999,,0.0
SrTbTiBiO6,OQMD,1,2.3970000000000002,2.3970000000000002,2.3970000000000002,,0.0
SrTbTiCoO6,OQMD,1,0.9210000000000003,0.9210000000000003,0.9210000000000003,,0.0
SrTbTiFeO6,OQMD,1,1.9889999999999999,1.9889999999999999,1.9889999999999999,,0.0
SrTbTiIrO6,OQMD,1,1.2199999999999998,1.2199999999999998,1.2199999999999998,,0.0
SrTbTiMnO6,OQMD,1,0.45500000000000007,0.45500000000000007,0.45500000000000007,,0.0
SrTbTiRhO6,OQMD,1,1.0659999999999998,1.0659999999999998,1.0659999999999998,,0.0
SrTbTiSbO6,OQMD,1,2.093,2.093,2.093,,0.0
SrTbTiTlO6,OQMD,1,2.5400000000000005,2.5400000000000005,2.5400000000000005,,0.0
SrTbVCdO6,OQMD,1,2.2649999999999997,2.2649999999999997,2.2649999999999997,,0.0
SrTbVCoO6,OQMD,1,1.3810000000000002,1.3810000000000002,1.3810000000000002,,0.0
SrTbVCuO6,OQMD,1,0.6110000000000002,0.6110000000000002,0.6110000000000002,,0.0
SrTbVFeO6,OQMD,1,1.2170000000000005,1.2170000000000005,1.2170000000000005,,0.0
SrTbVNiO6,OQMD,1,2.012,2.012,2.012,,0.0
SrTbVPtO6,OQMD,1,1.3790000000000004,1.3790000000000004,1.3790000000000004,,0.0
SrTbVZnO6,OQMD,1,2.1250000000000004,2.1250000000000004,2.1250000000000004,,0.0
SrTbZrBiO6,OQMD,1,3.4930000000000003,3.4930000000000003,3.4930000000000003,,0.0
SrTbZrCoO6,OQMD,1,1.2530000000000006,1.2530000000000006,1.2530000000000006,,0.0
SrTbZrFeO6,OQMD,1,2.5060000000000002,2.5060000000000002,2.5060000000000002,,0.0
SrTbZrIrO6,OQMD,1,1.8780000000000001,1.8780000000000001,1.8780000000000001,,0.0
SrTbZrMnO6,OQMD,1,0.8349999999999995,0.8349999999999995,0.8349999999999995,,0.0
SrTbZrNiO6,OQMD,1,1.0459999999999998,1.0459999999999998,1.0459999999999998,,0.0
SrTbZrRhO6,OQMD,1,1.6710000000000003,1.6710000000000003,1.6710000000000003,,0.0
SrTbZrSbO6,OQMD,1,3.058,3.058,3.058,,0.0
SrTbZrTlO6,OQMD,1,2.894,2.894,2.894,,0.0
SrTe(PbO3)2,OQMD,4,2.5725,2.482,3.122,0.296440409975878,0.6399999999999997
SrTeO3,OQMD,16,2.138,0.2939999999999996,3.793,1.4197951260657293,3.4990000000000006
SrTi(BO3)2,OQMD,2,2.9585,2.958,2.959,0.0007071067811866267,0.0009999999999998899
SrTi3Al8O19,MP,1,2.6519,2.6519,2.6519,,0.0
SrTi4(CoO4)3,OQMD,1,1.4060000000000001,1.4060000000000001,1.4060000000000001,,0.0
SrTi4(CuO4)3,OQMD,1,1.024,1.024,1.024,,0.0
SrTi4(FeO4)3,OQMD,1,1.5340000000000003,1.5340000000000003,1.5340000000000003,,0.0
SrTi4(HgO4)3,OQMD,1,1.7659999999999996,1.7659999999999996,1.7659999999999996,,0.0
SrTi4(NiO4)3,OQMD,1,2.0180000000000002,2.0180000000000002,2.0180000000000002,,0.0
SrTi4(PdO4)3,OQMD,1,0.5889999999999995,0.5889999999999995,0.5889999999999995,,0.0
SrTi4Cd3O12,OQMD,1,2.214,2.214,2.214,,0.0
SrTi4Cr3O12,OQMD,1,0.9110000000000005,0.9110000000000005,0.9110000000000005,,0.0
SrTi4Zn3O12,OQMD,1,2.209,2.209,2.209,,0.0
SrTiAl2O6,OQMD,1,3.346,3.346,3.346,,0.0
SrTiO3,OQMD,22,2.0105000000000004,1.8040000000000003,3.6209999999999996,0.6408254636730463,1.8169999999999993
SrTmHfAuO6,OQMD,1,1.8399999999999999,1.8399999999999999,1.8399999999999999,,0.0
SrTmHfCoO6,OQMD,1,1.2470000000000003,1.2470000000000003,1.2470000000000003,,0.0
SrTmHfFeO6,OQMD,1,2.319,2.319,2.319,,0.0
SrTmHfIrO6,OQMD,1,2.0230000000000006,2.0230000000000006,2.0230000000000006,,0.0
SrTmHfMnO6,OQMD,1,1.2429999999999999,1.2429999999999999,1.2429999999999999,,0.0
SrTmHfRhO6,OQMD,1,1.5590000000000002,1.5590000000000002,1.5590000000000002,,0.0
SrTmHfSbO6,OQMD,1,3.223,3.223,3.223,,0.0
SrTmHfTlO6,OQMD,1,2.612,2.612,2.612,,0.0
SrTmMgVO6,OQMD,1,2.288,2.288,2.288,,0.0
SrTmMnVO6,OQMD,1,0.9199999999999999,0.9199999999999999,0.9199999999999999,,0.0
SrTmNbCdO6,OQMD,1,3.528,3.528,3.528,,0.0
SrTmNbCuO6,OQMD,1,1.2200000000000002,1.2200000000000002,1.2200000000000002,,0.0
SrTmTaCdO6,OQMD,1,4.15,4.15,4.15,,0.0
SrTmTaCuO6,OQMD,1,1.2759999999999998,1.2759999999999998,1.2759999999999998,,0.0
SrTmTaPdO6,OQMD,1,0.4770000000000003,0.4770000000000003,0.4770000000000003,,0.0
SrTmTaPtO6,OQMD,1,0.3229999999999995,0.3229999999999995,0.3229999999999995,,0.0
SrTmTiAuO6,OQMD,1,1.649,1.649,1.649,,0.0
SrTmTiBiO6,OQMD,1,2.563,2.563,2.563,,0.0
SrTmTiCoO6,OQMD,1,1.0750000000000002,1.0750000000000002,1.0750000000000002,,0.0
SrTmTiFeO6,OQMD,1,1.9940000000000002,1.9940000000000002,1.9940000000000002,,0.0
SrTmTiIrO6,OQMD,1,1.0700000000000003,1.0700000000000003,1.0700000000000003,,0.0
SrTmTiMnO6,OQMD,1,0.4580000000000002,0.4580000000000002,0.4580000000000002,,0.0
SrTmTiRhO6,OQMD,1,1.225,1.225,1.225,,0.0
SrTmTiSbO6,OQMD,1,2.1159999999999997,2.1159999999999997,2.1159999999999997,,0.0
SrTmTiTlO6,OQMD,1,2.402,2.402,2.402,,0.0
SrTmVCdO6,OQMD,1,2.1220000000000003,2.1220000000000003,2.1220000000000003,,0.0
SrTmVCoO6,OQMD,1,1.537,1.537,1.537,,0.0
SrTmVCuO6,OQMD,1,0.613,0.613,0.613,,0.0
SrTmVFeO6,OQMD,1,1.3770000000000002,1.3770000000000002,1.3770000000000002,,0.0
SrTmVNiO6,OQMD,1,2.0229999999999997,2.0229999999999997,2.0229999999999997,,0.0
SrTmVPtO6,OQMD,1,1.3860000000000001,1.3860000000000001,1.3860000000000001,,0.0
SrTmVZnO6,OQMD,1,2.145,2.145,2.145,,0.0
SrTmZrAuO6,OQMD,1,1.8719999999999999,1.8719999999999999,1.8719999999999999,,0.0
SrTmZrBiO6,OQMD,1,3.5029999999999997,3.5029999999999997,3.5029999999999997,,0.0
SrTmZrCoO6,OQMD,1,1.4680000000000004,1.4680000000000004,1.4680000000000004,,0.0
SrTmZrFeO6,OQMD,1,2.302,2.302,2.302,,0.0
SrTmZrIrO6,OQMD,1,1.883,1.883,1.883,,0.0
SrTmZrMnO6,OQMD,1,0.8350000000000004,0.8350000000000004,0.8350000000000004,,0.0
SrTmZrRhO6,OQMD,1,1.468,1.468,1.468,,0.0
SrTmZrRuO6,OQMD,1,1.4640000000000004,1.4640000000000004,1.4640000000000004,,0.0
SrTmZrSbO6,OQMD,1,3.069,3.069,3.069,,0.0
SrTmZrTlO6,OQMD,1,2.903,2.903,2.903,,0.0
SrV(BO3)2,OQMD,1,1.4099999999999997,1.4099999999999997,1.4099999999999997,,0.0
SrV(CO3)2,OQMD,1,2.82,2.82,2.82,,0.0
SrV2(CoO4)2,MP,1,2.1884,2.1884,2.1884,,0.0
SrV2(NiO4)2,AFLOW,1,1.6815,1.6815,1.6815,,0.0
SrV2(NiO4)2,MP,1,2.8083,2.8083,2.8083,,0.0
SrV2(NiO4)2,OQMD,1,2.797,2.797,2.797,,0.0
SrV2(SnO3)3,OQMD,1,1.7320000000000002,1.7320000000000002,1.7320000000000002,,0.0
SrV4(NiO4)3,OQMD,1,0.31099999999999994,0.31099999999999994,0.31099999999999994,,0.0
SrV4Zn3O12,OQMD,1,0.30600000000000005,0.30600000000000005,0.30600000000000005,,0.0
SrV5NiO11,MP,1,0.1852,0.1852,0.1852,,0.0
SrVO3,OQMD,8,1.5594999999999999,0.4660000000000002,2.332,0.6204855241778697,1.8659999999999997
SrWO3,OQMD,3,1.1849999999999996,0.344,1.361,0.5435295146846519,1.017
SrYAl3O7,JARVIS,1,4.315,4.315,4.315,,0.0
SrYAl3O7,MP,1,4.1991,4.1991,4.1991,,0.0
SrYGa3O7,JARVIS,1,3.177,3.177,3.177,,0.0
SrYGa3O7,MP,1,3.1775,3.1775,3.1775,,0.0
SrYHfCoO6,OQMD,1,1.2890000000000001,1.2890000000000001,1.2890000000000001,,0.0
SrYHfFeO6,OQMD,1,2.3909999999999996,2.3909999999999996,2.3909999999999996,,0.0
SrYHfIrO6,OQMD,1,2.0230000000000006,2.0230000000000006,2.0230000000000006,,0.0
SrYHfMnO6,OQMD,1,1.092,1.092,1.092,,0.0
SrYHfNiO6,OQMD,1,0.9239999999999999,0.9239999999999999,0.9239999999999999,,0.0
SrYHfRhO6,OQMD,1,1.6559999999999997,1.6559999999999997,1.6559999999999997,,0.0
SrYHfSbO6,OQMD,1,3.3609999999999998,3.3609999999999998,3.3609999999999998,,0.0
SrYHfTlO6,OQMD,1,2.8779999999999997,2.8779999999999997,2.8779999999999997,,0.0
SrYMgVO6,OQMD,1,2.318,2.318,2.318,,0.0
SrYMnVO6,OQMD,1,0.8980000000000006,0.8980000000000006,0.8980000000000006,,0.0
SrYNbCdO6,OQMD,1,3.5999999999999996,3.5999999999999996,3.5999999999999996,,0.0
SrYNbCuO6,OQMD,1,1.0779999999999998,1.0779999999999998,1.0779999999999998,,0.0
SrYNbPtO6,OQMD,1,0.5420000000000007,0.5420000000000007,0.5420000000000007,,0.0
SrYTaCdO6,OQMD,1,4.15,4.15,4.15,,0.0
SrYTaCuO6,OQMD,1,1.2679999999999998,1.2679999999999998,1.2679999999999998,,0.0
SrYTaPdO6,OQMD,1,0.36099999999999977,0.36099999999999977,0.36099999999999977,,0.0
SrYTiAuO6,OQMD,1,0.883,0.883,0.883,,0.0
SrYTiBiO6,OQMD,1,2.638,2.638,2.638,,0.0
SrYTiCoO6,OQMD,1,0.915,0.915,0.915,,0.0
SrYTiFeO6,OQMD,1,1.9829999999999997,1.9829999999999997,1.9829999999999997,,0.0
SrYTiIrO6,OQMD,1,1.2700000000000005,1.2700000000000005,1.2700000000000005,,0.0
SrYTiMnO6,OQMD,1,0.5360000000000005,0.5360000000000005,0.5360000000000005,,0.0
SrYTiRhO6,OQMD,1,1.0899999999999999,1.0899999999999999,1.0899999999999999,,0.0
SrYTiSbO6,OQMD,1,2.2700000000000005,2.2700000000000005,2.2700000000000005,,0.0
SrYTiTlO6,OQMD,1,2.4760000000000004,2.4760000000000004,2.4760000000000004,,0.0
SrYVCdO6,OQMD,1,2.132,2.132,2.132,,0.0
SrYVCoO6,OQMD,1,1.4540000000000002,1.4540000000000002,1.4540000000000002,,0.0
SrYVCuO6,OQMD,1,0.7209999999999996,0.7209999999999996,0.7209999999999996,,0.0
SrYVFeO6,OQMD,1,1.4549999999999996,1.4549999999999996,1.4549999999999996,,0.0
SrYVNiO6,OQMD,1,2.0080000000000005,2.0080000000000005,2.0080000000000005,,0.0
SrYVPtO6,OQMD,1,1.4589999999999996,1.4589999999999996,1.4589999999999996,,0.0
SrYVZnO6,OQMD,1,2.144,2.144,2.144,,0.0
SrYZrAuO6,OQMD,1,1.6440000000000001,1.6440000000000001,1.6440000000000001,,0.0
SrYZrBiO6,OQMD,1,3.2560000000000002,3.2560000000000002,3.2560000000000002,,0.0
SrYZrCoO6,OQMD,1,1.2469999999999999,1.2469999999999999,1.2469999999999999,,0.0
SrYZrFeO6,OQMD,1,2.285,2.285,2.285,,0.0
SrYZrIrO6,OQMD,1,1.87,1.87,1.87,,0.0
SrYZrMnO6,OQMD,1,0.6220000000000003,0.6220000000000003,0.6220000000000003,,0.0
SrYZrNiO6,OQMD,1,0.8340000000000001,0.8340000000000001,0.8340000000000001,,0.0
SrYZrRhO6,OQMD,1,1.6640000000000001,1.6640000000000001,1.6640000000000001,,0.0
SrYZrSbO6,OQMD,1,3.0359999999999996,3.0359999999999996,3.0359999999999996,,0.0
SrYZrTlO6,OQMD,1,2.87,2.87,2.87,,0.0
SrYbCr2O6,OQMD,1,0.604,0.604,0.604,,0.0
SrYbHf2O6,OQMD,2,4.149,3.862,4.436,0.4058792924010782,0.5739999999999998
SrYbTi2O6,OQMD,2,2.0875,1.845,2.33,0.3429467888754757,0.4850000000000001
SrYbZr2O6,OQMD,2,3.6595,3.432,3.887,0.3217335854398792,0.45500000000000007
SrZn(CO3)2,OQMD,1,4.315,4.315,4.315,,0.0
SrZn(SeO3)2,AFLOW,1,4.3308,4.3308,4.3308,,0.0
SrZn(SeO3)2,JARVIS,1,4.324,4.324,4.324,,0.0
SrZn(SeO3)2,MP,1,4.3597,4.3597,4.3597,,0.0
SrZn2(AsO4)2,AFLOW,1,3.1638,3.1638,3.1638,,0.0
SrZn2(AsO4)2,MP,1,3.0527,3.0527,3.0527,,0.0
SrZn2(PO4)2,AFLOW,1,4.4318,4.4318,4.4318,,0.0
SrZn2(PO4)2,MP,1,4.1385,4.1385,4.1385,,0.0
SrZn2Fe16O27,MP,1,0.9205999999999991,0.9205999999999991,0.9205999999999991,,0.0
SrZn3(SnO3)4,OQMD,1,1.5570000000000004,1.5570000000000004,1.5570000000000004,,0.0
SrZr(BO3)2,OQMD,2,4.891,4.773,5.009,0.16687720036002568,0.23600000000000065
SrZr(CoO3)2,OQMD,1,0.6909999999999998,0.6909999999999998,0.6909999999999998,,0.0
SrZr2SnO6,MP,2,2.5928999999999993,2.360499999999999,2.8253,0.32866323189550767,0.46480000000000077
SrZr4(CuO4)3,OQMD,1,1.483,1.483,1.483,,0.0
SrZrAl2O6,OQMD,1,4.710000000000001,4.710000000000001,4.710000000000001,,0.0
SrZrO3,OQMD,20,3.7220000000000004,2.707,4.98,0.5272453014439644,2.2730000000000006
SrZrScAuO6,OQMD,1,1.854,1.854,1.854,,0.0
SrZrScBiO6,OQMD,1,3.2829999999999995,3.2829999999999995,3.2829999999999995,,0.0
SrZrScCoO6,OQMD,1,1.2619999999999996,1.2619999999999996,1.2619999999999996,,0.0
SrZrScFeO6,OQMD,1,2.5319999999999996,2.5319999999999996,2.5319999999999996,,0.0
SrZrScIrO6,OQMD,1,1.6879999999999997,1.6879999999999997,1.6879999999999997,,0.0
SrZrScMnO6,OQMD,1,1.673,1.673,1.673,,0.0
SrZrScNiO6,OQMD,1,1.057,1.057,1.057,,0.0
SrZrScRhO6,OQMD,1,1.6880000000000006,1.6880000000000006,1.6880000000000006,,0.0
SrZrScSbO6,OQMD,1,3.0460000000000003,3.0460000000000003,3.0460000000000003,,0.0
Ta2BiO6F,MP,1,2.365199999999999,2.365199999999999,2.365199999999999,,0.0
TaBi(PbO3)2,OQMD,2,2.043,1.8740000000000006,2.2119999999999997,0.2390020920410525,0.3379999999999992
TaCd2BiO6,OQMD,3,2.543,0.627,2.6870000000000003,1.1500284054462888,2.0600000000000005
TaHg2BiO6,OQMD,1,0.315,0.315,0.315,,0.0
TaSn2BiO6,OQMD,1,1.8159999999999998,1.8159999999999998,1.8159999999999998,,0.0
TaZn2BiO6,MP,1,1.8737,1.8737,1.8737,,0.0
TaZn2BiO6,OQMD,1,3.048,3.048,3.048,,0.0
TbCo(BiO3)2,OQMD,1,1.2489999999999997,1.2489999999999997,1.2489999999999997,,0.0
TbMn2BiO6,JARVIS,1,0.202,0.202,0.202,,0.0
TbSn2BiO6,OQMD,1,0.7320000000000002,0.7320000000000002,0.7320000000000002,,0.0
TbY(CoO3)2,OQMD,1,1.019,1.019,1.019,,0.0
TbY(GaO3)2,OQMD,1,3.147,3.147,3.147,,0.0
TbYCr2O6,OQMD,1,1.708,1.708,1.708,,0.0
Te2W(NO4)2,MP,2,0.22665000000000002,0.18300000000000002,0.27030000000000004,0.0617304219975856,0.08730000000000002
Ti12Cu9(BiO18)2,MP,1,0.0659,0.0659,0.0659,,0.0
Ti2AgBiO6,MP,1,1.412,1.412,1.412,,0.0
Ti3Fe3(BiO3)7,MP,1,1.6491999999999991,1.6491999999999991,1.6491999999999991,,0.0
TiBi2OsO6,OQMD,1,0.5940000000000012,0.5940000000000012,0.5940000000000012,,0.0
TiBi2PbO6,OQMD,1,1.7439999999999998,1.7439999999999998,1.7439999999999998,,0.0
TiBi2PtO6,OQMD,2,0.44650000000000034,0.3800000000000008,0.5129999999999999,0.0940452018978102,0.13299999999999912
TiCo(BiO3)2,OQMD,2,1.8369999999999993,1.8339999999999996,1.839999999999999,0.004242640687118818,0.005999999999999339
TiCr(BiO3)2,OQMD,1,0.375,0.375,0.375,,0.0
TiFe(BiO3)2,MP,1,1.260599999999999,1.260599999999999,1.260599999999999,,0.0
TiFe(BiO3)2,OQMD,2,1.5525000000000002,1.4590000000000005,1.646,0.13222896808188395,0.1869999999999994
TiGe(BiO3)2,OQMD,1,1.1230000000000002,1.1230000000000002,1.1230000000000002,,0.0
TiMn(BiO3)2,OQMD,2,1.3429999999999995,1.1209999999999996,1.5649999999999995,0.31395541084682704,0.44399999999999995
TiNi(BiO3)2,OQMD,2,2.2740000000000005,2.1610000000000005,2.3870000000000005,0.15980613254815973,0.22599999999999998
TiSn(BiO3)2,OQMD,1,0.9800000000000004,0.9800000000000004,0.9800000000000004,,0.0
TiTe(PbO3)2,OQMD,6,1.1724999999999999,0.8599999999999994,1.282,0.17828451045075888,0.4220000000000006
TiV(BiO3)2,OQMD,1,0.6239999999999997,0.6239999999999997,0.6239999999999997,,0.0
TiZn(BiO3)2,AFLOW,6,1.3523,0.1127,1.6603,0.5795431640525147,1.5476
TiZn(BiO3)2,JARVIS,11,1.689,0.895,2.048,0.44119678149324704,1.153
TiZn(BiO3)2,MP,5,1.617999999999999,0.9043000000000001,2.8629000000000002,0.735655505654651,1.9586000000000001
TiZn(BiO3)2,OQMD,5,1.827,0.7889999999999997,3.0199999999999996,0.9241316464660216,2.231
TmCo(BiO3)2,OQMD,1,0.9110000000000005,0.9110000000000005,0.9110000000000005,,0.0
TmGe2BiO6,OQMD,1,1.4929999999999999,1.4929999999999999,1.4929999999999999,,0.0
TmMn2BiO6,OQMD,1,0.3900000000000001,0.3900000000000001,0.3900000000000001,,0.0
TmSn2BiO6,OQMD,1,1.3319999999999999,1.3319999999999999,1.3319999999999999,,0.0
V2Bi2Pb2O9,OQMD,2,0.9340000000000002,0.8769999999999998,0.9910000000000005,0.08061017305526696,0.11400000000000077
V2BiAsO6,OQMD,1,0.71,0.71,0.71,,0.0
V2BiPO6,OQMD,1,1.2120000000000006,1.2120000000000006,1.2120000000000006,,0.0
V2Cu3(Bi2O7)2,JARVIS,1,0.105,0.105,0.105,,0.0
VBi(PbO3)2,MP,3,2.6675,2.568699999999999,2.7092,0.07215790554979701,0.14050000000000118
VBi(PbO3)2,OQMD,1,0.7880000000000003,0.7880000000000003,0.7880000000000003,,0.0
VBiO3,OQMD,10,1.0594999999999997,0.451,2.942,0.7315621717332786,2.491
VCd2BiO6,JARVIS,1,2.279,2.279,2.279,,0.0
VCd2BiO6,MP,1,2.248999999999999,2.248999999999999,2.248999999999999,,0.0
VCd2BiO6,OQMD,3,1.5,0.815,2.318,0.7524801215536084,1.5030000000000001
VCo(BiO3)2,OQMD,1,1.5629999999999997,1.5629999999999997,1.5629999999999997,,0.0
VHg2BiO6,OQMD,1,0.577,0.577,0.577,,0.0
VIn(PbO3)2,OQMD,2,1.5249999999999997,1.278,1.7719999999999994,0.349310749906154,0.49399999999999933
VNi(BiO3)2,OQMD,2,1.411,1.279,1.5430000000000001,0.18667619023324872,0.26400000000000023
VSb(PbO3)2,OQMD,3,1.2929999999999993,0.6379999999999999,1.505,0.4519693942440497,0.867
VSi3Bi61O100,MP,1,2.001,2.001,2.001,,0.0
VTe(PbO3)2,OQMD,2,0.9244999999999997,0.6549999999999994,1.194,0.3811305550595495,0.5390000000000006
VZn2BiO6,MP,1,2.7248,2.7248,2.7248,,0.0
VZn2BiO6,OQMD,2,1.913,1.073,2.753,1.1879393923933999,1.6800000000000002
Y2AlCrO6,OQMD,1,3.178,3.178,3.178,,0.0
Y2Be2GeO7,AFLOW,1,4.4935,4.4935,4.4935,,0.0
Y2Be2GeO7,JARVIS,1,4.755,4.755,4.755,,0.0
Y2Be2GeO7,MP,1,4.5479,4.5479,4.5479,,0.0
Y2CoGeO6,OQMD,1,2.6660000000000004,2.6660000000000004,2.6660000000000004,,0.0
Y2CoNiO6,OQMD,1,1.3860000000000006,1.3860000000000006,1.3860000000000006,,0.0
Y2CoPbO6,OQMD,1,1.484,1.484,1.484,,0.0
Y2Cr3(SiO4)3,MP,1,2.2234,2.2234,2.2234,,0.0
Y2CrCoO6,OQMD,1,0.782,0.782,0.782,,0.0
Y2CrFeO6,MP,1,0.42689999999999906,0.42689999999999906,0.42689999999999906,,0.0
Y2CrNiO6,OQMD,1,1.1839999999999997,1.1839999999999997,1.1839999999999997,,0.0
Y2Mg3(GeO4)3,MP,1,3.879399999999999,3.879399999999999,3.879399999999999,,0.0
Y2MgCr2O8,MP,3,1.5707,1.0673,1.6753,0.3250683825494774,0.6080000000000001
Y2MgGeO6,OQMD,1,4.989000000000001,4.989000000000001,4.989000000000001,,0.0
Y2MgMnO6,OQMD,1,2.4310000000000005,2.4310000000000005,2.4310000000000005,,0.0
Y2MgNb2O8,MP,1,0.269499999999999,0.269499999999999,0.269499999999999,,0.0
Y2MgNbO6,OQMD,1,0.5510000000000002,0.5510000000000002,0.5510000000000002,,0.0
Y2MgReO6,OQMD,1,0.7460000000000004,0.7460000000000004,0.7460000000000004,,0.0
Y2MgTaO6,OQMD,1,0.37399999999999967,0.37399999999999967,0.37399999999999967,,0.0
Y2MgTiO6,JARVIS,1,3.213,3.213,3.213,,0.0
Y2MgTiO6,MP,1,3.2132,3.2132,3.2132,,0.0
Y2MgTiO6,OQMD,3,3.2209999999999996,3.0989999999999998,3.2969999999999997,0.09988660237155608,0.19799999999999995
Y2MgV2O7,MP,2,1.4172499999999997,1.4045,1.429999999999999,0.018031222920256152,0.025499999999998968
Y2MgV2O8,MP,2,1.73235,1.6961,1.7686000000000002,0.05126524163602486,0.07250000000000023
Y2MgVO6,OQMD,1,1.6879999999999997,1.6879999999999997,1.6879999999999997,,0.0
Y2MnCdO6,OQMD,1,2.218,2.218,2.218,,0.0
Y2MnFeO6,JARVIS,1,0.124,0.124,0.124,,0.0
Y2MnFeO6,MP,1,0.8599000000000001,0.8599000000000001,0.8599000000000001,,0.0
Y2MnFeO6,OQMD,1,0.9699999999999998,0.9699999999999998,0.9699999999999998,,0.0
Y2MnHgO6,OQMD,1,1.637,1.637,1.637,,0.0
Y2MnZnO6,OQMD,1,1.8660000000000005,1.8660000000000005,1.8660000000000005,,0.0
Y2NiGeO6,OQMD,1,3.745,3.745,3.745,,0.0
Y2TiCrO6,OQMD,1,0.37399999999999967,0.37399999999999967,0.37399999999999967,,0.0
Y2TiNiO6,OQMD,1,3.009,3.009,3.009,,0.0
Y2TiOsO6,OQMD,1,0.7889999999999997,0.7889999999999997,0.7889999999999997,,0.0
Y2TiPbO6,OQMD,1,1.984,1.984,1.984,,0.0
Y2TiSnO6,OQMD,1,1.0830000000000002,1.0830000000000002,1.0830000000000002,,0.0
Y2V3(SiO4)3,MP,1,2.715799999999999,2.715799999999999,2.715799999999999,,0.0
Y2VNiO6,OQMD,1,1.7199999999999998,1.7199999999999998,1.7199999999999998,,0.0
Y3Al3Cr2O12,MP,1,3.5074,3.5074,3.5074,,0.0
Y3Cr2(GaO4)3,MP,1,3.2335,3.2335,3.2335,,0.0
Y3FeO6,OQMD,1,2.941,2.941,2.941,,0.0
Y3Ga(FeO3)4,MP,1,2.1509,2.1509,2.1509,,0.0
Y3Ga3(FeO6)2,MP,1,2.6298,2.6298,2.6298,,0.0
Y3GaO6,OQMD,1,4.03,4.03,4.03,,0.0
Y3MoO6,OQMD,1,1.2970000000000006,1.2970000000000006,1.2970000000000006,,0.0
Y3Sc2Al3O12,AFLOW,1,4.2689,4.2689,4.2689,,0.0
Y3Sc2Al3O12,JARVIS,2,4.461,4.461,4.461,0.0,0.0
Y3Sc2Al3O12,MP,1,4.3759999999999994,4.3759999999999994,4.3759999999999994,,0.0
Y4Mn3NiO12,MP,1,0.5216000000000001,0.5216000000000001,0.5216000000000001,,0.0
Y5Mg(MoO6)2,MP,3,1.140299999999999,0.9251,1.8988,0.5114888366328245,0.9737
Y5Mo2O11,OQMD,1,0.3719999999999999,0.3719999999999999,0.3719999999999999,,0.0
Y6ReO11,OQMD,2,0.8265000000000002,0.5520000000000005,1.101,0.38820162287141424,0.5489999999999995
Y9Er3Al20O48,MP,1,4.5136,4.5136,4.5136,,0.0
Y9Lu3Al20O48,MP,1,4.5394,4.5394,4.5394,,0.0
YAgMo3O8,OQMD,1,1.5340000000000003,1.5340000000000003,1.5340000000000003,,0.0
YAl3(BO3)4,AFLOW,3,5.3541,5.3519,5.3542,0.0013000000000000448,0.0022999999999999687
YAl3(BO3)4,JARVIS,1,5.482,5.482,5.482,,0.0
YAl3(BO3)4,MP,1,5.359,5.359,5.359,,0.0
YAl3(BO3)4,OQMD,1,5.586,5.586,5.586,,0.0
YAl4(CuO4)3,OQMD,1,1.521,1.521,1.521,,0.0
YAl7O12,OQMD,1,3.04,3.04,3.04,,0.0
YAlO3,OQMD,11,4.657,3.314,5.885,0.8328629266244564,2.5709999999999997
YB4(IrO4)3,OQMD,1,1.952,1.952,1.952,,0.0
YB4(MoO4)3,OQMD,1,1.3340000000000005,1.3340000000000005,1.3340000000000005,,0.0
YCd2RuO6,OQMD,1,0.369,0.369,0.369,,0.0
YCd2SbO6,OQMD,4,2.0060000000000002,1.266,2.187,0.43051625985553654,0.9209999999999998
YCo3(BO3)4,OQMD,1,0.9859999999999998,0.9859999999999998,0.9859999999999998,,0.0
YCoO3,OQMD,5,1.6140000000000003,0.794,1.823,0.48896983547045103,1.029
YCr(BO3)2,MP,1,3.2276,3.2276,3.2276,,0.0
YCr(HgO3)2,OQMD,1,0.371,0.371,0.371,,0.0
YCr3(BO3)4,OQMD,1,3.068,3.068,3.068,,0.0
YCr4(CuO4)3,MP,1,0.1077,0.1077,0.1077,,0.0
YCrCd2O6,OQMD,1,0.366,0.366,0.366,,0.0
YCrO3,OQMD,9,2.2559999999999993,1.528,2.872,0.47392776641359363,1.3439999999999999
YCu3(GeO3)4,OQMD,1,2.4899999999999998,2.4899999999999998,2.4899999999999998,,0.0
YEr(FeO3)2,MP,1,1.5885,1.5885,1.5885,,0.0
YEr(GaO3)2,OQMD,1,3.154,3.154,3.154,,0.0
YErAl2O6,MP,1,5.6644,5.6644,5.6644,,0.0
YErCr2O6,OQMD,1,1.701,1.701,1.701,,0.0
YFe3(BO3)4,MP,2,2.3644,2.3577999999999992,2.371,0.009333809511662813,0.013200000000000767
YFe3(BO3)4,OQMD,1,2.3369999999999997,2.3369999999999997,2.3369999999999997,,0.0
YFeO3,OQMD,8,1.149,0.585,2.273,0.5388640830487778,1.6880000000000002
YGa3(BO3)4,JARVIS,1,4.645,4.645,4.645,,0.0
YGa3(BO3)4,MP,1,4.720099999999999,4.720099999999999,4.720099999999999,,0.0
YGa3(BO3)4,OQMD,1,5.01,5.01,5.01,,0.0
YGaO3,OQMD,12,3.9195,2.213,4.311,0.7281099858641904,2.098
YGe2SbO6,OQMD,1,3.2950000000000004,3.2950000000000004,3.2950000000000004,,0.0
YHg2SbO6,OQMD,3,0.910000000000001,0.723,1.625,0.4760598701844127,0.902
YHo(CoO3)2,OQMD,1,0.822,0.822,0.822,,0.0
YHo(GaO3)2,OQMD,1,2.903,2.903,2.903,,0.0
YHoCr2O6,OQMD,1,1.538,1.538,1.538,,0.0
YIrO3,OQMD,3,1.1639999999999997,0.7789999999999999,1.5570000000000004,0.3890068551238314,0.7780000000000005
YMgMo3O8,MP,4,1.3105499999999994,1.0749,1.4928,0.21199095892671113,0.41789999999999994
YMn2AgO6,OQMD,1,0.7410000000000001,0.7410000000000001,0.7410000000000001,,0.0
YMn3Al4O12,OQMD,1,4.018999999999999,4.018999999999999,4.018999999999999,,0.0
YMnO3,OQMD,3,0.379,0.379,0.3799999999999999,0.0005773502691895622,0.0009999999999998899
YNb(HgO3)2,OQMD,2,1.0945,0.725,1.464,0.5225519112968586,0.739
YNb(PbO3)2,OQMD,4,2.4595000000000002,2.284,2.643,0.2010315066517356,0.359
YNb(SnO3)2,OQMD,1,2.104,2.104,2.104,,0.0
YNbCd2O6,OQMD,2,2.005,1.266,2.744,1.0451038225937173,1.4780000000000002
YSb(PbO3)2,JARVIS,1,2.751,2.751,2.751,,0.0
YSb(PbO3)2,MP,2,2.5317,2.2943,2.7691,0.33573429970737284,0.4748000000000001
YSb(PbO3)2,OQMD,8,2.9175000000000004,2.0890000000000004,3.1110000000000007,0.3296131932172273,1.0220000000000002
YTa(GeO3)2,OQMD,1,1.635,1.635,1.635,,0.0
YTa(HgO3)2,OQMD,2,1.096,0.728,1.464,0.520430590953299,0.736
YTa(PbO3)2,OQMD,5,2.354,1.629,3.0869999999999997,0.5319978383414729,1.4579999999999997
YTa(SnO3)2,OQMD,2,1.6485000000000003,1.4720000000000004,1.8250000000000002,0.2496086937588511,0.35299999999999976
YTaCd2O6,OQMD,2,2.0165,1.268,2.765,1.0585388514362617,1.497
YTlMo3O8,OQMD,1,0.5730000000000004,0.5730000000000004,0.5730000000000004,,0.0
YTm(GaO3)2,OQMD,1,2.963,2.963,2.963,,0.0
YTmCr2O6,OQMD,1,1.706,1.706,1.706,,0.0
YV(HgO3)2,OQMD,1,1.464,1.464,1.464,,0.0
YV(PbO3)2,OQMD,3,1.298,1.072,1.6340000000000003,0.28278849575846154,0.5620000000000003
YV2SbO6,OQMD,1,0.5699999999999994,0.5699999999999994,0.5699999999999994,,0.0
YV3(BO3)4,OQMD,1,2.0829999999999997,2.0829999999999997,2.0829999999999997,,0.0
YVCd2O6,OQMD,3,1.824,1.627,1.833,0.11642307904076984,0.20599999999999996
YVO3,OQMD,8,1.4535000000000002,0.40500000000000025,1.823,0.4306197361278941,1.4179999999999997
Yb2GaBiO6,OQMD,1,1.315,1.315,1.315,,0.0
Yb2VBiO6,OQMD,1,3.004,3.004,3.004,,0.0
YbMn4(CuO4)3,JARVIS,1,0.069,0.069,0.069,,0.0
YbNi(BiO3)2,OQMD,2,1.0459999999999998,0.9619999999999997,1.13,0.11879393923934009,0.16800000000000015
YbY2MnO6,OQMD,1,2.6149999999999998,2.6149999999999998,2.6149999999999998,,0.0
Zn2BiAsO6,OQMD,3,2.608,2.598,2.6650000000000005,0.036143233576056186,0.06700000000000061
Zn2BiBrO6,OQMD,1,0.792,0.792,0.792,,0.0
Zn2BiPO6,AFLOW,1,3.2517,3.2517,3.2517,,0.0
Zn2BiPO6,MP,1,2.8081,2.8081,2.8081,,0.0
Zn2BiPO6,OQMD,1,2.7939999999999996,2.7939999999999996,2.7939999999999996,,0.0
Zn2BiSbO6,JARVIS,1,1.116,1.116,1.116,,0.0
Zn2BiSbO6,MP,1,1.0598,1.0598,1.0598,,0.0
Zn2BiSbO6,OQMD,2,2.5330000000000004,2.341,2.725,0.27152900397563434,0.3839999999999999
Zn2BiWO6,MP,2,1.8144999999999996,1.561999999999999,2.067,0.35708892449920737,0.5050000000000012
Zn2CrBiO6,OQMD,3,0.742,0.24299999999999944,0.853,0.32491588655117115,0.6100000000000005
Zn2TeWO6,MP,2,1.1888999999999996,0.43499999999999905,1.9428,1.066175604673077,1.507800000000001
Zn3Ge3(BiO6)2,MP,1,1.7341000000000002,1.7341000000000002,1.7341000000000002,,0.0
Zn3Si3(BiO6)2,JARVIS,1,1.956,1.956,1.956,,0.0
Zn3Si3(BiO6)2,MP,1,2.0979,2.0979,2.0979,,0.0
Zn3Si4(BiO7)2,MP,1,2.4696,2.4696,2.4696,,0.0
Zn4Co5(TeO6)3,MP,1,0.9073000000000001,0.9073000000000001,0.9073000000000001,,0.0
Zn4Cr5(TeO6)3,MP,1,0.16110000000000002,0.16110000000000002,0.16110000000000002,,0.0
Zn4Ni5(TeO6)3,MP,1,1.2647,1.2647,1.2647,,0.0
ZnBi2B2O7,AFLOW,3,2.5933,2.5887,2.5956,0.0035133080327996963,0.00690000000000035
ZnBi2B2O7,JARVIS,1,2.689,2.689,2.689,,0.0
ZnBi2B2O7,MP,1,2.6853,2.6853,2.6853,,0.0
ZnCoTe3O8,MP,1,2.8426,2.8426,2.8426,,0.0
ZnNiTe3O8,JARVIS,1,0.949,0.949,0.949,,0.0
ZnNiTe3O8,MP,1,3.239999999999999,3.239999999999999,3.239999999999999,,0.0
ZrGe(PbO3)2,OQMD,1,2.785,2.785,2.785,,0.0
ZrMn(PbO3)2,OQMD,1,1.4109999999999996,1.4109999999999996,1.4109999999999996,,0.0
ZrTe(PbO3)2,OQMD,1,1.799,1.799,1.799,,0.0
